Category,ExplodedSiteRange,WHOCode,Rollup,Rollup2,SiteRange,HistologyExplode
Lip,0,20010,Oral cavity and pharynx,Oral cavity and pharynx,null,null
Lip,1,20010,Oral cavity and pharynx,Oral cavity and pharynx,null,null
Lip,2,20010,Oral cavity and pharynx,Oral cavity and pharynx,null,null
Lip,3,20010,Oral cavity and pharynx,Oral cavity and pharynx,null,null
Lip,4,20010,Oral cavity and pharynx,Oral cavity and pharynx,null,null
Lip,5,20010,Oral cavity and pharynx,Oral cavity and pharynx,null,null
Lip,6,20010,Oral cavity and pharynx,Oral cavity and pharynx,null,null
Lip,7,20010,Oral cavity and pharynx,Oral cavity and pharynx,null,null
Lip,8,20010,Oral cavity and pharynx,Oral cavity and pharynx,null,null
Lip,9,20010,Oral cavity and pharynx,Oral cavity and pharynx,null,null
Tongue,19,20020,Oral cavity and pharynx,Oral cavity and pharynx,null,null
Tongue,20,20020,Oral cavity and pharynx,Oral cavity and pharynx,null,null
Tongue,21,20020,Oral cavity and pharynx,Oral cavity and pharynx,null,null
Tongue,22,20020,Oral cavity and pharynx,Oral cavity and pharynx,null,null
Tongue,23,20020,Oral cavity and pharynx,Oral cavity and pharynx,null,null
Tongue,24,20020,Oral cavity and pharynx,Oral cavity and pharynx,null,null
Tongue,25,20020,Oral cavity and pharynx,Oral cavity and pharynx,null,null
Tongue,26,20020,Oral cavity and pharynx,Oral cavity and pharynx,null,null
Tongue,27,20020,Oral cavity and pharynx,Oral cavity and pharynx,null,null
Tongue,28,20020,Oral cavity and pharynx,Oral cavity and pharynx,null,null
Tongue,29,20020,Oral cavity and pharynx,Oral cavity and pharynx,null,null
Salivary Gland,79,20030,Oral cavity and pharynx,Oral cavity and pharynx,null,null
Salivary Gland,80,20030,Oral cavity and pharynx,Oral cavity and pharynx,null,null
Salivary Gland,81,20030,Oral cavity and pharynx,Oral cavity and pharynx,null,null
Salivary Gland,82,20030,Oral cavity and pharynx,Oral cavity and pharynx,null,null
Salivary Gland,83,20030,Oral cavity and pharynx,Oral cavity and pharynx,null,null
Salivary Gland,84,20030,Oral cavity and pharynx,Oral cavity and pharynx,null,null
Salivary Gland,85,20030,Oral cavity and pharynx,Oral cavity and pharynx,null,null
Salivary Gland,86,20030,Oral cavity and pharynx,Oral cavity and pharynx,null,null
Salivary Gland,87,20030,Oral cavity and pharynx,Oral cavity and pharynx,null,null
Salivary Gland,88,20030,Oral cavity and pharynx,Oral cavity and pharynx,null,null
Salivary Gland,89,20030,Oral cavity and pharynx,Oral cavity and pharynx,null,null
Floor of Mouth,40,20040,Oral cavity and pharynx,Oral cavity and pharynx,null,null
Floor of Mouth,41,20040,Oral cavity and pharynx,Oral cavity and pharynx,null,null
Floor of Mouth,42,20040,Oral cavity and pharynx,Oral cavity and pharynx,null,null
Floor of Mouth,43,20040,Oral cavity and pharynx,Oral cavity and pharynx,null,null
Floor of Mouth,44,20040,Oral cavity and pharynx,Oral cavity and pharynx,null,null
Floor of Mouth,45,20040,Oral cavity and pharynx,Oral cavity and pharynx,null,null
Floor of Mouth,46,20040,Oral cavity and pharynx,Oral cavity and pharynx,null,null
Floor of Mouth,47,20040,Oral cavity and pharynx,Oral cavity and pharynx,null,null
Floor of Mouth,48,20040,Oral cavity and pharynx,Oral cavity and pharynx,null,null
Floor of Mouth,49,20040,Oral cavity and pharynx,Oral cavity and pharynx,null,null
Gum and Other Mouth,30,20050,Oral cavity and pharynx,Oral cavity and pharynx,null,null
Gum and Other Mouth,31,20050,Oral cavity and pharynx,Oral cavity and pharynx,null,null
Gum and Other Mouth,32,20050,Oral cavity and pharynx,Oral cavity and pharynx,null,null
Gum and Other Mouth,33,20050,Oral cavity and pharynx,Oral cavity and pharynx,null,null
Gum and Other Mouth,34,20050,Oral cavity and pharynx,Oral cavity and pharynx,null,null
Gum and Other Mouth,35,20050,Oral cavity and pharynx,Oral cavity and pharynx,null,null
Gum and Other Mouth,36,20050,Oral cavity and pharynx,Oral cavity and pharynx,null,null
Gum and Other Mouth,37,20050,Oral cavity and pharynx,Oral cavity and pharynx,null,null
Gum and Other Mouth,38,20050,Oral cavity and pharynx,Oral cavity and pharynx,null,null
Gum and Other Mouth,39,20050,Oral cavity and pharynx,Oral cavity and pharynx,null,null
Gum and Other Mouth,50,20050,Oral cavity and pharynx,Oral cavity and pharynx,null,null
Gum and Other Mouth,51,20050,Oral cavity and pharynx,Oral cavity and pharynx,null,null
Gum and Other Mouth,52,20050,Oral cavity and pharynx,Oral cavity and pharynx,null,null
Gum and Other Mouth,53,20050,Oral cavity and pharynx,Oral cavity and pharynx,null,null
Gum and Other Mouth,54,20050,Oral cavity and pharynx,Oral cavity and pharynx,null,null
Gum and Other Mouth,55,20050,Oral cavity and pharynx,Oral cavity and pharynx,null,null
Gum and Other Mouth,56,20050,Oral cavity and pharynx,Oral cavity and pharynx,null,null
Gum and Other Mouth,57,20050,Oral cavity and pharynx,Oral cavity and pharynx,null,null
Gum and Other Mouth,58,20050,Oral cavity and pharynx,Oral cavity and pharynx,null,null
Gum and Other Mouth,59,20050,Oral cavity and pharynx,Oral cavity and pharynx,null,null
Gum and Other Mouth,60,20050,Oral cavity and pharynx,Oral cavity and pharynx,null,null
Gum and Other Mouth,61,20050,Oral cavity and pharynx,Oral cavity and pharynx,null,null
Gum and Other Mouth,62,20050,Oral cavity and pharynx,Oral cavity and pharynx,null,null
Gum and Other Mouth,63,20050,Oral cavity and pharynx,Oral cavity and pharynx,null,null
Gum and Other Mouth,64,20050,Oral cavity and pharynx,Oral cavity and pharynx,null,null
Gum and Other Mouth,65,20050,Oral cavity and pharynx,Oral cavity and pharynx,null,null
Gum and Other Mouth,66,20050,Oral cavity and pharynx,Oral cavity and pharynx,null,null
Gum and Other Mouth,67,20050,Oral cavity and pharynx,Oral cavity and pharynx,null,null
Gum and Other Mouth,68,20050,Oral cavity and pharynx,Oral cavity and pharynx,null,null
Gum and Other Mouth,69,20050,Oral cavity and pharynx,Oral cavity and pharynx,null,null
Nasopharynx,110,20060,Oral cavity and pharynx,Oral cavity and pharynx,null,null
Nasopharynx,111,20060,Oral cavity and pharynx,Oral cavity and pharynx,null,null
Nasopharynx,112,20060,Oral cavity and pharynx,Oral cavity and pharynx,null,null
Nasopharynx,113,20060,Oral cavity and pharynx,Oral cavity and pharynx,null,null
Nasopharynx,114,20060,Oral cavity and pharynx,Oral cavity and pharynx,null,null
Nasopharynx,115,20060,Oral cavity and pharynx,Oral cavity and pharynx,null,null
Nasopharynx,116,20060,Oral cavity and pharynx,Oral cavity and pharynx,null,null
Nasopharynx,117,20060,Oral cavity and pharynx,Oral cavity and pharynx,null,null
Nasopharynx,118,20060,Oral cavity and pharynx,Oral cavity and pharynx,null,null
Nasopharynx,119,20060,Oral cavity and pharynx,Oral cavity and pharynx,null,null
Tonsil,90,20070,Oral cavity and pharynx,Oral cavity and pharynx,null,null
Tonsil,91,20070,Oral cavity and pharynx,Oral cavity and pharynx,null,null
Tonsil,92,20070,Oral cavity and pharynx,Oral cavity and pharynx,null,null
Tonsil,93,20070,Oral cavity and pharynx,Oral cavity and pharynx,null,null
Tonsil,94,20070,Oral cavity and pharynx,Oral cavity and pharynx,null,null
Tonsil,95,20070,Oral cavity and pharynx,Oral cavity and pharynx,null,null
Tonsil,96,20070,Oral cavity and pharynx,Oral cavity and pharynx,null,null
Tonsil,97,20070,Oral cavity and pharynx,Oral cavity and pharynx,null,null
Tonsil,98,20070,Oral cavity and pharynx,Oral cavity and pharynx,null,null
Tonsil,99,20070,Oral cavity and pharynx,Oral cavity and pharynx,null,null
Oropharynx,100,20080,Oral cavity and pharynx,Oral cavity and pharynx,null,null
Oropharynx,101,20080,Oral cavity and pharynx,Oral cavity and pharynx,null,null
Oropharynx,102,20080,Oral cavity and pharynx,Oral cavity and pharynx,null,null
Oropharynx,103,20080,Oral cavity and pharynx,Oral cavity and pharynx,null,null
Oropharynx,104,20080,Oral cavity and pharynx,Oral cavity and pharynx,null,null
Oropharynx,105,20080,Oral cavity and pharynx,Oral cavity and pharynx,null,null
Oropharynx,106,20080,Oral cavity and pharynx,Oral cavity and pharynx,null,null
Oropharynx,107,20080,Oral cavity and pharynx,Oral cavity and pharynx,null,null
Oropharynx,108,20080,Oral cavity and pharynx,Oral cavity and pharynx,null,null
Oropharynx,109,20080,Oral cavity and pharynx,Oral cavity and pharynx,null,null
Hypopharynx,129,20090,Oral cavity and pharynx,Oral cavity and pharynx,null,null
Hypopharynx,130,20090,Oral cavity and pharynx,Oral cavity and pharynx,null,null
Hypopharynx,131,20090,Oral cavity and pharynx,Oral cavity and pharynx,null,null
Hypopharynx,132,20090,Oral cavity and pharynx,Oral cavity and pharynx,null,null
Hypopharynx,133,20090,Oral cavity and pharynx,Oral cavity and pharynx,null,null
Hypopharynx,134,20090,Oral cavity and pharynx,Oral cavity and pharynx,null,null
Hypopharynx,135,20090,Oral cavity and pharynx,Oral cavity and pharynx,null,null
Hypopharynx,136,20090,Oral cavity and pharynx,Oral cavity and pharynx,null,null
Hypopharynx,137,20090,Oral cavity and pharynx,Oral cavity and pharynx,null,null
Hypopharynx,138,20090,Oral cavity and pharynx,Oral cavity and pharynx,null,null
Hypopharynx,139,20090,Oral cavity and pharynx,Oral cavity and pharynx,null,null
Other Oral Cavity and Pharynx,140,20100,Oral cavity and pharynx,Oral cavity and pharynx,null,null
Other Oral Cavity and Pharynx,142,20100,Oral cavity and pharynx,Oral cavity and pharynx,null,null
Other Oral Cavity and Pharynx,148,20100,Oral cavity and pharynx,Oral cavity and pharynx,null,null
Esophagus,150,21010,Digestive system,Digestive system,null,null
Esophagus,151,21010,Digestive system,Digestive system,null,null
Esophagus,152,21010,Digestive system,Digestive system,null,null
Esophagus,153,21010,Digestive system,Digestive system,null,null
Esophagus,154,21010,Digestive system,Digestive system,null,null
Esophagus,155,21010,Digestive system,Digestive system,null,null
Esophagus,156,21010,Digestive system,Digestive system,null,null
Esophagus,157,21010,Digestive system,Digestive system,null,null
Esophagus,158,21010,Digestive system,Digestive system,null,null
Esophagus,159,21010,Digestive system,Digestive system,null,null
Stomach,160,21020,Digestive system,Digestive system,null,null
Stomach,161,21020,Digestive system,Digestive system,null,null
Stomach,162,21020,Digestive system,Digestive system,null,null
Stomach,163,21020,Digestive system,Digestive system,null,null
Stomach,164,21020,Digestive system,Digestive system,null,null
Stomach,165,21020,Digestive system,Digestive system,null,null
Stomach,166,21020,Digestive system,Digestive system,null,null
Stomach,167,21020,Digestive system,Digestive system,null,null
Stomach,168,21020,Digestive system,Digestive system,null,null
Stomach,169,21020,Digestive system,Digestive system,null,null
Small Intestine,170,21030,Digestive system,Digestive system,null,null
Small Intestine,171,21030,Digestive system,Digestive system,null,null
Small Intestine,172,21030,Digestive system,Digestive system,null,null
Small Intestine,173,21030,Digestive system,Digestive system,null,null
Small Intestine,174,21030,Digestive system,Digestive system,null,null
Small Intestine,175,21030,Digestive system,Digestive system,null,null
Small Intestine,176,21030,Digestive system,Digestive system,null,null
Small Intestine,177,21030,Digestive system,Digestive system,null,null
Small Intestine,178,21030,Digestive system,Digestive system,null,null
Small Intestine,179,21030,Digestive system,Digestive system,null,null
Cecum,180,21041,Colon excluding rectum,Colon and rectum,null,null
Appendix,181,21042,Colon excluding rectum,Colon and rectum,null,null
Ascending Colon,182,21043,Colon excluding rectum,Colon and rectum,null,null
Hepatic Flexure,183,21044,Colon excluding rectum,Colon and rectum,null,null
Transverse Colon,184,21045,Colon excluding rectum,Colon and rectum,null,null
Splenic Flexure,185,21046,Colon excluding rectum,Colon and rectum,null,null
Descending Colon,186,21047,Colon excluding rectum,Colon and rectum,null,null
Sigmoid Colon,187,21048,Colon excluding rectum,Colon and rectum,null,null
"Large Intestine, NOS",188,21049,Colon excluding rectum,Colon and rectum,null,null
"Large Intestine, NOS",189,21049,Colon excluding rectum,Colon and rectum,null,null
"Large Intestine, NOS",260,21049,Colon excluding rectum,Colon and rectum,null,null
Rectosigmoid Junction,199,21051,Rectum and Rectosigmoid Junction,Colon and rectum,null,null
Rectum,209,21052,Rectum and Rectosigmoid Junction,Colon and rectum,null,null
"Anus, Anal Canal and Anorectum",210,21060,Rectum and Rectosigmoid Junction,Colon and rectum,null,null
"Anus, Anal Canal and Anorectum",211,21060,Rectum and Rectosigmoid Junction,Colon and rectum,null,null
"Anus, Anal Canal and Anorectum",212,21060,Rectum and Rectosigmoid Junction,Colon and rectum,null,null
"Anus, Anal Canal and Anorectum",218,21060,Rectum and Rectosigmoid Junction,Colon and rectum,null,null
Liver,220,21071,Liver and Intrahepatic Bile Duct,Colon and rectum,null,null
Intrahepatic Bile Duct,221,21072,Liver and Intrahepatic Bile Duct,Colon and rectum,null,null
Gallbladder,239,21080,Liver and Intrahepatic Bile Duct,Colon and rectum,null,null
Other Biliary,240,21090,Liver and Intrahepatic Bile Duct,Colon and rectum,null,null
Other Biliary,241,21090,Liver and Intrahepatic Bile Duct,Colon and rectum,null,null
Other Biliary,242,21090,Liver and Intrahepatic Bile Duct,Colon and rectum,null,null
Other Biliary,243,21090,Liver and Intrahepatic Bile Duct,Colon and rectum,null,null
Other Biliary,244,21090,Liver and Intrahepatic Bile Duct,Colon and rectum,null,null
Other Biliary,245,21090,Liver and Intrahepatic Bile Duct,Colon and rectum,null,null
Other Biliary,246,21090,Liver and Intrahepatic Bile Duct,Colon and rectum,null,null
Other Biliary,247,21090,Liver and Intrahepatic Bile Duct,Colon and rectum,null,null
Other Biliary,248,21090,Liver and Intrahepatic Bile Duct,Colon and rectum,null,null
Other Biliary,249,21090,Liver and Intrahepatic Bile Duct,Colon and rectum,null,null
Pancreas,250,21100,Liver and Intrahepatic Bile Duct,Colon and rectum,null,null
Pancreas,251,21100,Liver and Intrahepatic Bile Duct,Colon and rectum,null,null
Pancreas,252,21100,Liver and Intrahepatic Bile Duct,Colon and rectum,null,null
Pancreas,253,21100,Liver and Intrahepatic Bile Duct,Colon and rectum,null,null
Pancreas,254,21100,Liver and Intrahepatic Bile Duct,Colon and rectum,null,null
Pancreas,255,21100,Liver and Intrahepatic Bile Duct,Colon and rectum,null,null
Pancreas,256,21100,Liver and Intrahepatic Bile Duct,Colon and rectum,null,null
Pancreas,257,21100,Liver and Intrahepatic Bile Duct,Colon and rectum,null,null
Pancreas,258,21100,Liver and Intrahepatic Bile Duct,Colon and rectum,null,null
Pancreas,259,21100,Liver and Intrahepatic Bile Duct,Colon and rectum,null,null
Retroperitoneum,480,21110,Liver and Intrahepatic Bile Duct,Colon and rectum,null,null
"Peritoneum, Omentum and Mesentery",481,21120,Liver and Intrahepatic Bile Duct,Colon and rectum,null,null
"Peritoneum, Omentum and Mesentery",482,21120,Liver and Intrahepatic Bile Duct,Colon and rectum,null,null
Other Digestive Organs,268,21130,Liver and Intrahepatic Bile Duct,Colon and rectum,null,null
Other Digestive Organs,269,21130,Liver and Intrahepatic Bile Duct,Colon and rectum,null,null
Other Digestive Organs,488,21130,Liver and Intrahepatic Bile Duct,Colon and rectum,null,null
"Nose, Nasal Cavity and Middle Ear",300,22010,Respiratory system,Respiratory system,null,null
"Nose, Nasal Cavity and Middle Ear",301,22010,Respiratory system,Respiratory system,null,null
"Nose, Nasal Cavity and Middle Ear",310,22010,Respiratory system,Respiratory system,null,null
"Nose, Nasal Cavity and Middle Ear",311,22010,Respiratory system,Respiratory system,null,null
"Nose, Nasal Cavity and Middle Ear",312,22010,Respiratory system,Respiratory system,null,null
"Nose, Nasal Cavity and Middle Ear",313,22010,Respiratory system,Respiratory system,null,null
"Nose, Nasal Cavity and Middle Ear",314,22010,Respiratory system,Respiratory system,null,null
"Nose, Nasal Cavity and Middle Ear",315,22010,Respiratory system,Respiratory system,null,null
"Nose, Nasal Cavity and Middle Ear",316,22010,Respiratory system,Respiratory system,null,null
"Nose, Nasal Cavity and Middle Ear",317,22010,Respiratory system,Respiratory system,null,null
"Nose, Nasal Cavity and Middle Ear",318,22010,Respiratory system,Respiratory system,null,null
"Nose, Nasal Cavity and Middle Ear",319,22010,Respiratory system,Respiratory system,null,null
Larynx,320,22020,Respiratory system,Respiratory system,null,null
Larynx,321,22020,Respiratory system,Respiratory system,null,null
Larynx,322,22020,Respiratory system,Respiratory system,null,null
Larynx,323,22020,Respiratory system,Respiratory system,null,null
Larynx,324,22020,Respiratory system,Respiratory system,null,null
Larynx,325,22020,Respiratory system,Respiratory system,null,null
Larynx,326,22020,Respiratory system,Respiratory system,null,null
Larynx,327,22020,Respiratory system,Respiratory system,null,null
Larynx,328,22020,Respiratory system,Respiratory system,null,null
Larynx,329,22020,Respiratory system,Respiratory system,null,null
Lung and Bronchus,340,22030,Respiratory system,Respiratory system,null,null
Lung and Bronchus,341,22030,Respiratory system,Respiratory system,null,null
Lung and Bronchus,342,22030,Respiratory system,Respiratory system,null,null
Lung and Bronchus,343,22030,Respiratory system,Respiratory system,null,null
Lung and Bronchus,344,22030,Respiratory system,Respiratory system,null,null
Lung and Bronchus,345,22030,Respiratory system,Respiratory system,null,null
Lung and Bronchus,346,22030,Respiratory system,Respiratory system,null,null
Lung and Bronchus,347,22030,Respiratory system,Respiratory system,null,null
Lung and Bronchus,348,22030,Respiratory system,Respiratory system,null,null
Lung and Bronchus,349,22030,Respiratory system,Respiratory system,null,null
Pleura,384,22050,Respiratory system,Respiratory system,null,null
"Trachea, Mediastinum and Other Respiratory Organs",339,22060,Respiratory system,Respiratory system,null,null
"Trachea, Mediastinum and Other Respiratory Organs",381,22060,Respiratory system,Respiratory system,null,null
"Trachea, Mediastinum and Other Respiratory Organs",382,22060,Respiratory system,Respiratory system,null,null
"Trachea, Mediastinum and Other Respiratory Organs",383,22060,Respiratory system,Respiratory system,null,null
"Trachea, Mediastinum and Other Respiratory Organs",388,22060,Respiratory system,Respiratory system,null,null
"Trachea, Mediastinum and Other Respiratory Organs",390,22060,Respiratory system,Respiratory system,null,null
"Trachea, Mediastinum and Other Respiratory Organs",398,22060,Respiratory system,Respiratory system,null,null
"Trachea, Mediastinum and Other Respiratory Organs",399,22060,Respiratory system,Respiratory system,null,null
Bones and Joints,400,23000,Bones and Joints,Bones and Joints,null,null
Bones and Joints,401,23000,Bones and Joints,Bones and Joints,null,null
Bones and Joints,402,23000,Bones and Joints,Bones and Joints,null,null
Bones and Joints,403,23000,Bones and Joints,Bones and Joints,null,null
Bones and Joints,404,23000,Bones and Joints,Bones and Joints,null,null
Bones and Joints,405,23000,Bones and Joints,Bones and Joints,null,null
Bones and Joints,406,23000,Bones and Joints,Bones and Joints,null,null
Bones and Joints,407,23000,Bones and Joints,Bones and Joints,null,null
Bones and Joints,408,23000,Bones and Joints,Bones and Joints,null,null
Bones and Joints,409,23000,Bones and Joints,Bones and Joints,null,null
Bones and Joints,410,23000,Bones and Joints,Bones and Joints,null,null
Bones and Joints,411,23000,Bones and Joints,Bones and Joints,null,null
Bones and Joints,412,23000,Bones and Joints,Bones and Joints,null,null
Bones and Joints,413,23000,Bones and Joints,Bones and Joints,null,null
Bones and Joints,414,23000,Bones and Joints,Bones and Joints,null,null
Bones and Joints,415,23000,Bones and Joints,Bones and Joints,null,null
Bones and Joints,416,23000,Bones and Joints,Bones and Joints,null,null
Bones and Joints,417,23000,Bones and Joints,Bones and Joints,null,null
Bones and Joints,418,23000,Bones and Joints,Bones and Joints,null,null
Bones and Joints,419,23000,Bones and Joints,Bones and Joints,null,null
Soft Tissue including Heart,380,24000,Soft Tissue including Heart,Soft Tissue including Heart,null,null
Soft Tissue including Heart,470,24000,Soft Tissue including Heart,Soft Tissue including Heart,null,null
Soft Tissue including Heart,471,24000,Soft Tissue including Heart,Soft Tissue including Heart,null,null
Soft Tissue including Heart,472,24000,Soft Tissue including Heart,Soft Tissue including Heart,null,null
Soft Tissue including Heart,473,24000,Soft Tissue including Heart,Soft Tissue including Heart,null,null
Soft Tissue including Heart,474,24000,Soft Tissue including Heart,Soft Tissue including Heart,null,null
Soft Tissue including Heart,475,24000,Soft Tissue including Heart,Soft Tissue including Heart,null,null
Soft Tissue including Heart,476,24000,Soft Tissue including Heart,Soft Tissue including Heart,null,null
Soft Tissue including Heart,477,24000,Soft Tissue including Heart,Soft Tissue including Heart,null,null
Soft Tissue including Heart,478,24000,Soft Tissue including Heart,Soft Tissue including Heart,null,null
Soft Tissue including Heart,479,24000,Soft Tissue including Heart,Soft Tissue including Heart,null,null
Soft Tissue including Heart,490,24000,Soft Tissue including Heart,Soft Tissue including Heart,null,null
Soft Tissue including Heart,491,24000,Soft Tissue including Heart,Soft Tissue including Heart,null,null
Soft Tissue including Heart,492,24000,Soft Tissue including Heart,Soft Tissue including Heart,null,null
Soft Tissue including Heart,493,24000,Soft Tissue including Heart,Soft Tissue including Heart,null,null
Soft Tissue including Heart,494,24000,Soft Tissue including Heart,Soft Tissue including Heart,null,null
Soft Tissue including Heart,495,24000,Soft Tissue including Heart,Soft Tissue including Heart,null,null
Soft Tissue including Heart,496,24000,Soft Tissue including Heart,Soft Tissue including Heart,null,null
Soft Tissue including Heart,497,24000,Soft Tissue including Heart,Soft Tissue including Heart,null,null
Soft Tissue including Heart,498,24000,Soft Tissue including Heart,Soft Tissue including Heart,null,null
Soft Tissue including Heart,499,24000,Soft Tissue including Heart,Soft Tissue including Heart,null,null
Melanoma of the Skin,440,25010,Skin excluding Basal and Squamous,Skin excluding Basal and Squamous,C440-C449,8790
Melanoma of the Skin,440,25010,Skin excluding Basal and Squamous,Skin excluding Basal and Squamous,C440-C449,8789
Melanoma of the Skin,440,25010,Skin excluding Basal and Squamous,Skin excluding Basal and Squamous,C440-C449,8788
Melanoma of the Skin,440,25010,Skin excluding Basal and Squamous,Skin excluding Basal and Squamous,C440-C449,8787
Melanoma of the Skin,440,25010,Skin excluding Basal and Squamous,Skin excluding Basal and Squamous,C440-C449,8786
Melanoma of the Skin,440,25010,Skin excluding Basal and Squamous,Skin excluding Basal and Squamous,C440-C449,8785
Melanoma of the Skin,440,25010,Skin excluding Basal and Squamous,Skin excluding Basal and Squamous,C440-C449,8784
Melanoma of the Skin,440,25010,Skin excluding Basal and Squamous,Skin excluding Basal and Squamous,C440-C449,8783
Melanoma of the Skin,440,25010,Skin excluding Basal and Squamous,Skin excluding Basal and Squamous,C440-C449,8782
Melanoma of the Skin,440,25010,Skin excluding Basal and Squamous,Skin excluding Basal and Squamous,C440-C449,8781
Melanoma of the Skin,440,25010,Skin excluding Basal and Squamous,Skin excluding Basal and Squamous,C440-C449,8780
Melanoma of the Skin,440,25010,Skin excluding Basal and Squamous,Skin excluding Basal and Squamous,C440-C449,8779
Melanoma of the Skin,440,25010,Skin excluding Basal and Squamous,Skin excluding Basal and Squamous,C440-C449,8778
Melanoma of the Skin,440,25010,Skin excluding Basal and Squamous,Skin excluding Basal and Squamous,C440-C449,8777
Melanoma of the Skin,440,25010,Skin excluding Basal and Squamous,Skin excluding Basal and Squamous,C440-C449,8776
Melanoma of the Skin,440,25010,Skin excluding Basal and Squamous,Skin excluding Basal and Squamous,C440-C449,8775
Melanoma of the Skin,440,25010,Skin excluding Basal and Squamous,Skin excluding Basal and Squamous,C440-C449,8774
Melanoma of the Skin,440,25010,Skin excluding Basal and Squamous,Skin excluding Basal and Squamous,C440-C449,8773
Melanoma of the Skin,440,25010,Skin excluding Basal and Squamous,Skin excluding Basal and Squamous,C440-C449,8772
Melanoma of the Skin,440,25010,Skin excluding Basal and Squamous,Skin excluding Basal and Squamous,C440-C449,8771
Melanoma of the Skin,440,25010,Skin excluding Basal and Squamous,Skin excluding Basal and Squamous,C440-C449,8770
Melanoma of the Skin,440,25010,Skin excluding Basal and Squamous,Skin excluding Basal and Squamous,C440-C449,8769
Melanoma of the Skin,440,25010,Skin excluding Basal and Squamous,Skin excluding Basal and Squamous,C440-C449,8768
Melanoma of the Skin,440,25010,Skin excluding Basal and Squamous,Skin excluding Basal and Squamous,C440-C449,8767
Melanoma of the Skin,440,25010,Skin excluding Basal and Squamous,Skin excluding Basal and Squamous,C440-C449,8766
Melanoma of the Skin,440,25010,Skin excluding Basal and Squamous,Skin excluding Basal and Squamous,C440-C449,8765
Melanoma of the Skin,440,25010,Skin excluding Basal and Squamous,Skin excluding Basal and Squamous,C440-C449,8764
Melanoma of the Skin,440,25010,Skin excluding Basal and Squamous,Skin excluding Basal and Squamous,C440-C449,8763
Melanoma of the Skin,440,25010,Skin excluding Basal and Squamous,Skin excluding Basal and Squamous,C440-C449,8762
Melanoma of the Skin,440,25010,Skin excluding Basal and Squamous,Skin excluding Basal and Squamous,C440-C449,8761
Melanoma of the Skin,440,25010,Skin excluding Basal and Squamous,Skin excluding Basal and Squamous,C440-C449,8760
Melanoma of the Skin,440,25010,Skin excluding Basal and Squamous,Skin excluding Basal and Squamous,C440-C449,8759
Melanoma of the Skin,440,25010,Skin excluding Basal and Squamous,Skin excluding Basal and Squamous,C440-C449,8758
Melanoma of the Skin,440,25010,Skin excluding Basal and Squamous,Skin excluding Basal and Squamous,C440-C449,8757
Melanoma of the Skin,440,25010,Skin excluding Basal and Squamous,Skin excluding Basal and Squamous,C440-C449,8756
Melanoma of the Skin,440,25010,Skin excluding Basal and Squamous,Skin excluding Basal and Squamous,C440-C449,8755
Melanoma of the Skin,440,25010,Skin excluding Basal and Squamous,Skin excluding Basal and Squamous,C440-C449,8754
Melanoma of the Skin,440,25010,Skin excluding Basal and Squamous,Skin excluding Basal and Squamous,C440-C449,8753
Melanoma of the Skin,440,25010,Skin excluding Basal and Squamous,Skin excluding Basal and Squamous,C440-C449,8752
Melanoma of the Skin,440,25010,Skin excluding Basal and Squamous,Skin excluding Basal and Squamous,C440-C449,8751
Melanoma of the Skin,440,25010,Skin excluding Basal and Squamous,Skin excluding Basal and Squamous,C440-C449,8750
Melanoma of the Skin,440,25010,Skin excluding Basal and Squamous,Skin excluding Basal and Squamous,C440-C449,8749
Melanoma of the Skin,440,25010,Skin excluding Basal and Squamous,Skin excluding Basal and Squamous,C440-C449,8748
Melanoma of the Skin,440,25010,Skin excluding Basal and Squamous,Skin excluding Basal and Squamous,C440-C449,8747
Melanoma of the Skin,440,25010,Skin excluding Basal and Squamous,Skin excluding Basal and Squamous,C440-C449,8746
Melanoma of the Skin,440,25010,Skin excluding Basal and Squamous,Skin excluding Basal and Squamous,C440-C449,8745
Melanoma of the Skin,440,25010,Skin excluding Basal and Squamous,Skin excluding Basal and Squamous,C440-C449,8744
Melanoma of the Skin,440,25010,Skin excluding Basal and Squamous,Skin excluding Basal and Squamous,C440-C449,8743
Melanoma of the Skin,440,25010,Skin excluding Basal and Squamous,Skin excluding Basal and Squamous,C440-C449,8742
Melanoma of the Skin,440,25010,Skin excluding Basal and Squamous,Skin excluding Basal and Squamous,C440-C449,8741
Melanoma of the Skin,440,25010,Skin excluding Basal and Squamous,Skin excluding Basal and Squamous,C440-C449,8740
Melanoma of the Skin,440,25010,Skin excluding Basal and Squamous,Skin excluding Basal and Squamous,C440-C449,8739
Melanoma of the Skin,440,25010,Skin excluding Basal and Squamous,Skin excluding Basal and Squamous,C440-C449,8738
Melanoma of the Skin,440,25010,Skin excluding Basal and Squamous,Skin excluding Basal and Squamous,C440-C449,8737
Melanoma of the Skin,440,25010,Skin excluding Basal and Squamous,Skin excluding Basal and Squamous,C440-C449,8736
Melanoma of the Skin,440,25010,Skin excluding Basal and Squamous,Skin excluding Basal and Squamous,C440-C449,8735
Melanoma of the Skin,440,25010,Skin excluding Basal and Squamous,Skin excluding Basal and Squamous,C440-C449,8734
Melanoma of the Skin,440,25010,Skin excluding Basal and Squamous,Skin excluding Basal and Squamous,C440-C449,8733
Melanoma of the Skin,440,25010,Skin excluding Basal and Squamous,Skin excluding Basal and Squamous,C440-C449,8732
Melanoma of the Skin,440,25010,Skin excluding Basal and Squamous,Skin excluding Basal and Squamous,C440-C449,8731
Melanoma of the Skin,440,25010,Skin excluding Basal and Squamous,Skin excluding Basal and Squamous,C440-C449,8730
Melanoma of the Skin,440,25010,Skin excluding Basal and Squamous,Skin excluding Basal and Squamous,C440-C449,8729
Melanoma of the Skin,440,25010,Skin excluding Basal and Squamous,Skin excluding Basal and Squamous,C440-C449,8728
Melanoma of the Skin,440,25010,Skin excluding Basal and Squamous,Skin excluding Basal and Squamous,C440-C449,8727
Melanoma of the Skin,440,25010,Skin excluding Basal and Squamous,Skin excluding Basal and Squamous,C440-C449,8726
Melanoma of the Skin,440,25010,Skin excluding Basal and Squamous,Skin excluding Basal and Squamous,C440-C449,8725
Melanoma of the Skin,440,25010,Skin excluding Basal and Squamous,Skin excluding Basal and Squamous,C440-C449,8724
Melanoma of the Skin,440,25010,Skin excluding Basal and Squamous,Skin excluding Basal and Squamous,C440-C449,8723
Melanoma of the Skin,440,25010,Skin excluding Basal and Squamous,Skin excluding Basal and Squamous,C440-C449,8722
Melanoma of the Skin,440,25010,Skin excluding Basal and Squamous,Skin excluding Basal and Squamous,C440-C449,8721
Melanoma of the Skin,440,25010,Skin excluding Basal and Squamous,Skin excluding Basal and Squamous,C440-C449,8720
Melanoma of the Skin,441,25010,Skin excluding Basal and Squamous,Skin excluding Basal and Squamous,C440-C449,8790
Melanoma of the Skin,441,25010,Skin excluding Basal and Squamous,Skin excluding Basal and Squamous,C440-C449,8789
Melanoma of the Skin,441,25010,Skin excluding Basal and Squamous,Skin excluding Basal and Squamous,C440-C449,8788
Melanoma of the Skin,441,25010,Skin excluding Basal and Squamous,Skin excluding Basal and Squamous,C440-C449,8787
Melanoma of the Skin,441,25010,Skin excluding Basal and Squamous,Skin excluding Basal and Squamous,C440-C449,8786
Melanoma of the Skin,441,25010,Skin excluding Basal and Squamous,Skin excluding Basal and Squamous,C440-C449,8785
Melanoma of the Skin,441,25010,Skin excluding Basal and Squamous,Skin excluding Basal and Squamous,C440-C449,8784
Melanoma of the Skin,441,25010,Skin excluding Basal and Squamous,Skin excluding Basal and Squamous,C440-C449,8783
Melanoma of the Skin,441,25010,Skin excluding Basal and Squamous,Skin excluding Basal and Squamous,C440-C449,8782
Melanoma of the Skin,441,25010,Skin excluding Basal and Squamous,Skin excluding Basal and Squamous,C440-C449,8781
Melanoma of the Skin,441,25010,Skin excluding Basal and Squamous,Skin excluding Basal and Squamous,C440-C449,8780
Melanoma of the Skin,441,25010,Skin excluding Basal and Squamous,Skin excluding Basal and Squamous,C440-C449,8779
Melanoma of the Skin,441,25010,Skin excluding Basal and Squamous,Skin excluding Basal and Squamous,C440-C449,8778
Melanoma of the Skin,441,25010,Skin excluding Basal and Squamous,Skin excluding Basal and Squamous,C440-C449,8777
Melanoma of the Skin,441,25010,Skin excluding Basal and Squamous,Skin excluding Basal and Squamous,C440-C449,8776
Melanoma of the Skin,441,25010,Skin excluding Basal and Squamous,Skin excluding Basal and Squamous,C440-C449,8775
Melanoma of the Skin,441,25010,Skin excluding Basal and Squamous,Skin excluding Basal and Squamous,C440-C449,8774
Melanoma of the Skin,441,25010,Skin excluding Basal and Squamous,Skin excluding Basal and Squamous,C440-C449,8773
Melanoma of the Skin,441,25010,Skin excluding Basal and Squamous,Skin excluding Basal and Squamous,C440-C449,8772
Melanoma of the Skin,441,25010,Skin excluding Basal and Squamous,Skin excluding Basal and Squamous,C440-C449,8771
Melanoma of the Skin,441,25010,Skin excluding Basal and Squamous,Skin excluding Basal and Squamous,C440-C449,8770
Melanoma of the Skin,441,25010,Skin excluding Basal and Squamous,Skin excluding Basal and Squamous,C440-C449,8769
Melanoma of the Skin,441,25010,Skin excluding Basal and Squamous,Skin excluding Basal and Squamous,C440-C449,8768
Melanoma of the Skin,441,25010,Skin excluding Basal and Squamous,Skin excluding Basal and Squamous,C440-C449,8767
Melanoma of the Skin,441,25010,Skin excluding Basal and Squamous,Skin excluding Basal and Squamous,C440-C449,8766
Melanoma of the Skin,441,25010,Skin excluding Basal and Squamous,Skin excluding Basal and Squamous,C440-C449,8765
Melanoma of the Skin,441,25010,Skin excluding Basal and Squamous,Skin excluding Basal and Squamous,C440-C449,8764
Melanoma of the Skin,441,25010,Skin excluding Basal and Squamous,Skin excluding Basal and Squamous,C440-C449,8763
Melanoma of the Skin,441,25010,Skin excluding Basal and Squamous,Skin excluding Basal and Squamous,C440-C449,8762
Melanoma of the Skin,441,25010,Skin excluding Basal and Squamous,Skin excluding Basal and Squamous,C440-C449,8761
Melanoma of the Skin,441,25010,Skin excluding Basal and Squamous,Skin excluding Basal and Squamous,C440-C449,8760
Melanoma of the Skin,441,25010,Skin excluding Basal and Squamous,Skin excluding Basal and Squamous,C440-C449,8759
Melanoma of the Skin,441,25010,Skin excluding Basal and Squamous,Skin excluding Basal and Squamous,C440-C449,8758
Melanoma of the Skin,441,25010,Skin excluding Basal and Squamous,Skin excluding Basal and Squamous,C440-C449,8757
Melanoma of the Skin,441,25010,Skin excluding Basal and Squamous,Skin excluding Basal and Squamous,C440-C449,8756
Melanoma of the Skin,441,25010,Skin excluding Basal and Squamous,Skin excluding Basal and Squamous,C440-C449,8755
Melanoma of the Skin,441,25010,Skin excluding Basal and Squamous,Skin excluding Basal and Squamous,C440-C449,8754
Melanoma of the Skin,441,25010,Skin excluding Basal and Squamous,Skin excluding Basal and Squamous,C440-C449,8753
Melanoma of the Skin,441,25010,Skin excluding Basal and Squamous,Skin excluding Basal and Squamous,C440-C449,8752
Melanoma of the Skin,441,25010,Skin excluding Basal and Squamous,Skin excluding Basal and Squamous,C440-C449,8751
Melanoma of the Skin,441,25010,Skin excluding Basal and Squamous,Skin excluding Basal and Squamous,C440-C449,8750
Melanoma of the Skin,441,25010,Skin excluding Basal and Squamous,Skin excluding Basal and Squamous,C440-C449,8749
Melanoma of the Skin,441,25010,Skin excluding Basal and Squamous,Skin excluding Basal and Squamous,C440-C449,8748
Melanoma of the Skin,441,25010,Skin excluding Basal and Squamous,Skin excluding Basal and Squamous,C440-C449,8747
Melanoma of the Skin,441,25010,Skin excluding Basal and Squamous,Skin excluding Basal and Squamous,C440-C449,8746
Melanoma of the Skin,441,25010,Skin excluding Basal and Squamous,Skin excluding Basal and Squamous,C440-C449,8745
Melanoma of the Skin,441,25010,Skin excluding Basal and Squamous,Skin excluding Basal and Squamous,C440-C449,8744
Melanoma of the Skin,441,25010,Skin excluding Basal and Squamous,Skin excluding Basal and Squamous,C440-C449,8743
Melanoma of the Skin,441,25010,Skin excluding Basal and Squamous,Skin excluding Basal and Squamous,C440-C449,8742
Melanoma of the Skin,441,25010,Skin excluding Basal and Squamous,Skin excluding Basal and Squamous,C440-C449,8741
Melanoma of the Skin,441,25010,Skin excluding Basal and Squamous,Skin excluding Basal and Squamous,C440-C449,8740
Melanoma of the Skin,441,25010,Skin excluding Basal and Squamous,Skin excluding Basal and Squamous,C440-C449,8739
Melanoma of the Skin,441,25010,Skin excluding Basal and Squamous,Skin excluding Basal and Squamous,C440-C449,8738
Melanoma of the Skin,441,25010,Skin excluding Basal and Squamous,Skin excluding Basal and Squamous,C440-C449,8737
Melanoma of the Skin,441,25010,Skin excluding Basal and Squamous,Skin excluding Basal and Squamous,C440-C449,8736
Melanoma of the Skin,441,25010,Skin excluding Basal and Squamous,Skin excluding Basal and Squamous,C440-C449,8735
Melanoma of the Skin,441,25010,Skin excluding Basal and Squamous,Skin excluding Basal and Squamous,C440-C449,8734
Melanoma of the Skin,441,25010,Skin excluding Basal and Squamous,Skin excluding Basal and Squamous,C440-C449,8733
Melanoma of the Skin,441,25010,Skin excluding Basal and Squamous,Skin excluding Basal and Squamous,C440-C449,8732
Melanoma of the Skin,441,25010,Skin excluding Basal and Squamous,Skin excluding Basal and Squamous,C440-C449,8731
Melanoma of the Skin,441,25010,Skin excluding Basal and Squamous,Skin excluding Basal and Squamous,C440-C449,8730
Melanoma of the Skin,441,25010,Skin excluding Basal and Squamous,Skin excluding Basal and Squamous,C440-C449,8729
Melanoma of the Skin,441,25010,Skin excluding Basal and Squamous,Skin excluding Basal and Squamous,C440-C449,8728
Melanoma of the Skin,441,25010,Skin excluding Basal and Squamous,Skin excluding Basal and Squamous,C440-C449,8727
Melanoma of the Skin,441,25010,Skin excluding Basal and Squamous,Skin excluding Basal and Squamous,C440-C449,8726
Melanoma of the Skin,441,25010,Skin excluding Basal and Squamous,Skin excluding Basal and Squamous,C440-C449,8725
Melanoma of the Skin,441,25010,Skin excluding Basal and Squamous,Skin excluding Basal and Squamous,C440-C449,8724
Melanoma of the Skin,441,25010,Skin excluding Basal and Squamous,Skin excluding Basal and Squamous,C440-C449,8723
Melanoma of the Skin,441,25010,Skin excluding Basal and Squamous,Skin excluding Basal and Squamous,C440-C449,8722
Melanoma of the Skin,441,25010,Skin excluding Basal and Squamous,Skin excluding Basal and Squamous,C440-C449,8721
Melanoma of the Skin,441,25010,Skin excluding Basal and Squamous,Skin excluding Basal and Squamous,C440-C449,8720
Melanoma of the Skin,442,25010,Skin excluding Basal and Squamous,Skin excluding Basal and Squamous,C440-C449,8790
Melanoma of the Skin,442,25010,Skin excluding Basal and Squamous,Skin excluding Basal and Squamous,C440-C449,8789
Melanoma of the Skin,442,25010,Skin excluding Basal and Squamous,Skin excluding Basal and Squamous,C440-C449,8788
Melanoma of the Skin,442,25010,Skin excluding Basal and Squamous,Skin excluding Basal and Squamous,C440-C449,8787
Melanoma of the Skin,442,25010,Skin excluding Basal and Squamous,Skin excluding Basal and Squamous,C440-C449,8786
Melanoma of the Skin,442,25010,Skin excluding Basal and Squamous,Skin excluding Basal and Squamous,C440-C449,8785
Melanoma of the Skin,442,25010,Skin excluding Basal and Squamous,Skin excluding Basal and Squamous,C440-C449,8784
Melanoma of the Skin,442,25010,Skin excluding Basal and Squamous,Skin excluding Basal and Squamous,C440-C449,8783
Melanoma of the Skin,442,25010,Skin excluding Basal and Squamous,Skin excluding Basal and Squamous,C440-C449,8782
Melanoma of the Skin,442,25010,Skin excluding Basal and Squamous,Skin excluding Basal and Squamous,C440-C449,8781
Melanoma of the Skin,442,25010,Skin excluding Basal and Squamous,Skin excluding Basal and Squamous,C440-C449,8780
Melanoma of the Skin,442,25010,Skin excluding Basal and Squamous,Skin excluding Basal and Squamous,C440-C449,8779
Melanoma of the Skin,442,25010,Skin excluding Basal and Squamous,Skin excluding Basal and Squamous,C440-C449,8778
Melanoma of the Skin,442,25010,Skin excluding Basal and Squamous,Skin excluding Basal and Squamous,C440-C449,8777
Melanoma of the Skin,442,25010,Skin excluding Basal and Squamous,Skin excluding Basal and Squamous,C440-C449,8776
Melanoma of the Skin,442,25010,Skin excluding Basal and Squamous,Skin excluding Basal and Squamous,C440-C449,8775
Melanoma of the Skin,442,25010,Skin excluding Basal and Squamous,Skin excluding Basal and Squamous,C440-C449,8774
Melanoma of the Skin,442,25010,Skin excluding Basal and Squamous,Skin excluding Basal and Squamous,C440-C449,8773
Melanoma of the Skin,442,25010,Skin excluding Basal and Squamous,Skin excluding Basal and Squamous,C440-C449,8772
Melanoma of the Skin,442,25010,Skin excluding Basal and Squamous,Skin excluding Basal and Squamous,C440-C449,8771
Melanoma of the Skin,442,25010,Skin excluding Basal and Squamous,Skin excluding Basal and Squamous,C440-C449,8770
Melanoma of the Skin,442,25010,Skin excluding Basal and Squamous,Skin excluding Basal and Squamous,C440-C449,8769
Melanoma of the Skin,442,25010,Skin excluding Basal and Squamous,Skin excluding Basal and Squamous,C440-C449,8768
Melanoma of the Skin,442,25010,Skin excluding Basal and Squamous,Skin excluding Basal and Squamous,C440-C449,8767
Melanoma of the Skin,442,25010,Skin excluding Basal and Squamous,Skin excluding Basal and Squamous,C440-C449,8766
Melanoma of the Skin,442,25010,Skin excluding Basal and Squamous,Skin excluding Basal and Squamous,C440-C449,8765
Melanoma of the Skin,442,25010,Skin excluding Basal and Squamous,Skin excluding Basal and Squamous,C440-C449,8764
Melanoma of the Skin,442,25010,Skin excluding Basal and Squamous,Skin excluding Basal and Squamous,C440-C449,8763
Melanoma of the Skin,442,25010,Skin excluding Basal and Squamous,Skin excluding Basal and Squamous,C440-C449,8762
Melanoma of the Skin,442,25010,Skin excluding Basal and Squamous,Skin excluding Basal and Squamous,C440-C449,8761
Melanoma of the Skin,442,25010,Skin excluding Basal and Squamous,Skin excluding Basal and Squamous,C440-C449,8760
Melanoma of the Skin,442,25010,Skin excluding Basal and Squamous,Skin excluding Basal and Squamous,C440-C449,8759
Melanoma of the Skin,442,25010,Skin excluding Basal and Squamous,Skin excluding Basal and Squamous,C440-C449,8758
Melanoma of the Skin,442,25010,Skin excluding Basal and Squamous,Skin excluding Basal and Squamous,C440-C449,8757
Melanoma of the Skin,442,25010,Skin excluding Basal and Squamous,Skin excluding Basal and Squamous,C440-C449,8756
Melanoma of the Skin,442,25010,Skin excluding Basal and Squamous,Skin excluding Basal and Squamous,C440-C449,8755
Melanoma of the Skin,442,25010,Skin excluding Basal and Squamous,Skin excluding Basal and Squamous,C440-C449,8754
Melanoma of the Skin,442,25010,Skin excluding Basal and Squamous,Skin excluding Basal and Squamous,C440-C449,8753
Melanoma of the Skin,442,25010,Skin excluding Basal and Squamous,Skin excluding Basal and Squamous,C440-C449,8752
Melanoma of the Skin,442,25010,Skin excluding Basal and Squamous,Skin excluding Basal and Squamous,C440-C449,8751
Melanoma of the Skin,442,25010,Skin excluding Basal and Squamous,Skin excluding Basal and Squamous,C440-C449,8750
Melanoma of the Skin,442,25010,Skin excluding Basal and Squamous,Skin excluding Basal and Squamous,C440-C449,8749
Melanoma of the Skin,442,25010,Skin excluding Basal and Squamous,Skin excluding Basal and Squamous,C440-C449,8748
Melanoma of the Skin,442,25010,Skin excluding Basal and Squamous,Skin excluding Basal and Squamous,C440-C449,8747
Melanoma of the Skin,442,25010,Skin excluding Basal and Squamous,Skin excluding Basal and Squamous,C440-C449,8746
Melanoma of the Skin,442,25010,Skin excluding Basal and Squamous,Skin excluding Basal and Squamous,C440-C449,8745
Melanoma of the Skin,442,25010,Skin excluding Basal and Squamous,Skin excluding Basal and Squamous,C440-C449,8744
Melanoma of the Skin,442,25010,Skin excluding Basal and Squamous,Skin excluding Basal and Squamous,C440-C449,8743
Melanoma of the Skin,442,25010,Skin excluding Basal and Squamous,Skin excluding Basal and Squamous,C440-C449,8742
Melanoma of the Skin,442,25010,Skin excluding Basal and Squamous,Skin excluding Basal and Squamous,C440-C449,8741
Melanoma of the Skin,442,25010,Skin excluding Basal and Squamous,Skin excluding Basal and Squamous,C440-C449,8740
Melanoma of the Skin,442,25010,Skin excluding Basal and Squamous,Skin excluding Basal and Squamous,C440-C449,8739
Melanoma of the Skin,442,25010,Skin excluding Basal and Squamous,Skin excluding Basal and Squamous,C440-C449,8738
Melanoma of the Skin,442,25010,Skin excluding Basal and Squamous,Skin excluding Basal and Squamous,C440-C449,8737
Melanoma of the Skin,442,25010,Skin excluding Basal and Squamous,Skin excluding Basal and Squamous,C440-C449,8736
Melanoma of the Skin,442,25010,Skin excluding Basal and Squamous,Skin excluding Basal and Squamous,C440-C449,8735
Melanoma of the Skin,442,25010,Skin excluding Basal and Squamous,Skin excluding Basal and Squamous,C440-C449,8734
Melanoma of the Skin,442,25010,Skin excluding Basal and Squamous,Skin excluding Basal and Squamous,C440-C449,8733
Melanoma of the Skin,442,25010,Skin excluding Basal and Squamous,Skin excluding Basal and Squamous,C440-C449,8732
Melanoma of the Skin,442,25010,Skin excluding Basal and Squamous,Skin excluding Basal and Squamous,C440-C449,8731
Melanoma of the Skin,442,25010,Skin excluding Basal and Squamous,Skin excluding Basal and Squamous,C440-C449,8730
Melanoma of the Skin,442,25010,Skin excluding Basal and Squamous,Skin excluding Basal and Squamous,C440-C449,8729
Melanoma of the Skin,442,25010,Skin excluding Basal and Squamous,Skin excluding Basal and Squamous,C440-C449,8728
Melanoma of the Skin,442,25010,Skin excluding Basal and Squamous,Skin excluding Basal and Squamous,C440-C449,8727
Melanoma of the Skin,442,25010,Skin excluding Basal and Squamous,Skin excluding Basal and Squamous,C440-C449,8726
Melanoma of the Skin,442,25010,Skin excluding Basal and Squamous,Skin excluding Basal and Squamous,C440-C449,8725
Melanoma of the Skin,442,25010,Skin excluding Basal and Squamous,Skin excluding Basal and Squamous,C440-C449,8724
Melanoma of the Skin,442,25010,Skin excluding Basal and Squamous,Skin excluding Basal and Squamous,C440-C449,8723
Melanoma of the Skin,442,25010,Skin excluding Basal and Squamous,Skin excluding Basal and Squamous,C440-C449,8722
Melanoma of the Skin,442,25010,Skin excluding Basal and Squamous,Skin excluding Basal and Squamous,C440-C449,8721
Melanoma of the Skin,442,25010,Skin excluding Basal and Squamous,Skin excluding Basal and Squamous,C440-C449,8720
Melanoma of the Skin,443,25010,Skin excluding Basal and Squamous,Skin excluding Basal and Squamous,C440-C449,8790
Melanoma of the Skin,443,25010,Skin excluding Basal and Squamous,Skin excluding Basal and Squamous,C440-C449,8789
Melanoma of the Skin,443,25010,Skin excluding Basal and Squamous,Skin excluding Basal and Squamous,C440-C449,8788
Melanoma of the Skin,443,25010,Skin excluding Basal and Squamous,Skin excluding Basal and Squamous,C440-C449,8787
Melanoma of the Skin,443,25010,Skin excluding Basal and Squamous,Skin excluding Basal and Squamous,C440-C449,8786
Melanoma of the Skin,443,25010,Skin excluding Basal and Squamous,Skin excluding Basal and Squamous,C440-C449,8785
Melanoma of the Skin,443,25010,Skin excluding Basal and Squamous,Skin excluding Basal and Squamous,C440-C449,8784
Melanoma of the Skin,443,25010,Skin excluding Basal and Squamous,Skin excluding Basal and Squamous,C440-C449,8783
Melanoma of the Skin,443,25010,Skin excluding Basal and Squamous,Skin excluding Basal and Squamous,C440-C449,8782
Melanoma of the Skin,443,25010,Skin excluding Basal and Squamous,Skin excluding Basal and Squamous,C440-C449,8781
Melanoma of the Skin,443,25010,Skin excluding Basal and Squamous,Skin excluding Basal and Squamous,C440-C449,8780
Melanoma of the Skin,443,25010,Skin excluding Basal and Squamous,Skin excluding Basal and Squamous,C440-C449,8779
Melanoma of the Skin,443,25010,Skin excluding Basal and Squamous,Skin excluding Basal and Squamous,C440-C449,8778
Melanoma of the Skin,443,25010,Skin excluding Basal and Squamous,Skin excluding Basal and Squamous,C440-C449,8777
Melanoma of the Skin,443,25010,Skin excluding Basal and Squamous,Skin excluding Basal and Squamous,C440-C449,8776
Melanoma of the Skin,443,25010,Skin excluding Basal and Squamous,Skin excluding Basal and Squamous,C440-C449,8775
Melanoma of the Skin,443,25010,Skin excluding Basal and Squamous,Skin excluding Basal and Squamous,C440-C449,8774
Melanoma of the Skin,443,25010,Skin excluding Basal and Squamous,Skin excluding Basal and Squamous,C440-C449,8773
Melanoma of the Skin,443,25010,Skin excluding Basal and Squamous,Skin excluding Basal and Squamous,C440-C449,8772
Melanoma of the Skin,443,25010,Skin excluding Basal and Squamous,Skin excluding Basal and Squamous,C440-C449,8771
Melanoma of the Skin,443,25010,Skin excluding Basal and Squamous,Skin excluding Basal and Squamous,C440-C449,8770
Melanoma of the Skin,443,25010,Skin excluding Basal and Squamous,Skin excluding Basal and Squamous,C440-C449,8769
Melanoma of the Skin,443,25010,Skin excluding Basal and Squamous,Skin excluding Basal and Squamous,C440-C449,8768
Melanoma of the Skin,443,25010,Skin excluding Basal and Squamous,Skin excluding Basal and Squamous,C440-C449,8767
Melanoma of the Skin,443,25010,Skin excluding Basal and Squamous,Skin excluding Basal and Squamous,C440-C449,8766
Melanoma of the Skin,443,25010,Skin excluding Basal and Squamous,Skin excluding Basal and Squamous,C440-C449,8765
Melanoma of the Skin,443,25010,Skin excluding Basal and Squamous,Skin excluding Basal and Squamous,C440-C449,8764
Melanoma of the Skin,443,25010,Skin excluding Basal and Squamous,Skin excluding Basal and Squamous,C440-C449,8763
Melanoma of the Skin,443,25010,Skin excluding Basal and Squamous,Skin excluding Basal and Squamous,C440-C449,8762
Melanoma of the Skin,443,25010,Skin excluding Basal and Squamous,Skin excluding Basal and Squamous,C440-C449,8761
Melanoma of the Skin,443,25010,Skin excluding Basal and Squamous,Skin excluding Basal and Squamous,C440-C449,8760
Melanoma of the Skin,443,25010,Skin excluding Basal and Squamous,Skin excluding Basal and Squamous,C440-C449,8759
Melanoma of the Skin,443,25010,Skin excluding Basal and Squamous,Skin excluding Basal and Squamous,C440-C449,8758
Melanoma of the Skin,443,25010,Skin excluding Basal and Squamous,Skin excluding Basal and Squamous,C440-C449,8757
Melanoma of the Skin,443,25010,Skin excluding Basal and Squamous,Skin excluding Basal and Squamous,C440-C449,8756
Melanoma of the Skin,443,25010,Skin excluding Basal and Squamous,Skin excluding Basal and Squamous,C440-C449,8755
Melanoma of the Skin,443,25010,Skin excluding Basal and Squamous,Skin excluding Basal and Squamous,C440-C449,8754
Melanoma of the Skin,443,25010,Skin excluding Basal and Squamous,Skin excluding Basal and Squamous,C440-C449,8753
Melanoma of the Skin,443,25010,Skin excluding Basal and Squamous,Skin excluding Basal and Squamous,C440-C449,8752
Melanoma of the Skin,443,25010,Skin excluding Basal and Squamous,Skin excluding Basal and Squamous,C440-C449,8751
Melanoma of the Skin,443,25010,Skin excluding Basal and Squamous,Skin excluding Basal and Squamous,C440-C449,8750
Melanoma of the Skin,443,25010,Skin excluding Basal and Squamous,Skin excluding Basal and Squamous,C440-C449,8749
Melanoma of the Skin,443,25010,Skin excluding Basal and Squamous,Skin excluding Basal and Squamous,C440-C449,8748
Melanoma of the Skin,443,25010,Skin excluding Basal and Squamous,Skin excluding Basal and Squamous,C440-C449,8747
Melanoma of the Skin,443,25010,Skin excluding Basal and Squamous,Skin excluding Basal and Squamous,C440-C449,8746
Melanoma of the Skin,443,25010,Skin excluding Basal and Squamous,Skin excluding Basal and Squamous,C440-C449,8745
Melanoma of the Skin,443,25010,Skin excluding Basal and Squamous,Skin excluding Basal and Squamous,C440-C449,8744
Melanoma of the Skin,443,25010,Skin excluding Basal and Squamous,Skin excluding Basal and Squamous,C440-C449,8743
Melanoma of the Skin,443,25010,Skin excluding Basal and Squamous,Skin excluding Basal and Squamous,C440-C449,8742
Melanoma of the Skin,443,25010,Skin excluding Basal and Squamous,Skin excluding Basal and Squamous,C440-C449,8741
Melanoma of the Skin,443,25010,Skin excluding Basal and Squamous,Skin excluding Basal and Squamous,C440-C449,8740
Melanoma of the Skin,443,25010,Skin excluding Basal and Squamous,Skin excluding Basal and Squamous,C440-C449,8739
Melanoma of the Skin,443,25010,Skin excluding Basal and Squamous,Skin excluding Basal and Squamous,C440-C449,8738
Melanoma of the Skin,443,25010,Skin excluding Basal and Squamous,Skin excluding Basal and Squamous,C440-C449,8737
Melanoma of the Skin,443,25010,Skin excluding Basal and Squamous,Skin excluding Basal and Squamous,C440-C449,8736
Melanoma of the Skin,443,25010,Skin excluding Basal and Squamous,Skin excluding Basal and Squamous,C440-C449,8735
Melanoma of the Skin,443,25010,Skin excluding Basal and Squamous,Skin excluding Basal and Squamous,C440-C449,8734
Melanoma of the Skin,443,25010,Skin excluding Basal and Squamous,Skin excluding Basal and Squamous,C440-C449,8733
Melanoma of the Skin,443,25010,Skin excluding Basal and Squamous,Skin excluding Basal and Squamous,C440-C449,8732
Melanoma of the Skin,443,25010,Skin excluding Basal and Squamous,Skin excluding Basal and Squamous,C440-C449,8731
Melanoma of the Skin,443,25010,Skin excluding Basal and Squamous,Skin excluding Basal and Squamous,C440-C449,8730
Melanoma of the Skin,443,25010,Skin excluding Basal and Squamous,Skin excluding Basal and Squamous,C440-C449,8729
Melanoma of the Skin,443,25010,Skin excluding Basal and Squamous,Skin excluding Basal and Squamous,C440-C449,8728
Melanoma of the Skin,443,25010,Skin excluding Basal and Squamous,Skin excluding Basal and Squamous,C440-C449,8727
Melanoma of the Skin,443,25010,Skin excluding Basal and Squamous,Skin excluding Basal and Squamous,C440-C449,8726
Melanoma of the Skin,443,25010,Skin excluding Basal and Squamous,Skin excluding Basal and Squamous,C440-C449,8725
Melanoma of the Skin,443,25010,Skin excluding Basal and Squamous,Skin excluding Basal and Squamous,C440-C449,8724
Melanoma of the Skin,443,25010,Skin excluding Basal and Squamous,Skin excluding Basal and Squamous,C440-C449,8723
Melanoma of the Skin,443,25010,Skin excluding Basal and Squamous,Skin excluding Basal and Squamous,C440-C449,8722
Melanoma of the Skin,443,25010,Skin excluding Basal and Squamous,Skin excluding Basal and Squamous,C440-C449,8721
Melanoma of the Skin,443,25010,Skin excluding Basal and Squamous,Skin excluding Basal and Squamous,C440-C449,8720
Melanoma of the Skin,444,25010,Skin excluding Basal and Squamous,Skin excluding Basal and Squamous,C440-C449,8790
Melanoma of the Skin,444,25010,Skin excluding Basal and Squamous,Skin excluding Basal and Squamous,C440-C449,8789
Melanoma of the Skin,444,25010,Skin excluding Basal and Squamous,Skin excluding Basal and Squamous,C440-C449,8788
Melanoma of the Skin,444,25010,Skin excluding Basal and Squamous,Skin excluding Basal and Squamous,C440-C449,8787
Melanoma of the Skin,444,25010,Skin excluding Basal and Squamous,Skin excluding Basal and Squamous,C440-C449,8786
Melanoma of the Skin,444,25010,Skin excluding Basal and Squamous,Skin excluding Basal and Squamous,C440-C449,8785
Melanoma of the Skin,444,25010,Skin excluding Basal and Squamous,Skin excluding Basal and Squamous,C440-C449,8784
Melanoma of the Skin,444,25010,Skin excluding Basal and Squamous,Skin excluding Basal and Squamous,C440-C449,8783
Melanoma of the Skin,444,25010,Skin excluding Basal and Squamous,Skin excluding Basal and Squamous,C440-C449,8782
Melanoma of the Skin,444,25010,Skin excluding Basal and Squamous,Skin excluding Basal and Squamous,C440-C449,8781
Melanoma of the Skin,444,25010,Skin excluding Basal and Squamous,Skin excluding Basal and Squamous,C440-C449,8780
Melanoma of the Skin,444,25010,Skin excluding Basal and Squamous,Skin excluding Basal and Squamous,C440-C449,8779
Melanoma of the Skin,444,25010,Skin excluding Basal and Squamous,Skin excluding Basal and Squamous,C440-C449,8778
Melanoma of the Skin,444,25010,Skin excluding Basal and Squamous,Skin excluding Basal and Squamous,C440-C449,8777
Melanoma of the Skin,444,25010,Skin excluding Basal and Squamous,Skin excluding Basal and Squamous,C440-C449,8776
Melanoma of the Skin,444,25010,Skin excluding Basal and Squamous,Skin excluding Basal and Squamous,C440-C449,8775
Melanoma of the Skin,444,25010,Skin excluding Basal and Squamous,Skin excluding Basal and Squamous,C440-C449,8774
Melanoma of the Skin,444,25010,Skin excluding Basal and Squamous,Skin excluding Basal and Squamous,C440-C449,8773
Melanoma of the Skin,444,25010,Skin excluding Basal and Squamous,Skin excluding Basal and Squamous,C440-C449,8772
Melanoma of the Skin,444,25010,Skin excluding Basal and Squamous,Skin excluding Basal and Squamous,C440-C449,8771
Melanoma of the Skin,444,25010,Skin excluding Basal and Squamous,Skin excluding Basal and Squamous,C440-C449,8770
Melanoma of the Skin,444,25010,Skin excluding Basal and Squamous,Skin excluding Basal and Squamous,C440-C449,8769
Melanoma of the Skin,444,25010,Skin excluding Basal and Squamous,Skin excluding Basal and Squamous,C440-C449,8768
Melanoma of the Skin,444,25010,Skin excluding Basal and Squamous,Skin excluding Basal and Squamous,C440-C449,8767
Melanoma of the Skin,444,25010,Skin excluding Basal and Squamous,Skin excluding Basal and Squamous,C440-C449,8766
Melanoma of the Skin,444,25010,Skin excluding Basal and Squamous,Skin excluding Basal and Squamous,C440-C449,8765
Melanoma of the Skin,444,25010,Skin excluding Basal and Squamous,Skin excluding Basal and Squamous,C440-C449,8764
Melanoma of the Skin,444,25010,Skin excluding Basal and Squamous,Skin excluding Basal and Squamous,C440-C449,8763
Melanoma of the Skin,444,25010,Skin excluding Basal and Squamous,Skin excluding Basal and Squamous,C440-C449,8762
Melanoma of the Skin,444,25010,Skin excluding Basal and Squamous,Skin excluding Basal and Squamous,C440-C449,8761
Melanoma of the Skin,444,25010,Skin excluding Basal and Squamous,Skin excluding Basal and Squamous,C440-C449,8760
Melanoma of the Skin,444,25010,Skin excluding Basal and Squamous,Skin excluding Basal and Squamous,C440-C449,8759
Melanoma of the Skin,444,25010,Skin excluding Basal and Squamous,Skin excluding Basal and Squamous,C440-C449,8758
Melanoma of the Skin,444,25010,Skin excluding Basal and Squamous,Skin excluding Basal and Squamous,C440-C449,8757
Melanoma of the Skin,444,25010,Skin excluding Basal and Squamous,Skin excluding Basal and Squamous,C440-C449,8756
Melanoma of the Skin,444,25010,Skin excluding Basal and Squamous,Skin excluding Basal and Squamous,C440-C449,8755
Melanoma of the Skin,444,25010,Skin excluding Basal and Squamous,Skin excluding Basal and Squamous,C440-C449,8754
Melanoma of the Skin,444,25010,Skin excluding Basal and Squamous,Skin excluding Basal and Squamous,C440-C449,8753
Melanoma of the Skin,444,25010,Skin excluding Basal and Squamous,Skin excluding Basal and Squamous,C440-C449,8752
Melanoma of the Skin,444,25010,Skin excluding Basal and Squamous,Skin excluding Basal and Squamous,C440-C449,8751
Melanoma of the Skin,444,25010,Skin excluding Basal and Squamous,Skin excluding Basal and Squamous,C440-C449,8750
Melanoma of the Skin,444,25010,Skin excluding Basal and Squamous,Skin excluding Basal and Squamous,C440-C449,8749
Melanoma of the Skin,444,25010,Skin excluding Basal and Squamous,Skin excluding Basal and Squamous,C440-C449,8748
Melanoma of the Skin,444,25010,Skin excluding Basal and Squamous,Skin excluding Basal and Squamous,C440-C449,8747
Melanoma of the Skin,444,25010,Skin excluding Basal and Squamous,Skin excluding Basal and Squamous,C440-C449,8746
Melanoma of the Skin,444,25010,Skin excluding Basal and Squamous,Skin excluding Basal and Squamous,C440-C449,8745
Melanoma of the Skin,444,25010,Skin excluding Basal and Squamous,Skin excluding Basal and Squamous,C440-C449,8744
Melanoma of the Skin,444,25010,Skin excluding Basal and Squamous,Skin excluding Basal and Squamous,C440-C449,8743
Melanoma of the Skin,444,25010,Skin excluding Basal and Squamous,Skin excluding Basal and Squamous,C440-C449,8742
Melanoma of the Skin,444,25010,Skin excluding Basal and Squamous,Skin excluding Basal and Squamous,C440-C449,8741
Melanoma of the Skin,444,25010,Skin excluding Basal and Squamous,Skin excluding Basal and Squamous,C440-C449,8740
Melanoma of the Skin,444,25010,Skin excluding Basal and Squamous,Skin excluding Basal and Squamous,C440-C449,8739
Melanoma of the Skin,444,25010,Skin excluding Basal and Squamous,Skin excluding Basal and Squamous,C440-C449,8738
Melanoma of the Skin,444,25010,Skin excluding Basal and Squamous,Skin excluding Basal and Squamous,C440-C449,8737
Melanoma of the Skin,444,25010,Skin excluding Basal and Squamous,Skin excluding Basal and Squamous,C440-C449,8736
Melanoma of the Skin,444,25010,Skin excluding Basal and Squamous,Skin excluding Basal and Squamous,C440-C449,8735
Melanoma of the Skin,444,25010,Skin excluding Basal and Squamous,Skin excluding Basal and Squamous,C440-C449,8734
Melanoma of the Skin,444,25010,Skin excluding Basal and Squamous,Skin excluding Basal and Squamous,C440-C449,8733
Melanoma of the Skin,444,25010,Skin excluding Basal and Squamous,Skin excluding Basal and Squamous,C440-C449,8732
Melanoma of the Skin,444,25010,Skin excluding Basal and Squamous,Skin excluding Basal and Squamous,C440-C449,8731
Melanoma of the Skin,444,25010,Skin excluding Basal and Squamous,Skin excluding Basal and Squamous,C440-C449,8730
Melanoma of the Skin,444,25010,Skin excluding Basal and Squamous,Skin excluding Basal and Squamous,C440-C449,8729
Melanoma of the Skin,444,25010,Skin excluding Basal and Squamous,Skin excluding Basal and Squamous,C440-C449,8728
Melanoma of the Skin,444,25010,Skin excluding Basal and Squamous,Skin excluding Basal and Squamous,C440-C449,8727
Melanoma of the Skin,444,25010,Skin excluding Basal and Squamous,Skin excluding Basal and Squamous,C440-C449,8726
Melanoma of the Skin,444,25010,Skin excluding Basal and Squamous,Skin excluding Basal and Squamous,C440-C449,8725
Melanoma of the Skin,444,25010,Skin excluding Basal and Squamous,Skin excluding Basal and Squamous,C440-C449,8724
Melanoma of the Skin,444,25010,Skin excluding Basal and Squamous,Skin excluding Basal and Squamous,C440-C449,8723
Melanoma of the Skin,444,25010,Skin excluding Basal and Squamous,Skin excluding Basal and Squamous,C440-C449,8722
Melanoma of the Skin,444,25010,Skin excluding Basal and Squamous,Skin excluding Basal and Squamous,C440-C449,8721
Melanoma of the Skin,444,25010,Skin excluding Basal and Squamous,Skin excluding Basal and Squamous,C440-C449,8720
Melanoma of the Skin,445,25010,Skin excluding Basal and Squamous,Skin excluding Basal and Squamous,C440-C449,8790
Melanoma of the Skin,445,25010,Skin excluding Basal and Squamous,Skin excluding Basal and Squamous,C440-C449,8789
Melanoma of the Skin,445,25010,Skin excluding Basal and Squamous,Skin excluding Basal and Squamous,C440-C449,8788
Melanoma of the Skin,445,25010,Skin excluding Basal and Squamous,Skin excluding Basal and Squamous,C440-C449,8787
Melanoma of the Skin,445,25010,Skin excluding Basal and Squamous,Skin excluding Basal and Squamous,C440-C449,8786
Melanoma of the Skin,445,25010,Skin excluding Basal and Squamous,Skin excluding Basal and Squamous,C440-C449,8785
Melanoma of the Skin,445,25010,Skin excluding Basal and Squamous,Skin excluding Basal and Squamous,C440-C449,8784
Melanoma of the Skin,445,25010,Skin excluding Basal and Squamous,Skin excluding Basal and Squamous,C440-C449,8783
Melanoma of the Skin,445,25010,Skin excluding Basal and Squamous,Skin excluding Basal and Squamous,C440-C449,8782
Melanoma of the Skin,445,25010,Skin excluding Basal and Squamous,Skin excluding Basal and Squamous,C440-C449,8781
Melanoma of the Skin,445,25010,Skin excluding Basal and Squamous,Skin excluding Basal and Squamous,C440-C449,8780
Melanoma of the Skin,445,25010,Skin excluding Basal and Squamous,Skin excluding Basal and Squamous,C440-C449,8779
Melanoma of the Skin,445,25010,Skin excluding Basal and Squamous,Skin excluding Basal and Squamous,C440-C449,8778
Melanoma of the Skin,445,25010,Skin excluding Basal and Squamous,Skin excluding Basal and Squamous,C440-C449,8777
Melanoma of the Skin,445,25010,Skin excluding Basal and Squamous,Skin excluding Basal and Squamous,C440-C449,8776
Melanoma of the Skin,445,25010,Skin excluding Basal and Squamous,Skin excluding Basal and Squamous,C440-C449,8775
Melanoma of the Skin,445,25010,Skin excluding Basal and Squamous,Skin excluding Basal and Squamous,C440-C449,8774
Melanoma of the Skin,445,25010,Skin excluding Basal and Squamous,Skin excluding Basal and Squamous,C440-C449,8773
Melanoma of the Skin,445,25010,Skin excluding Basal and Squamous,Skin excluding Basal and Squamous,C440-C449,8772
Melanoma of the Skin,445,25010,Skin excluding Basal and Squamous,Skin excluding Basal and Squamous,C440-C449,8771
Melanoma of the Skin,445,25010,Skin excluding Basal and Squamous,Skin excluding Basal and Squamous,C440-C449,8770
Melanoma of the Skin,445,25010,Skin excluding Basal and Squamous,Skin excluding Basal and Squamous,C440-C449,8769
Melanoma of the Skin,445,25010,Skin excluding Basal and Squamous,Skin excluding Basal and Squamous,C440-C449,8768
Melanoma of the Skin,445,25010,Skin excluding Basal and Squamous,Skin excluding Basal and Squamous,C440-C449,8767
Melanoma of the Skin,445,25010,Skin excluding Basal and Squamous,Skin excluding Basal and Squamous,C440-C449,8766
Melanoma of the Skin,445,25010,Skin excluding Basal and Squamous,Skin excluding Basal and Squamous,C440-C449,8765
Melanoma of the Skin,445,25010,Skin excluding Basal and Squamous,Skin excluding Basal and Squamous,C440-C449,8764
Melanoma of the Skin,445,25010,Skin excluding Basal and Squamous,Skin excluding Basal and Squamous,C440-C449,8763
Melanoma of the Skin,445,25010,Skin excluding Basal and Squamous,Skin excluding Basal and Squamous,C440-C449,8762
Melanoma of the Skin,445,25010,Skin excluding Basal and Squamous,Skin excluding Basal and Squamous,C440-C449,8761
Melanoma of the Skin,445,25010,Skin excluding Basal and Squamous,Skin excluding Basal and Squamous,C440-C449,8760
Melanoma of the Skin,445,25010,Skin excluding Basal and Squamous,Skin excluding Basal and Squamous,C440-C449,8759
Melanoma of the Skin,445,25010,Skin excluding Basal and Squamous,Skin excluding Basal and Squamous,C440-C449,8758
Melanoma of the Skin,445,25010,Skin excluding Basal and Squamous,Skin excluding Basal and Squamous,C440-C449,8757
Melanoma of the Skin,445,25010,Skin excluding Basal and Squamous,Skin excluding Basal and Squamous,C440-C449,8756
Melanoma of the Skin,445,25010,Skin excluding Basal and Squamous,Skin excluding Basal and Squamous,C440-C449,8755
Melanoma of the Skin,445,25010,Skin excluding Basal and Squamous,Skin excluding Basal and Squamous,C440-C449,8754
Melanoma of the Skin,445,25010,Skin excluding Basal and Squamous,Skin excluding Basal and Squamous,C440-C449,8753
Melanoma of the Skin,445,25010,Skin excluding Basal and Squamous,Skin excluding Basal and Squamous,C440-C449,8752
Melanoma of the Skin,445,25010,Skin excluding Basal and Squamous,Skin excluding Basal and Squamous,C440-C449,8751
Melanoma of the Skin,445,25010,Skin excluding Basal and Squamous,Skin excluding Basal and Squamous,C440-C449,8750
Melanoma of the Skin,445,25010,Skin excluding Basal and Squamous,Skin excluding Basal and Squamous,C440-C449,8749
Melanoma of the Skin,445,25010,Skin excluding Basal and Squamous,Skin excluding Basal and Squamous,C440-C449,8748
Melanoma of the Skin,445,25010,Skin excluding Basal and Squamous,Skin excluding Basal and Squamous,C440-C449,8747
Melanoma of the Skin,445,25010,Skin excluding Basal and Squamous,Skin excluding Basal and Squamous,C440-C449,8746
Melanoma of the Skin,445,25010,Skin excluding Basal and Squamous,Skin excluding Basal and Squamous,C440-C449,8745
Melanoma of the Skin,445,25010,Skin excluding Basal and Squamous,Skin excluding Basal and Squamous,C440-C449,8744
Melanoma of the Skin,445,25010,Skin excluding Basal and Squamous,Skin excluding Basal and Squamous,C440-C449,8743
Melanoma of the Skin,445,25010,Skin excluding Basal and Squamous,Skin excluding Basal and Squamous,C440-C449,8742
Melanoma of the Skin,445,25010,Skin excluding Basal and Squamous,Skin excluding Basal and Squamous,C440-C449,8741
Melanoma of the Skin,445,25010,Skin excluding Basal and Squamous,Skin excluding Basal and Squamous,C440-C449,8740
Melanoma of the Skin,445,25010,Skin excluding Basal and Squamous,Skin excluding Basal and Squamous,C440-C449,8739
Melanoma of the Skin,445,25010,Skin excluding Basal and Squamous,Skin excluding Basal and Squamous,C440-C449,8738
Melanoma of the Skin,445,25010,Skin excluding Basal and Squamous,Skin excluding Basal and Squamous,C440-C449,8737
Melanoma of the Skin,445,25010,Skin excluding Basal and Squamous,Skin excluding Basal and Squamous,C440-C449,8736
Melanoma of the Skin,445,25010,Skin excluding Basal and Squamous,Skin excluding Basal and Squamous,C440-C449,8735
Melanoma of the Skin,445,25010,Skin excluding Basal and Squamous,Skin excluding Basal and Squamous,C440-C449,8734
Melanoma of the Skin,445,25010,Skin excluding Basal and Squamous,Skin excluding Basal and Squamous,C440-C449,8733
Melanoma of the Skin,445,25010,Skin excluding Basal and Squamous,Skin excluding Basal and Squamous,C440-C449,8732
Melanoma of the Skin,445,25010,Skin excluding Basal and Squamous,Skin excluding Basal and Squamous,C440-C449,8731
Melanoma of the Skin,445,25010,Skin excluding Basal and Squamous,Skin excluding Basal and Squamous,C440-C449,8730
Melanoma of the Skin,445,25010,Skin excluding Basal and Squamous,Skin excluding Basal and Squamous,C440-C449,8729
Melanoma of the Skin,445,25010,Skin excluding Basal and Squamous,Skin excluding Basal and Squamous,C440-C449,8728
Melanoma of the Skin,445,25010,Skin excluding Basal and Squamous,Skin excluding Basal and Squamous,C440-C449,8727
Melanoma of the Skin,445,25010,Skin excluding Basal and Squamous,Skin excluding Basal and Squamous,C440-C449,8726
Melanoma of the Skin,445,25010,Skin excluding Basal and Squamous,Skin excluding Basal and Squamous,C440-C449,8725
Melanoma of the Skin,445,25010,Skin excluding Basal and Squamous,Skin excluding Basal and Squamous,C440-C449,8724
Melanoma of the Skin,445,25010,Skin excluding Basal and Squamous,Skin excluding Basal and Squamous,C440-C449,8723
Melanoma of the Skin,445,25010,Skin excluding Basal and Squamous,Skin excluding Basal and Squamous,C440-C449,8722
Melanoma of the Skin,445,25010,Skin excluding Basal and Squamous,Skin excluding Basal and Squamous,C440-C449,8721
Melanoma of the Skin,445,25010,Skin excluding Basal and Squamous,Skin excluding Basal and Squamous,C440-C449,8720
Melanoma of the Skin,446,25010,Skin excluding Basal and Squamous,Skin excluding Basal and Squamous,C440-C449,8790
Melanoma of the Skin,446,25010,Skin excluding Basal and Squamous,Skin excluding Basal and Squamous,C440-C449,8789
Melanoma of the Skin,446,25010,Skin excluding Basal and Squamous,Skin excluding Basal and Squamous,C440-C449,8788
Melanoma of the Skin,446,25010,Skin excluding Basal and Squamous,Skin excluding Basal and Squamous,C440-C449,8787
Melanoma of the Skin,446,25010,Skin excluding Basal and Squamous,Skin excluding Basal and Squamous,C440-C449,8786
Melanoma of the Skin,446,25010,Skin excluding Basal and Squamous,Skin excluding Basal and Squamous,C440-C449,8785
Melanoma of the Skin,446,25010,Skin excluding Basal and Squamous,Skin excluding Basal and Squamous,C440-C449,8784
Melanoma of the Skin,446,25010,Skin excluding Basal and Squamous,Skin excluding Basal and Squamous,C440-C449,8783
Melanoma of the Skin,446,25010,Skin excluding Basal and Squamous,Skin excluding Basal and Squamous,C440-C449,8782
Melanoma of the Skin,446,25010,Skin excluding Basal and Squamous,Skin excluding Basal and Squamous,C440-C449,8781
Melanoma of the Skin,446,25010,Skin excluding Basal and Squamous,Skin excluding Basal and Squamous,C440-C449,8780
Melanoma of the Skin,446,25010,Skin excluding Basal and Squamous,Skin excluding Basal and Squamous,C440-C449,8779
Melanoma of the Skin,446,25010,Skin excluding Basal and Squamous,Skin excluding Basal and Squamous,C440-C449,8778
Melanoma of the Skin,446,25010,Skin excluding Basal and Squamous,Skin excluding Basal and Squamous,C440-C449,8777
Melanoma of the Skin,446,25010,Skin excluding Basal and Squamous,Skin excluding Basal and Squamous,C440-C449,8776
Melanoma of the Skin,446,25010,Skin excluding Basal and Squamous,Skin excluding Basal and Squamous,C440-C449,8775
Melanoma of the Skin,446,25010,Skin excluding Basal and Squamous,Skin excluding Basal and Squamous,C440-C449,8774
Melanoma of the Skin,446,25010,Skin excluding Basal and Squamous,Skin excluding Basal and Squamous,C440-C449,8773
Melanoma of the Skin,446,25010,Skin excluding Basal and Squamous,Skin excluding Basal and Squamous,C440-C449,8772
Melanoma of the Skin,446,25010,Skin excluding Basal and Squamous,Skin excluding Basal and Squamous,C440-C449,8771
Melanoma of the Skin,446,25010,Skin excluding Basal and Squamous,Skin excluding Basal and Squamous,C440-C449,8770
Melanoma of the Skin,446,25010,Skin excluding Basal and Squamous,Skin excluding Basal and Squamous,C440-C449,8769
Melanoma of the Skin,446,25010,Skin excluding Basal and Squamous,Skin excluding Basal and Squamous,C440-C449,8768
Melanoma of the Skin,446,25010,Skin excluding Basal and Squamous,Skin excluding Basal and Squamous,C440-C449,8767
Melanoma of the Skin,446,25010,Skin excluding Basal and Squamous,Skin excluding Basal and Squamous,C440-C449,8766
Melanoma of the Skin,446,25010,Skin excluding Basal and Squamous,Skin excluding Basal and Squamous,C440-C449,8765
Melanoma of the Skin,446,25010,Skin excluding Basal and Squamous,Skin excluding Basal and Squamous,C440-C449,8764
Melanoma of the Skin,446,25010,Skin excluding Basal and Squamous,Skin excluding Basal and Squamous,C440-C449,8763
Melanoma of the Skin,446,25010,Skin excluding Basal and Squamous,Skin excluding Basal and Squamous,C440-C449,8762
Melanoma of the Skin,446,25010,Skin excluding Basal and Squamous,Skin excluding Basal and Squamous,C440-C449,8761
Melanoma of the Skin,446,25010,Skin excluding Basal and Squamous,Skin excluding Basal and Squamous,C440-C449,8760
Melanoma of the Skin,446,25010,Skin excluding Basal and Squamous,Skin excluding Basal and Squamous,C440-C449,8759
Melanoma of the Skin,446,25010,Skin excluding Basal and Squamous,Skin excluding Basal and Squamous,C440-C449,8758
Melanoma of the Skin,446,25010,Skin excluding Basal and Squamous,Skin excluding Basal and Squamous,C440-C449,8757
Melanoma of the Skin,446,25010,Skin excluding Basal and Squamous,Skin excluding Basal and Squamous,C440-C449,8756
Melanoma of the Skin,446,25010,Skin excluding Basal and Squamous,Skin excluding Basal and Squamous,C440-C449,8755
Melanoma of the Skin,446,25010,Skin excluding Basal and Squamous,Skin excluding Basal and Squamous,C440-C449,8754
Melanoma of the Skin,446,25010,Skin excluding Basal and Squamous,Skin excluding Basal and Squamous,C440-C449,8753
Melanoma of the Skin,446,25010,Skin excluding Basal and Squamous,Skin excluding Basal and Squamous,C440-C449,8752
Melanoma of the Skin,446,25010,Skin excluding Basal and Squamous,Skin excluding Basal and Squamous,C440-C449,8751
Melanoma of the Skin,446,25010,Skin excluding Basal and Squamous,Skin excluding Basal and Squamous,C440-C449,8750
Melanoma of the Skin,446,25010,Skin excluding Basal and Squamous,Skin excluding Basal and Squamous,C440-C449,8749
Melanoma of the Skin,446,25010,Skin excluding Basal and Squamous,Skin excluding Basal and Squamous,C440-C449,8748
Melanoma of the Skin,446,25010,Skin excluding Basal and Squamous,Skin excluding Basal and Squamous,C440-C449,8747
Melanoma of the Skin,446,25010,Skin excluding Basal and Squamous,Skin excluding Basal and Squamous,C440-C449,8746
Melanoma of the Skin,446,25010,Skin excluding Basal and Squamous,Skin excluding Basal and Squamous,C440-C449,8745
Melanoma of the Skin,446,25010,Skin excluding Basal and Squamous,Skin excluding Basal and Squamous,C440-C449,8744
Melanoma of the Skin,446,25010,Skin excluding Basal and Squamous,Skin excluding Basal and Squamous,C440-C449,8743
Melanoma of the Skin,446,25010,Skin excluding Basal and Squamous,Skin excluding Basal and Squamous,C440-C449,8742
Melanoma of the Skin,446,25010,Skin excluding Basal and Squamous,Skin excluding Basal and Squamous,C440-C449,8741
Melanoma of the Skin,446,25010,Skin excluding Basal and Squamous,Skin excluding Basal and Squamous,C440-C449,8740
Melanoma of the Skin,446,25010,Skin excluding Basal and Squamous,Skin excluding Basal and Squamous,C440-C449,8739
Melanoma of the Skin,446,25010,Skin excluding Basal and Squamous,Skin excluding Basal and Squamous,C440-C449,8738
Melanoma of the Skin,446,25010,Skin excluding Basal and Squamous,Skin excluding Basal and Squamous,C440-C449,8737
Melanoma of the Skin,446,25010,Skin excluding Basal and Squamous,Skin excluding Basal and Squamous,C440-C449,8736
Melanoma of the Skin,446,25010,Skin excluding Basal and Squamous,Skin excluding Basal and Squamous,C440-C449,8735
Melanoma of the Skin,446,25010,Skin excluding Basal and Squamous,Skin excluding Basal and Squamous,C440-C449,8734
Melanoma of the Skin,446,25010,Skin excluding Basal and Squamous,Skin excluding Basal and Squamous,C440-C449,8733
Melanoma of the Skin,446,25010,Skin excluding Basal and Squamous,Skin excluding Basal and Squamous,C440-C449,8732
Melanoma of the Skin,446,25010,Skin excluding Basal and Squamous,Skin excluding Basal and Squamous,C440-C449,8731
Melanoma of the Skin,446,25010,Skin excluding Basal and Squamous,Skin excluding Basal and Squamous,C440-C449,8730
Melanoma of the Skin,446,25010,Skin excluding Basal and Squamous,Skin excluding Basal and Squamous,C440-C449,8729
Melanoma of the Skin,446,25010,Skin excluding Basal and Squamous,Skin excluding Basal and Squamous,C440-C449,8728
Melanoma of the Skin,446,25010,Skin excluding Basal and Squamous,Skin excluding Basal and Squamous,C440-C449,8727
Melanoma of the Skin,446,25010,Skin excluding Basal and Squamous,Skin excluding Basal and Squamous,C440-C449,8726
Melanoma of the Skin,446,25010,Skin excluding Basal and Squamous,Skin excluding Basal and Squamous,C440-C449,8725
Melanoma of the Skin,446,25010,Skin excluding Basal and Squamous,Skin excluding Basal and Squamous,C440-C449,8724
Melanoma of the Skin,446,25010,Skin excluding Basal and Squamous,Skin excluding Basal and Squamous,C440-C449,8723
Melanoma of the Skin,446,25010,Skin excluding Basal and Squamous,Skin excluding Basal and Squamous,C440-C449,8722
Melanoma of the Skin,446,25010,Skin excluding Basal and Squamous,Skin excluding Basal and Squamous,C440-C449,8721
Melanoma of the Skin,446,25010,Skin excluding Basal and Squamous,Skin excluding Basal and Squamous,C440-C449,8720
Melanoma of the Skin,447,25010,Skin excluding Basal and Squamous,Skin excluding Basal and Squamous,C440-C449,8790
Melanoma of the Skin,447,25010,Skin excluding Basal and Squamous,Skin excluding Basal and Squamous,C440-C449,8789
Melanoma of the Skin,447,25010,Skin excluding Basal and Squamous,Skin excluding Basal and Squamous,C440-C449,8788
Melanoma of the Skin,447,25010,Skin excluding Basal and Squamous,Skin excluding Basal and Squamous,C440-C449,8787
Melanoma of the Skin,447,25010,Skin excluding Basal and Squamous,Skin excluding Basal and Squamous,C440-C449,8786
Melanoma of the Skin,447,25010,Skin excluding Basal and Squamous,Skin excluding Basal and Squamous,C440-C449,8785
Melanoma of the Skin,447,25010,Skin excluding Basal and Squamous,Skin excluding Basal and Squamous,C440-C449,8784
Melanoma of the Skin,447,25010,Skin excluding Basal and Squamous,Skin excluding Basal and Squamous,C440-C449,8783
Melanoma of the Skin,447,25010,Skin excluding Basal and Squamous,Skin excluding Basal and Squamous,C440-C449,8782
Melanoma of the Skin,447,25010,Skin excluding Basal and Squamous,Skin excluding Basal and Squamous,C440-C449,8781
Melanoma of the Skin,447,25010,Skin excluding Basal and Squamous,Skin excluding Basal and Squamous,C440-C449,8780
Melanoma of the Skin,447,25010,Skin excluding Basal and Squamous,Skin excluding Basal and Squamous,C440-C449,8779
Melanoma of the Skin,447,25010,Skin excluding Basal and Squamous,Skin excluding Basal and Squamous,C440-C449,8778
Melanoma of the Skin,447,25010,Skin excluding Basal and Squamous,Skin excluding Basal and Squamous,C440-C449,8777
Melanoma of the Skin,447,25010,Skin excluding Basal and Squamous,Skin excluding Basal and Squamous,C440-C449,8776
Melanoma of the Skin,447,25010,Skin excluding Basal and Squamous,Skin excluding Basal and Squamous,C440-C449,8775
Melanoma of the Skin,447,25010,Skin excluding Basal and Squamous,Skin excluding Basal and Squamous,C440-C449,8774
Melanoma of the Skin,447,25010,Skin excluding Basal and Squamous,Skin excluding Basal and Squamous,C440-C449,8773
Melanoma of the Skin,447,25010,Skin excluding Basal and Squamous,Skin excluding Basal and Squamous,C440-C449,8772
Melanoma of the Skin,447,25010,Skin excluding Basal and Squamous,Skin excluding Basal and Squamous,C440-C449,8771
Melanoma of the Skin,447,25010,Skin excluding Basal and Squamous,Skin excluding Basal and Squamous,C440-C449,8770
Melanoma of the Skin,447,25010,Skin excluding Basal and Squamous,Skin excluding Basal and Squamous,C440-C449,8769
Melanoma of the Skin,447,25010,Skin excluding Basal and Squamous,Skin excluding Basal and Squamous,C440-C449,8768
Melanoma of the Skin,447,25010,Skin excluding Basal and Squamous,Skin excluding Basal and Squamous,C440-C449,8767
Melanoma of the Skin,447,25010,Skin excluding Basal and Squamous,Skin excluding Basal and Squamous,C440-C449,8766
Melanoma of the Skin,447,25010,Skin excluding Basal and Squamous,Skin excluding Basal and Squamous,C440-C449,8765
Melanoma of the Skin,447,25010,Skin excluding Basal and Squamous,Skin excluding Basal and Squamous,C440-C449,8764
Melanoma of the Skin,447,25010,Skin excluding Basal and Squamous,Skin excluding Basal and Squamous,C440-C449,8763
Melanoma of the Skin,447,25010,Skin excluding Basal and Squamous,Skin excluding Basal and Squamous,C440-C449,8762
Melanoma of the Skin,447,25010,Skin excluding Basal and Squamous,Skin excluding Basal and Squamous,C440-C449,8761
Melanoma of the Skin,447,25010,Skin excluding Basal and Squamous,Skin excluding Basal and Squamous,C440-C449,8760
Melanoma of the Skin,447,25010,Skin excluding Basal and Squamous,Skin excluding Basal and Squamous,C440-C449,8759
Melanoma of the Skin,447,25010,Skin excluding Basal and Squamous,Skin excluding Basal and Squamous,C440-C449,8758
Melanoma of the Skin,447,25010,Skin excluding Basal and Squamous,Skin excluding Basal and Squamous,C440-C449,8757
Melanoma of the Skin,447,25010,Skin excluding Basal and Squamous,Skin excluding Basal and Squamous,C440-C449,8756
Melanoma of the Skin,447,25010,Skin excluding Basal and Squamous,Skin excluding Basal and Squamous,C440-C449,8755
Melanoma of the Skin,447,25010,Skin excluding Basal and Squamous,Skin excluding Basal and Squamous,C440-C449,8754
Melanoma of the Skin,447,25010,Skin excluding Basal and Squamous,Skin excluding Basal and Squamous,C440-C449,8753
Melanoma of the Skin,447,25010,Skin excluding Basal and Squamous,Skin excluding Basal and Squamous,C440-C449,8752
Melanoma of the Skin,447,25010,Skin excluding Basal and Squamous,Skin excluding Basal and Squamous,C440-C449,8751
Melanoma of the Skin,447,25010,Skin excluding Basal and Squamous,Skin excluding Basal and Squamous,C440-C449,8750
Melanoma of the Skin,447,25010,Skin excluding Basal and Squamous,Skin excluding Basal and Squamous,C440-C449,8749
Melanoma of the Skin,447,25010,Skin excluding Basal and Squamous,Skin excluding Basal and Squamous,C440-C449,8748
Melanoma of the Skin,447,25010,Skin excluding Basal and Squamous,Skin excluding Basal and Squamous,C440-C449,8747
Melanoma of the Skin,447,25010,Skin excluding Basal and Squamous,Skin excluding Basal and Squamous,C440-C449,8746
Melanoma of the Skin,447,25010,Skin excluding Basal and Squamous,Skin excluding Basal and Squamous,C440-C449,8745
Melanoma of the Skin,447,25010,Skin excluding Basal and Squamous,Skin excluding Basal and Squamous,C440-C449,8744
Melanoma of the Skin,447,25010,Skin excluding Basal and Squamous,Skin excluding Basal and Squamous,C440-C449,8743
Melanoma of the Skin,447,25010,Skin excluding Basal and Squamous,Skin excluding Basal and Squamous,C440-C449,8742
Melanoma of the Skin,447,25010,Skin excluding Basal and Squamous,Skin excluding Basal and Squamous,C440-C449,8741
Melanoma of the Skin,447,25010,Skin excluding Basal and Squamous,Skin excluding Basal and Squamous,C440-C449,8740
Melanoma of the Skin,447,25010,Skin excluding Basal and Squamous,Skin excluding Basal and Squamous,C440-C449,8739
Melanoma of the Skin,447,25010,Skin excluding Basal and Squamous,Skin excluding Basal and Squamous,C440-C449,8738
Melanoma of the Skin,447,25010,Skin excluding Basal and Squamous,Skin excluding Basal and Squamous,C440-C449,8737
Melanoma of the Skin,447,25010,Skin excluding Basal and Squamous,Skin excluding Basal and Squamous,C440-C449,8736
Melanoma of the Skin,447,25010,Skin excluding Basal and Squamous,Skin excluding Basal and Squamous,C440-C449,8735
Melanoma of the Skin,447,25010,Skin excluding Basal and Squamous,Skin excluding Basal and Squamous,C440-C449,8734
Melanoma of the Skin,447,25010,Skin excluding Basal and Squamous,Skin excluding Basal and Squamous,C440-C449,8733
Melanoma of the Skin,447,25010,Skin excluding Basal and Squamous,Skin excluding Basal and Squamous,C440-C449,8732
Melanoma of the Skin,447,25010,Skin excluding Basal and Squamous,Skin excluding Basal and Squamous,C440-C449,8731
Melanoma of the Skin,447,25010,Skin excluding Basal and Squamous,Skin excluding Basal and Squamous,C440-C449,8730
Melanoma of the Skin,447,25010,Skin excluding Basal and Squamous,Skin excluding Basal and Squamous,C440-C449,8729
Melanoma of the Skin,447,25010,Skin excluding Basal and Squamous,Skin excluding Basal and Squamous,C440-C449,8728
Melanoma of the Skin,447,25010,Skin excluding Basal and Squamous,Skin excluding Basal and Squamous,C440-C449,8727
Melanoma of the Skin,447,25010,Skin excluding Basal and Squamous,Skin excluding Basal and Squamous,C440-C449,8726
Melanoma of the Skin,447,25010,Skin excluding Basal and Squamous,Skin excluding Basal and Squamous,C440-C449,8725
Melanoma of the Skin,447,25010,Skin excluding Basal and Squamous,Skin excluding Basal and Squamous,C440-C449,8724
Melanoma of the Skin,447,25010,Skin excluding Basal and Squamous,Skin excluding Basal and Squamous,C440-C449,8723
Melanoma of the Skin,447,25010,Skin excluding Basal and Squamous,Skin excluding Basal and Squamous,C440-C449,8722
Melanoma of the Skin,447,25010,Skin excluding Basal and Squamous,Skin excluding Basal and Squamous,C440-C449,8721
Melanoma of the Skin,447,25010,Skin excluding Basal and Squamous,Skin excluding Basal and Squamous,C440-C449,8720
Melanoma of the Skin,448,25010,Skin excluding Basal and Squamous,Skin excluding Basal and Squamous,C440-C449,8790
Melanoma of the Skin,448,25010,Skin excluding Basal and Squamous,Skin excluding Basal and Squamous,C440-C449,8789
Melanoma of the Skin,448,25010,Skin excluding Basal and Squamous,Skin excluding Basal and Squamous,C440-C449,8788
Melanoma of the Skin,448,25010,Skin excluding Basal and Squamous,Skin excluding Basal and Squamous,C440-C449,8787
Melanoma of the Skin,448,25010,Skin excluding Basal and Squamous,Skin excluding Basal and Squamous,C440-C449,8786
Melanoma of the Skin,448,25010,Skin excluding Basal and Squamous,Skin excluding Basal and Squamous,C440-C449,8785
Melanoma of the Skin,448,25010,Skin excluding Basal and Squamous,Skin excluding Basal and Squamous,C440-C449,8784
Melanoma of the Skin,448,25010,Skin excluding Basal and Squamous,Skin excluding Basal and Squamous,C440-C449,8783
Melanoma of the Skin,448,25010,Skin excluding Basal and Squamous,Skin excluding Basal and Squamous,C440-C449,8782
Melanoma of the Skin,448,25010,Skin excluding Basal and Squamous,Skin excluding Basal and Squamous,C440-C449,8781
Melanoma of the Skin,448,25010,Skin excluding Basal and Squamous,Skin excluding Basal and Squamous,C440-C449,8780
Melanoma of the Skin,448,25010,Skin excluding Basal and Squamous,Skin excluding Basal and Squamous,C440-C449,8779
Melanoma of the Skin,448,25010,Skin excluding Basal and Squamous,Skin excluding Basal and Squamous,C440-C449,8778
Melanoma of the Skin,448,25010,Skin excluding Basal and Squamous,Skin excluding Basal and Squamous,C440-C449,8777
Melanoma of the Skin,448,25010,Skin excluding Basal and Squamous,Skin excluding Basal and Squamous,C440-C449,8776
Melanoma of the Skin,448,25010,Skin excluding Basal and Squamous,Skin excluding Basal and Squamous,C440-C449,8775
Melanoma of the Skin,448,25010,Skin excluding Basal and Squamous,Skin excluding Basal and Squamous,C440-C449,8774
Melanoma of the Skin,448,25010,Skin excluding Basal and Squamous,Skin excluding Basal and Squamous,C440-C449,8773
Melanoma of the Skin,448,25010,Skin excluding Basal and Squamous,Skin excluding Basal and Squamous,C440-C449,8772
Melanoma of the Skin,448,25010,Skin excluding Basal and Squamous,Skin excluding Basal and Squamous,C440-C449,8771
Melanoma of the Skin,448,25010,Skin excluding Basal and Squamous,Skin excluding Basal and Squamous,C440-C449,8770
Melanoma of the Skin,448,25010,Skin excluding Basal and Squamous,Skin excluding Basal and Squamous,C440-C449,8769
Melanoma of the Skin,448,25010,Skin excluding Basal and Squamous,Skin excluding Basal and Squamous,C440-C449,8768
Melanoma of the Skin,448,25010,Skin excluding Basal and Squamous,Skin excluding Basal and Squamous,C440-C449,8767
Melanoma of the Skin,448,25010,Skin excluding Basal and Squamous,Skin excluding Basal and Squamous,C440-C449,8766
Melanoma of the Skin,448,25010,Skin excluding Basal and Squamous,Skin excluding Basal and Squamous,C440-C449,8765
Melanoma of the Skin,448,25010,Skin excluding Basal and Squamous,Skin excluding Basal and Squamous,C440-C449,8764
Melanoma of the Skin,448,25010,Skin excluding Basal and Squamous,Skin excluding Basal and Squamous,C440-C449,8763
Melanoma of the Skin,448,25010,Skin excluding Basal and Squamous,Skin excluding Basal and Squamous,C440-C449,8762
Melanoma of the Skin,448,25010,Skin excluding Basal and Squamous,Skin excluding Basal and Squamous,C440-C449,8761
Melanoma of the Skin,448,25010,Skin excluding Basal and Squamous,Skin excluding Basal and Squamous,C440-C449,8760
Melanoma of the Skin,448,25010,Skin excluding Basal and Squamous,Skin excluding Basal and Squamous,C440-C449,8759
Melanoma of the Skin,448,25010,Skin excluding Basal and Squamous,Skin excluding Basal and Squamous,C440-C449,8758
Melanoma of the Skin,448,25010,Skin excluding Basal and Squamous,Skin excluding Basal and Squamous,C440-C449,8757
Melanoma of the Skin,448,25010,Skin excluding Basal and Squamous,Skin excluding Basal and Squamous,C440-C449,8756
Melanoma of the Skin,448,25010,Skin excluding Basal and Squamous,Skin excluding Basal and Squamous,C440-C449,8755
Melanoma of the Skin,448,25010,Skin excluding Basal and Squamous,Skin excluding Basal and Squamous,C440-C449,8754
Melanoma of the Skin,448,25010,Skin excluding Basal and Squamous,Skin excluding Basal and Squamous,C440-C449,8753
Melanoma of the Skin,448,25010,Skin excluding Basal and Squamous,Skin excluding Basal and Squamous,C440-C449,8752
Melanoma of the Skin,448,25010,Skin excluding Basal and Squamous,Skin excluding Basal and Squamous,C440-C449,8751
Melanoma of the Skin,448,25010,Skin excluding Basal and Squamous,Skin excluding Basal and Squamous,C440-C449,8750
Melanoma of the Skin,448,25010,Skin excluding Basal and Squamous,Skin excluding Basal and Squamous,C440-C449,8749
Melanoma of the Skin,448,25010,Skin excluding Basal and Squamous,Skin excluding Basal and Squamous,C440-C449,8748
Melanoma of the Skin,448,25010,Skin excluding Basal and Squamous,Skin excluding Basal and Squamous,C440-C449,8747
Melanoma of the Skin,448,25010,Skin excluding Basal and Squamous,Skin excluding Basal and Squamous,C440-C449,8746
Melanoma of the Skin,448,25010,Skin excluding Basal and Squamous,Skin excluding Basal and Squamous,C440-C449,8745
Melanoma of the Skin,448,25010,Skin excluding Basal and Squamous,Skin excluding Basal and Squamous,C440-C449,8744
Melanoma of the Skin,448,25010,Skin excluding Basal and Squamous,Skin excluding Basal and Squamous,C440-C449,8743
Melanoma of the Skin,448,25010,Skin excluding Basal and Squamous,Skin excluding Basal and Squamous,C440-C449,8742
Melanoma of the Skin,448,25010,Skin excluding Basal and Squamous,Skin excluding Basal and Squamous,C440-C449,8741
Melanoma of the Skin,448,25010,Skin excluding Basal and Squamous,Skin excluding Basal and Squamous,C440-C449,8740
Melanoma of the Skin,448,25010,Skin excluding Basal and Squamous,Skin excluding Basal and Squamous,C440-C449,8739
Melanoma of the Skin,448,25010,Skin excluding Basal and Squamous,Skin excluding Basal and Squamous,C440-C449,8738
Melanoma of the Skin,448,25010,Skin excluding Basal and Squamous,Skin excluding Basal and Squamous,C440-C449,8737
Melanoma of the Skin,448,25010,Skin excluding Basal and Squamous,Skin excluding Basal and Squamous,C440-C449,8736
Melanoma of the Skin,448,25010,Skin excluding Basal and Squamous,Skin excluding Basal and Squamous,C440-C449,8735
Melanoma of the Skin,448,25010,Skin excluding Basal and Squamous,Skin excluding Basal and Squamous,C440-C449,8734
Melanoma of the Skin,448,25010,Skin excluding Basal and Squamous,Skin excluding Basal and Squamous,C440-C449,8733
Melanoma of the Skin,448,25010,Skin excluding Basal and Squamous,Skin excluding Basal and Squamous,C440-C449,8732
Melanoma of the Skin,448,25010,Skin excluding Basal and Squamous,Skin excluding Basal and Squamous,C440-C449,8731
Melanoma of the Skin,448,25010,Skin excluding Basal and Squamous,Skin excluding Basal and Squamous,C440-C449,8730
Melanoma of the Skin,448,25010,Skin excluding Basal and Squamous,Skin excluding Basal and Squamous,C440-C449,8729
Melanoma of the Skin,448,25010,Skin excluding Basal and Squamous,Skin excluding Basal and Squamous,C440-C449,8728
Melanoma of the Skin,448,25010,Skin excluding Basal and Squamous,Skin excluding Basal and Squamous,C440-C449,8727
Melanoma of the Skin,448,25010,Skin excluding Basal and Squamous,Skin excluding Basal and Squamous,C440-C449,8726
Melanoma of the Skin,448,25010,Skin excluding Basal and Squamous,Skin excluding Basal and Squamous,C440-C449,8725
Melanoma of the Skin,448,25010,Skin excluding Basal and Squamous,Skin excluding Basal and Squamous,C440-C449,8724
Melanoma of the Skin,448,25010,Skin excluding Basal and Squamous,Skin excluding Basal and Squamous,C440-C449,8723
Melanoma of the Skin,448,25010,Skin excluding Basal and Squamous,Skin excluding Basal and Squamous,C440-C449,8722
Melanoma of the Skin,448,25010,Skin excluding Basal and Squamous,Skin excluding Basal and Squamous,C440-C449,8721
Melanoma of the Skin,448,25010,Skin excluding Basal and Squamous,Skin excluding Basal and Squamous,C440-C449,8720
Melanoma of the Skin,449,25010,Skin excluding Basal and Squamous,Skin excluding Basal and Squamous,C440-C449,8790
Melanoma of the Skin,449,25010,Skin excluding Basal and Squamous,Skin excluding Basal and Squamous,C440-C449,8789
Melanoma of the Skin,449,25010,Skin excluding Basal and Squamous,Skin excluding Basal and Squamous,C440-C449,8788
Melanoma of the Skin,449,25010,Skin excluding Basal and Squamous,Skin excluding Basal and Squamous,C440-C449,8787
Melanoma of the Skin,449,25010,Skin excluding Basal and Squamous,Skin excluding Basal and Squamous,C440-C449,8786
Melanoma of the Skin,449,25010,Skin excluding Basal and Squamous,Skin excluding Basal and Squamous,C440-C449,8785
Melanoma of the Skin,449,25010,Skin excluding Basal and Squamous,Skin excluding Basal and Squamous,C440-C449,8784
Melanoma of the Skin,449,25010,Skin excluding Basal and Squamous,Skin excluding Basal and Squamous,C440-C449,8783
Melanoma of the Skin,449,25010,Skin excluding Basal and Squamous,Skin excluding Basal and Squamous,C440-C449,8782
Melanoma of the Skin,449,25010,Skin excluding Basal and Squamous,Skin excluding Basal and Squamous,C440-C449,8781
Melanoma of the Skin,449,25010,Skin excluding Basal and Squamous,Skin excluding Basal and Squamous,C440-C449,8780
Melanoma of the Skin,449,25010,Skin excluding Basal and Squamous,Skin excluding Basal and Squamous,C440-C449,8779
Melanoma of the Skin,449,25010,Skin excluding Basal and Squamous,Skin excluding Basal and Squamous,C440-C449,8778
Melanoma of the Skin,449,25010,Skin excluding Basal and Squamous,Skin excluding Basal and Squamous,C440-C449,8777
Melanoma of the Skin,449,25010,Skin excluding Basal and Squamous,Skin excluding Basal and Squamous,C440-C449,8776
Melanoma of the Skin,449,25010,Skin excluding Basal and Squamous,Skin excluding Basal and Squamous,C440-C449,8775
Melanoma of the Skin,449,25010,Skin excluding Basal and Squamous,Skin excluding Basal and Squamous,C440-C449,8774
Melanoma of the Skin,449,25010,Skin excluding Basal and Squamous,Skin excluding Basal and Squamous,C440-C449,8773
Melanoma of the Skin,449,25010,Skin excluding Basal and Squamous,Skin excluding Basal and Squamous,C440-C449,8772
Melanoma of the Skin,449,25010,Skin excluding Basal and Squamous,Skin excluding Basal and Squamous,C440-C449,8771
Melanoma of the Skin,449,25010,Skin excluding Basal and Squamous,Skin excluding Basal and Squamous,C440-C449,8770
Melanoma of the Skin,449,25010,Skin excluding Basal and Squamous,Skin excluding Basal and Squamous,C440-C449,8769
Melanoma of the Skin,449,25010,Skin excluding Basal and Squamous,Skin excluding Basal and Squamous,C440-C449,8768
Melanoma of the Skin,449,25010,Skin excluding Basal and Squamous,Skin excluding Basal and Squamous,C440-C449,8767
Melanoma of the Skin,449,25010,Skin excluding Basal and Squamous,Skin excluding Basal and Squamous,C440-C449,8766
Melanoma of the Skin,449,25010,Skin excluding Basal and Squamous,Skin excluding Basal and Squamous,C440-C449,8765
Melanoma of the Skin,449,25010,Skin excluding Basal and Squamous,Skin excluding Basal and Squamous,C440-C449,8764
Melanoma of the Skin,449,25010,Skin excluding Basal and Squamous,Skin excluding Basal and Squamous,C440-C449,8763
Melanoma of the Skin,449,25010,Skin excluding Basal and Squamous,Skin excluding Basal and Squamous,C440-C449,8762
Melanoma of the Skin,449,25010,Skin excluding Basal and Squamous,Skin excluding Basal and Squamous,C440-C449,8761
Melanoma of the Skin,449,25010,Skin excluding Basal and Squamous,Skin excluding Basal and Squamous,C440-C449,8760
Melanoma of the Skin,449,25010,Skin excluding Basal and Squamous,Skin excluding Basal and Squamous,C440-C449,8759
Melanoma of the Skin,449,25010,Skin excluding Basal and Squamous,Skin excluding Basal and Squamous,C440-C449,8758
Melanoma of the Skin,449,25010,Skin excluding Basal and Squamous,Skin excluding Basal and Squamous,C440-C449,8757
Melanoma of the Skin,449,25010,Skin excluding Basal and Squamous,Skin excluding Basal and Squamous,C440-C449,8756
Melanoma of the Skin,449,25010,Skin excluding Basal and Squamous,Skin excluding Basal and Squamous,C440-C449,8755
Melanoma of the Skin,449,25010,Skin excluding Basal and Squamous,Skin excluding Basal and Squamous,C440-C449,8754
Melanoma of the Skin,449,25010,Skin excluding Basal and Squamous,Skin excluding Basal and Squamous,C440-C449,8753
Melanoma of the Skin,449,25010,Skin excluding Basal and Squamous,Skin excluding Basal and Squamous,C440-C449,8752
Melanoma of the Skin,449,25010,Skin excluding Basal and Squamous,Skin excluding Basal and Squamous,C440-C449,8751
Melanoma of the Skin,449,25010,Skin excluding Basal and Squamous,Skin excluding Basal and Squamous,C440-C449,8750
Melanoma of the Skin,449,25010,Skin excluding Basal and Squamous,Skin excluding Basal and Squamous,C440-C449,8749
Melanoma of the Skin,449,25010,Skin excluding Basal and Squamous,Skin excluding Basal and Squamous,C440-C449,8748
Melanoma of the Skin,449,25010,Skin excluding Basal and Squamous,Skin excluding Basal and Squamous,C440-C449,8747
Melanoma of the Skin,449,25010,Skin excluding Basal and Squamous,Skin excluding Basal and Squamous,C440-C449,8746
Melanoma of the Skin,449,25010,Skin excluding Basal and Squamous,Skin excluding Basal and Squamous,C440-C449,8745
Melanoma of the Skin,449,25010,Skin excluding Basal and Squamous,Skin excluding Basal and Squamous,C440-C449,8744
Melanoma of the Skin,449,25010,Skin excluding Basal and Squamous,Skin excluding Basal and Squamous,C440-C449,8743
Melanoma of the Skin,449,25010,Skin excluding Basal and Squamous,Skin excluding Basal and Squamous,C440-C449,8742
Melanoma of the Skin,449,25010,Skin excluding Basal and Squamous,Skin excluding Basal and Squamous,C440-C449,8741
Melanoma of the Skin,449,25010,Skin excluding Basal and Squamous,Skin excluding Basal and Squamous,C440-C449,8740
Melanoma of the Skin,449,25010,Skin excluding Basal and Squamous,Skin excluding Basal and Squamous,C440-C449,8739
Melanoma of the Skin,449,25010,Skin excluding Basal and Squamous,Skin excluding Basal and Squamous,C440-C449,8738
Melanoma of the Skin,449,25010,Skin excluding Basal and Squamous,Skin excluding Basal and Squamous,C440-C449,8737
Melanoma of the Skin,449,25010,Skin excluding Basal and Squamous,Skin excluding Basal and Squamous,C440-C449,8736
Melanoma of the Skin,449,25010,Skin excluding Basal and Squamous,Skin excluding Basal and Squamous,C440-C449,8735
Melanoma of the Skin,449,25010,Skin excluding Basal and Squamous,Skin excluding Basal and Squamous,C440-C449,8734
Melanoma of the Skin,449,25010,Skin excluding Basal and Squamous,Skin excluding Basal and Squamous,C440-C449,8733
Melanoma of the Skin,449,25010,Skin excluding Basal and Squamous,Skin excluding Basal and Squamous,C440-C449,8732
Melanoma of the Skin,449,25010,Skin excluding Basal and Squamous,Skin excluding Basal and Squamous,C440-C449,8731
Melanoma of the Skin,449,25010,Skin excluding Basal and Squamous,Skin excluding Basal and Squamous,C440-C449,8730
Melanoma of the Skin,449,25010,Skin excluding Basal and Squamous,Skin excluding Basal and Squamous,C440-C449,8729
Melanoma of the Skin,449,25010,Skin excluding Basal and Squamous,Skin excluding Basal and Squamous,C440-C449,8728
Melanoma of the Skin,449,25010,Skin excluding Basal and Squamous,Skin excluding Basal and Squamous,C440-C449,8727
Melanoma of the Skin,449,25010,Skin excluding Basal and Squamous,Skin excluding Basal and Squamous,C440-C449,8726
Melanoma of the Skin,449,25010,Skin excluding Basal and Squamous,Skin excluding Basal and Squamous,C440-C449,8725
Melanoma of the Skin,449,25010,Skin excluding Basal and Squamous,Skin excluding Basal and Squamous,C440-C449,8724
Melanoma of the Skin,449,25010,Skin excluding Basal and Squamous,Skin excluding Basal and Squamous,C440-C449,8723
Melanoma of the Skin,449,25010,Skin excluding Basal and Squamous,Skin excluding Basal and Squamous,C440-C449,8722
Melanoma of the Skin,449,25010,Skin excluding Basal and Squamous,Skin excluding Basal and Squamous,C440-C449,8721
Melanoma of the Skin,449,25010,Skin excluding Basal and Squamous,Skin excluding Basal and Squamous,C440-C449,8720
Other Non-Epithelial Skin,440,25020,Skin excluding Basal and Squamous,Skin excluding Basal and Squamous,null,null
Other Non-Epithelial Skin,441,25020,Skin excluding Basal and Squamous,Skin excluding Basal and Squamous,null,null
Other Non-Epithelial Skin,442,25020,Skin excluding Basal and Squamous,Skin excluding Basal and Squamous,null,null
Other Non-Epithelial Skin,443,25020,Skin excluding Basal and Squamous,Skin excluding Basal and Squamous,null,null
Other Non-Epithelial Skin,444,25020,Skin excluding Basal and Squamous,Skin excluding Basal and Squamous,null,null
Other Non-Epithelial Skin,445,25020,Skin excluding Basal and Squamous,Skin excluding Basal and Squamous,null,null
Other Non-Epithelial Skin,446,25020,Skin excluding Basal and Squamous,Skin excluding Basal and Squamous,null,null
Other Non-Epithelial Skin,447,25020,Skin excluding Basal and Squamous,Skin excluding Basal and Squamous,null,null
Other Non-Epithelial Skin,448,25020,Skin excluding Basal and Squamous,Skin excluding Basal and Squamous,null,null
Other Non-Epithelial Skin,449,25020,Skin excluding Basal and Squamous,Skin excluding Basal and Squamous,null,null
Breast,500,26000,Breast,Breast,null,null
Breast,501,26000,Breast,Breast,null,null
Breast,502,26000,Breast,Breast,null,null
Breast,503,26000,Breast,Breast,null,null
Breast,504,26000,Breast,Breast,null,null
Breast,505,26000,Breast,Breast,null,null
Breast,506,26000,Breast,Breast,null,null
Breast,507,26000,Breast,Breast,null,null
Breast,508,26000,Breast,Breast,null,null
Breast,509,26000,Breast,Breast,null,null
Cervix Uteri,530,27010,Female genital system,Female genital system,null,null
Cervix Uteri,531,27010,Female genital system,Female genital system,null,null
Cervix Uteri,532,27010,Female genital system,Female genital system,null,null
Cervix Uteri,533,27010,Female genital system,Female genital system,null,null
Cervix Uteri,534,27010,Female genital system,Female genital system,null,null
Cervix Uteri,535,27010,Female genital system,Female genital system,null,null
Cervix Uteri,536,27010,Female genital system,Female genital system,null,null
Cervix Uteri,537,27010,Female genital system,Female genital system,null,null
Cervix Uteri,538,27010,Female genital system,Female genital system,null,null
Cervix Uteri,539,27010,Female genital system,Female genital system,null,null
Corpus Uteri,540,27020,"Corpus and Uterus, NOS",Female genital system,null,null
Corpus Uteri,541,27020,"Corpus and Uterus, NOS",Female genital system,null,null
Corpus Uteri,542,27020,"Corpus and Uterus, NOS",Female genital system,null,null
Corpus Uteri,543,27020,"Corpus and Uterus, NOS",Female genital system,null,null
Corpus Uteri,544,27020,"Corpus and Uterus, NOS",Female genital system,null,null
Corpus Uteri,545,27020,"Corpus and Uterus, NOS",Female genital system,null,null
Corpus Uteri,546,27020,"Corpus and Uterus, NOS",Female genital system,null,null
Corpus Uteri,547,27020,"Corpus and Uterus, NOS",Female genital system,null,null
Corpus Uteri,548,27020,"Corpus and Uterus, NOS",Female genital system,null,null
Corpus Uteri,549,27020,"Corpus and Uterus, NOS",Female genital system,null,null
"Uterus, NOS",559,27030,"Corpus and Uterus, NOS",Female genital system,null,null
Ovary,569,27040,"Corpus and Uterus, NOS",Female genital system,null,null
Vagina,529,27050,"Corpus and Uterus, NOS",Female genital system,null,null
Vulva,510,27060,"Corpus and Uterus, NOS",Female genital system,null,null
Vulva,511,27060,"Corpus and Uterus, NOS",Female genital system,null,null
Vulva,512,27060,"Corpus and Uterus, NOS",Female genital system,null,null
Vulva,513,27060,"Corpus and Uterus, NOS",Female genital system,null,null
Vulva,514,27060,"Corpus and Uterus, NOS",Female genital system,null,null
Vulva,515,27060,"Corpus and Uterus, NOS",Female genital system,null,null
Vulva,516,27060,"Corpus and Uterus, NOS",Female genital system,null,null
Vulva,517,27060,"Corpus and Uterus, NOS",Female genital system,null,null
Vulva,518,27060,"Corpus and Uterus, NOS",Female genital system,null,null
Vulva,519,27060,"Corpus and Uterus, NOS",Female genital system,null,null
Other Female Genital Organs,570,27070,"Corpus and Uterus, NOS",Female genital system,null,null
Other Female Genital Organs,571,27070,"Corpus and Uterus, NOS",Female genital system,null,null
Other Female Genital Organs,572,27070,"Corpus and Uterus, NOS",Female genital system,null,null
Other Female Genital Organs,573,27070,"Corpus and Uterus, NOS",Female genital system,null,null
Other Female Genital Organs,574,27070,"Corpus and Uterus, NOS",Female genital system,null,null
Other Female Genital Organs,575,27070,"Corpus and Uterus, NOS",Female genital system,null,null
Other Female Genital Organs,576,27070,"Corpus and Uterus, NOS",Female genital system,null,null
Other Female Genital Organs,577,27070,"Corpus and Uterus, NOS",Female genital system,null,null
Other Female Genital Organs,578,27070,"Corpus and Uterus, NOS",Female genital system,null,null
Other Female Genital Organs,579,27070,"Corpus and Uterus, NOS",Female genital system,null,null
Other Female Genital Organs,589,27070,"Corpus and Uterus, NOS",Female genital system,null,null
Prostate,619,28010,Male genital system,Male genital system,null,null
Testis,620,28020,Male genital system,Male genital system,null,null
Testis,621,28020,Male genital system,Male genital system,null,null
Testis,622,28020,Male genital system,Male genital system,null,null
Testis,623,28020,Male genital system,Male genital system,null,null
Testis,624,28020,Male genital system,Male genital system,null,null
Testis,625,28020,Male genital system,Male genital system,null,null
Testis,626,28020,Male genital system,Male genital system,null,null
Testis,627,28020,Male genital system,Male genital system,null,null
Testis,628,28020,Male genital system,Male genital system,null,null
Testis,629,28020,Male genital system,Male genital system,null,null
Penis,600,28030,Male genital system,Male genital system,null,null
Penis,601,28030,Male genital system,Male genital system,null,null
Penis,602,28030,Male genital system,Male genital system,null,null
Penis,603,28030,Male genital system,Male genital system,null,null
Penis,604,28030,Male genital system,Male genital system,null,null
Penis,605,28030,Male genital system,Male genital system,null,null
Penis,606,28030,Male genital system,Male genital system,null,null
Penis,607,28030,Male genital system,Male genital system,null,null
Penis,608,28030,Male genital system,Male genital system,null,null
Penis,609,28030,Male genital system,Male genital system,null,null
Other Male Genital Organs,630,28040,Male genital system,Male genital system,null,null
Other Male Genital Organs,631,28040,Male genital system,Male genital system,null,null
Other Male Genital Organs,632,28040,Male genital system,Male genital system,null,null
Other Male Genital Organs,633,28040,Male genital system,Male genital system,null,null
Other Male Genital Organs,634,28040,Male genital system,Male genital system,null,null
Other Male Genital Organs,635,28040,Male genital system,Male genital system,null,null
Other Male Genital Organs,636,28040,Male genital system,Male genital system,null,null
Other Male Genital Organs,637,28040,Male genital system,Male genital system,null,null
Other Male Genital Organs,638,28040,Male genital system,Male genital system,null,null
Other Male Genital Organs,639,28040,Male genital system,Male genital system,null,null
Urinary Bladder,670,29010,Urinary system,Urinary system,null,null
Urinary Bladder,671,29010,Urinary system,Urinary system,null,null
Urinary Bladder,672,29010,Urinary system,Urinary system,null,null
Urinary Bladder,673,29010,Urinary system,Urinary system,null,null
Urinary Bladder,674,29010,Urinary system,Urinary system,null,null
Urinary Bladder,675,29010,Urinary system,Urinary system,null,null
Urinary Bladder,676,29010,Urinary system,Urinary system,null,null
Urinary Bladder,677,29010,Urinary system,Urinary system,null,null
Urinary Bladder,678,29010,Urinary system,Urinary system,null,null
Urinary Bladder,679,29010,Urinary system,Urinary system,null,null
Kidney and Renal Pelvis,649,29020,Urinary system,Urinary system,null,null
Kidney and Renal Pelvis,659,29020,Urinary system,Urinary system,null,null
Ureter,669,29030,Urinary system,Urinary system,null,null
Other Urinary Organs,680,29040,Urinary system,Urinary system,null,null
Other Urinary Organs,681,29040,Urinary system,Urinary system,null,null
Other Urinary Organs,682,29040,Urinary system,Urinary system,null,null
Other Urinary Organs,683,29040,Urinary system,Urinary system,null,null
Other Urinary Organs,684,29040,Urinary system,Urinary system,null,null
Other Urinary Organs,685,29040,Urinary system,Urinary system,null,null
Other Urinary Organs,686,29040,Urinary system,Urinary system,null,null
Other Urinary Organs,687,29040,Urinary system,Urinary system,null,null
Other Urinary Organs,688,29040,Urinary system,Urinary system,null,null
Other Urinary Organs,689,29040,Urinary system,Urinary system,null,null
Eye and Orbit,690,30000,Eye and Orbit,Eye and Orbit,null,null
Eye and Orbit,691,30000,Eye and Orbit,Eye and Orbit,null,null
Eye and Orbit,692,30000,Eye and Orbit,Eye and Orbit,null,null
Eye and Orbit,693,30000,Eye and Orbit,Eye and Orbit,null,null
Eye and Orbit,694,30000,Eye and Orbit,Eye and Orbit,null,null
Eye and Orbit,695,30000,Eye and Orbit,Eye and Orbit,null,null
Eye and Orbit,696,30000,Eye and Orbit,Eye and Orbit,null,null
Eye and Orbit,697,30000,Eye and Orbit,Eye and Orbit,null,null
Eye and Orbit,698,30000,Eye and Orbit,Eye and Orbit,null,null
Eye and Orbit,699,30000,Eye and Orbit,Eye and Orbit,null,null
Brain,710,31010,Brain and other nervous system,Brain and other nervous system,null,null
Brain,711,31010,Brain and other nervous system,Brain and other nervous system,null,null
Brain,712,31010,Brain and other nervous system,Brain and other nervous system,null,null
Brain,713,31010,Brain and other nervous system,Brain and other nervous system,null,null
Brain,714,31010,Brain and other nervous system,Brain and other nervous system,null,null
Brain,715,31010,Brain and other nervous system,Brain and other nervous system,null,null
Brain,716,31010,Brain and other nervous system,Brain and other nervous system,null,null
Brain,717,31010,Brain and other nervous system,Brain and other nervous system,null,null
Brain,718,31010,Brain and other nervous system,Brain and other nervous system,null,null
Brain,719,31010,Brain and other nervous system,Brain and other nervous system,null,null
Cranial Nerves Other Nervous System,710,31040,Brain and other nervous system,Brain and other nervous system,C710-C719,9539
Cranial Nerves Other Nervous System,710,31040,Brain and other nervous system,Brain and other nervous system,C710-C719,9538
Cranial Nerves Other Nervous System,710,31040,Brain and other nervous system,Brain and other nervous system,C710-C719,9537
Cranial Nerves Other Nervous System,710,31040,Brain and other nervous system,Brain and other nervous system,C710-C719,9536
Cranial Nerves Other Nervous System,710,31040,Brain and other nervous system,Brain and other nervous system,C710-C719,9535
Cranial Nerves Other Nervous System,710,31040,Brain and other nervous system,Brain and other nervous system,C710-C719,9534
Cranial Nerves Other Nervous System,710,31040,Brain and other nervous system,Brain and other nervous system,C710-C719,9533
Cranial Nerves Other Nervous System,710,31040,Brain and other nervous system,Brain and other nervous system,C710-C719,9532
Cranial Nerves Other Nervous System,710,31040,Brain and other nervous system,Brain and other nervous system,C710-C719,9531
Cranial Nerves Other Nervous System,710,31040,Brain and other nervous system,Brain and other nervous system,C710-C719,9530
Cranial Nerves Other Nervous System,711,31040,Brain and other nervous system,Brain and other nervous system,C710-C719,9539
Cranial Nerves Other Nervous System,711,31040,Brain and other nervous system,Brain and other nervous system,C710-C719,9538
Cranial Nerves Other Nervous System,711,31040,Brain and other nervous system,Brain and other nervous system,C710-C719,9537
Cranial Nerves Other Nervous System,711,31040,Brain and other nervous system,Brain and other nervous system,C710-C719,9536
Cranial Nerves Other Nervous System,711,31040,Brain and other nervous system,Brain and other nervous system,C710-C719,9535
Cranial Nerves Other Nervous System,711,31040,Brain and other nervous system,Brain and other nervous system,C710-C719,9534
Cranial Nerves Other Nervous System,711,31040,Brain and other nervous system,Brain and other nervous system,C710-C719,9533
Cranial Nerves Other Nervous System,711,31040,Brain and other nervous system,Brain and other nervous system,C710-C719,9532
Cranial Nerves Other Nervous System,711,31040,Brain and other nervous system,Brain and other nervous system,C710-C719,9531
Cranial Nerves Other Nervous System,711,31040,Brain and other nervous system,Brain and other nervous system,C710-C719,9530
Cranial Nerves Other Nervous System,712,31040,Brain and other nervous system,Brain and other nervous system,C710-C719,9539
Cranial Nerves Other Nervous System,712,31040,Brain and other nervous system,Brain and other nervous system,C710-C719,9538
Cranial Nerves Other Nervous System,712,31040,Brain and other nervous system,Brain and other nervous system,C710-C719,9537
Cranial Nerves Other Nervous System,712,31040,Brain and other nervous system,Brain and other nervous system,C710-C719,9536
Cranial Nerves Other Nervous System,712,31040,Brain and other nervous system,Brain and other nervous system,C710-C719,9535
Cranial Nerves Other Nervous System,712,31040,Brain and other nervous system,Brain and other nervous system,C710-C719,9534
Cranial Nerves Other Nervous System,712,31040,Brain and other nervous system,Brain and other nervous system,C710-C719,9533
Cranial Nerves Other Nervous System,712,31040,Brain and other nervous system,Brain and other nervous system,C710-C719,9532
Cranial Nerves Other Nervous System,712,31040,Brain and other nervous system,Brain and other nervous system,C710-C719,9531
Cranial Nerves Other Nervous System,712,31040,Brain and other nervous system,Brain and other nervous system,C710-C719,9530
Cranial Nerves Other Nervous System,713,31040,Brain and other nervous system,Brain and other nervous system,C710-C719,9539
Cranial Nerves Other Nervous System,713,31040,Brain and other nervous system,Brain and other nervous system,C710-C719,9538
Cranial Nerves Other Nervous System,713,31040,Brain and other nervous system,Brain and other nervous system,C710-C719,9537
Cranial Nerves Other Nervous System,713,31040,Brain and other nervous system,Brain and other nervous system,C710-C719,9536
Cranial Nerves Other Nervous System,713,31040,Brain and other nervous system,Brain and other nervous system,C710-C719,9535
Cranial Nerves Other Nervous System,713,31040,Brain and other nervous system,Brain and other nervous system,C710-C719,9534
Cranial Nerves Other Nervous System,713,31040,Brain and other nervous system,Brain and other nervous system,C710-C719,9533
Cranial Nerves Other Nervous System,713,31040,Brain and other nervous system,Brain and other nervous system,C710-C719,9532
Cranial Nerves Other Nervous System,713,31040,Brain and other nervous system,Brain and other nervous system,C710-C719,9531
Cranial Nerves Other Nervous System,713,31040,Brain and other nervous system,Brain and other nervous system,C710-C719,9530
Cranial Nerves Other Nervous System,714,31040,Brain and other nervous system,Brain and other nervous system,C710-C719,9539
Cranial Nerves Other Nervous System,714,31040,Brain and other nervous system,Brain and other nervous system,C710-C719,9538
Cranial Nerves Other Nervous System,714,31040,Brain and other nervous system,Brain and other nervous system,C710-C719,9537
Cranial Nerves Other Nervous System,714,31040,Brain and other nervous system,Brain and other nervous system,C710-C719,9536
Cranial Nerves Other Nervous System,714,31040,Brain and other nervous system,Brain and other nervous system,C710-C719,9535
Cranial Nerves Other Nervous System,714,31040,Brain and other nervous system,Brain and other nervous system,C710-C719,9534
Cranial Nerves Other Nervous System,714,31040,Brain and other nervous system,Brain and other nervous system,C710-C719,9533
Cranial Nerves Other Nervous System,714,31040,Brain and other nervous system,Brain and other nervous system,C710-C719,9532
Cranial Nerves Other Nervous System,714,31040,Brain and other nervous system,Brain and other nervous system,C710-C719,9531
Cranial Nerves Other Nervous System,714,31040,Brain and other nervous system,Brain and other nervous system,C710-C719,9530
Cranial Nerves Other Nervous System,715,31040,Brain and other nervous system,Brain and other nervous system,C710-C719,9539
Cranial Nerves Other Nervous System,715,31040,Brain and other nervous system,Brain and other nervous system,C710-C719,9538
Cranial Nerves Other Nervous System,715,31040,Brain and other nervous system,Brain and other nervous system,C710-C719,9537
Cranial Nerves Other Nervous System,715,31040,Brain and other nervous system,Brain and other nervous system,C710-C719,9536
Cranial Nerves Other Nervous System,715,31040,Brain and other nervous system,Brain and other nervous system,C710-C719,9535
Cranial Nerves Other Nervous System,715,31040,Brain and other nervous system,Brain and other nervous system,C710-C719,9534
Cranial Nerves Other Nervous System,715,31040,Brain and other nervous system,Brain and other nervous system,C710-C719,9533
Cranial Nerves Other Nervous System,715,31040,Brain and other nervous system,Brain and other nervous system,C710-C719,9532
Cranial Nerves Other Nervous System,715,31040,Brain and other nervous system,Brain and other nervous system,C710-C719,9531
Cranial Nerves Other Nervous System,715,31040,Brain and other nervous system,Brain and other nervous system,C710-C719,9530
Cranial Nerves Other Nervous System,716,31040,Brain and other nervous system,Brain and other nervous system,C710-C719,9539
Cranial Nerves Other Nervous System,716,31040,Brain and other nervous system,Brain and other nervous system,C710-C719,9538
Cranial Nerves Other Nervous System,716,31040,Brain and other nervous system,Brain and other nervous system,C710-C719,9537
Cranial Nerves Other Nervous System,716,31040,Brain and other nervous system,Brain and other nervous system,C710-C719,9536
Cranial Nerves Other Nervous System,716,31040,Brain and other nervous system,Brain and other nervous system,C710-C719,9535
Cranial Nerves Other Nervous System,716,31040,Brain and other nervous system,Brain and other nervous system,C710-C719,9534
Cranial Nerves Other Nervous System,716,31040,Brain and other nervous system,Brain and other nervous system,C710-C719,9533
Cranial Nerves Other Nervous System,716,31040,Brain and other nervous system,Brain and other nervous system,C710-C719,9532
Cranial Nerves Other Nervous System,716,31040,Brain and other nervous system,Brain and other nervous system,C710-C719,9531
Cranial Nerves Other Nervous System,716,31040,Brain and other nervous system,Brain and other nervous system,C710-C719,9530
Cranial Nerves Other Nervous System,717,31040,Brain and other nervous system,Brain and other nervous system,C710-C719,9539
Cranial Nerves Other Nervous System,717,31040,Brain and other nervous system,Brain and other nervous system,C710-C719,9538
Cranial Nerves Other Nervous System,717,31040,Brain and other nervous system,Brain and other nervous system,C710-C719,9537
Cranial Nerves Other Nervous System,717,31040,Brain and other nervous system,Brain and other nervous system,C710-C719,9536
Cranial Nerves Other Nervous System,717,31040,Brain and other nervous system,Brain and other nervous system,C710-C719,9535
Cranial Nerves Other Nervous System,717,31040,Brain and other nervous system,Brain and other nervous system,C710-C719,9534
Cranial Nerves Other Nervous System,717,31040,Brain and other nervous system,Brain and other nervous system,C710-C719,9533
Cranial Nerves Other Nervous System,717,31040,Brain and other nervous system,Brain and other nervous system,C710-C719,9532
Cranial Nerves Other Nervous System,717,31040,Brain and other nervous system,Brain and other nervous system,C710-C719,9531
Cranial Nerves Other Nervous System,717,31040,Brain and other nervous system,Brain and other nervous system,C710-C719,9530
Cranial Nerves Other Nervous System,718,31040,Brain and other nervous system,Brain and other nervous system,C710-C719,9539
Cranial Nerves Other Nervous System,718,31040,Brain and other nervous system,Brain and other nervous system,C710-C719,9538
Cranial Nerves Other Nervous System,718,31040,Brain and other nervous system,Brain and other nervous system,C710-C719,9537
Cranial Nerves Other Nervous System,718,31040,Brain and other nervous system,Brain and other nervous system,C710-C719,9536
Cranial Nerves Other Nervous System,718,31040,Brain and other nervous system,Brain and other nervous system,C710-C719,9535
Cranial Nerves Other Nervous System,718,31040,Brain and other nervous system,Brain and other nervous system,C710-C719,9534
Cranial Nerves Other Nervous System,718,31040,Brain and other nervous system,Brain and other nervous system,C710-C719,9533
Cranial Nerves Other Nervous System,718,31040,Brain and other nervous system,Brain and other nervous system,C710-C719,9532
Cranial Nerves Other Nervous System,718,31040,Brain and other nervous system,Brain and other nervous system,C710-C719,9531
Cranial Nerves Other Nervous System,718,31040,Brain and other nervous system,Brain and other nervous system,C710-C719,9530
Cranial Nerves Other Nervous System,719,31040,Brain and other nervous system,Brain and other nervous system,C710-C719,9539
Cranial Nerves Other Nervous System,719,31040,Brain and other nervous system,Brain and other nervous system,C710-C719,9538
Cranial Nerves Other Nervous System,719,31040,Brain and other nervous system,Brain and other nervous system,C710-C719,9537
Cranial Nerves Other Nervous System,719,31040,Brain and other nervous system,Brain and other nervous system,C710-C719,9536
Cranial Nerves Other Nervous System,719,31040,Brain and other nervous system,Brain and other nervous system,C710-C719,9535
Cranial Nerves Other Nervous System,719,31040,Brain and other nervous system,Brain and other nervous system,C710-C719,9534
Cranial Nerves Other Nervous System,719,31040,Brain and other nervous system,Brain and other nervous system,C710-C719,9533
Cranial Nerves Other Nervous System,719,31040,Brain and other nervous system,Brain and other nervous system,C710-C719,9532
Cranial Nerves Other Nervous System,719,31040,Brain and other nervous system,Brain and other nervous system,C710-C719,9531
Cranial Nerves Other Nervous System,719,31040,Brain and other nervous system,Brain and other nervous system,C710-C719,9530
Cranial Nerves Other Nervous System,700,31040,Brain and other nervous system,Brain and other nervous system,C710-C719,9539
Cranial Nerves Other Nervous System,700,31040,Brain and other nervous system,Brain and other nervous system,C710-C719,9538
Cranial Nerves Other Nervous System,700,31040,Brain and other nervous system,Brain and other nervous system,C710-C719,9537
Cranial Nerves Other Nervous System,700,31040,Brain and other nervous system,Brain and other nervous system,C710-C719,9536
Cranial Nerves Other Nervous System,700,31040,Brain and other nervous system,Brain and other nervous system,C710-C719,9535
Cranial Nerves Other Nervous System,700,31040,Brain and other nervous system,Brain and other nervous system,C710-C719,9534
Cranial Nerves Other Nervous System,700,31040,Brain and other nervous system,Brain and other nervous system,C710-C719,9533
Cranial Nerves Other Nervous System,700,31040,Brain and other nervous system,Brain and other nervous system,C710-C719,9532
Cranial Nerves Other Nervous System,700,31040,Brain and other nervous system,Brain and other nervous system,C710-C719,9531
Cranial Nerves Other Nervous System,700,31040,Brain and other nervous system,Brain and other nervous system,C710-C719,9530
Cranial Nerves Other Nervous System,701,31040,Brain and other nervous system,Brain and other nervous system,C710-C719,9539
Cranial Nerves Other Nervous System,701,31040,Brain and other nervous system,Brain and other nervous system,C710-C719,9538
Cranial Nerves Other Nervous System,701,31040,Brain and other nervous system,Brain and other nervous system,C710-C719,9537
Cranial Nerves Other Nervous System,701,31040,Brain and other nervous system,Brain and other nervous system,C710-C719,9536
Cranial Nerves Other Nervous System,701,31040,Brain and other nervous system,Brain and other nervous system,C710-C719,9535
Cranial Nerves Other Nervous System,701,31040,Brain and other nervous system,Brain and other nervous system,C710-C719,9534
Cranial Nerves Other Nervous System,701,31040,Brain and other nervous system,Brain and other nervous system,C710-C719,9533
Cranial Nerves Other Nervous System,701,31040,Brain and other nervous system,Brain and other nervous system,C710-C719,9532
Cranial Nerves Other Nervous System,701,31040,Brain and other nervous system,Brain and other nervous system,C710-C719,9531
Cranial Nerves Other Nervous System,701,31040,Brain and other nervous system,Brain and other nervous system,C710-C719,9530
Cranial Nerves Other Nervous System,702,31040,Brain and other nervous system,Brain and other nervous system,C710-C719,9539
Cranial Nerves Other Nervous System,702,31040,Brain and other nervous system,Brain and other nervous system,C710-C719,9538
Cranial Nerves Other Nervous System,702,31040,Brain and other nervous system,Brain and other nervous system,C710-C719,9537
Cranial Nerves Other Nervous System,702,31040,Brain and other nervous system,Brain and other nervous system,C710-C719,9536
Cranial Nerves Other Nervous System,702,31040,Brain and other nervous system,Brain and other nervous system,C710-C719,9535
Cranial Nerves Other Nervous System,702,31040,Brain and other nervous system,Brain and other nervous system,C710-C719,9534
Cranial Nerves Other Nervous System,702,31040,Brain and other nervous system,Brain and other nervous system,C710-C719,9533
Cranial Nerves Other Nervous System,702,31040,Brain and other nervous system,Brain and other nervous system,C710-C719,9532
Cranial Nerves Other Nervous System,702,31040,Brain and other nervous system,Brain and other nervous system,C710-C719,9531
Cranial Nerves Other Nervous System,702,31040,Brain and other nervous system,Brain and other nervous system,C710-C719,9530
Cranial Nerves Other Nervous System,703,31040,Brain and other nervous system,Brain and other nervous system,C710-C719,9539
Cranial Nerves Other Nervous System,703,31040,Brain and other nervous system,Brain and other nervous system,C710-C719,9538
Cranial Nerves Other Nervous System,703,31040,Brain and other nervous system,Brain and other nervous system,C710-C719,9537
Cranial Nerves Other Nervous System,703,31040,Brain and other nervous system,Brain and other nervous system,C710-C719,9536
Cranial Nerves Other Nervous System,703,31040,Brain and other nervous system,Brain and other nervous system,C710-C719,9535
Cranial Nerves Other Nervous System,703,31040,Brain and other nervous system,Brain and other nervous system,C710-C719,9534
Cranial Nerves Other Nervous System,703,31040,Brain and other nervous system,Brain and other nervous system,C710-C719,9533
Cranial Nerves Other Nervous System,703,31040,Brain and other nervous system,Brain and other nervous system,C710-C719,9532
Cranial Nerves Other Nervous System,703,31040,Brain and other nervous system,Brain and other nervous system,C710-C719,9531
Cranial Nerves Other Nervous System,703,31040,Brain and other nervous system,Brain and other nervous system,C710-C719,9530
Cranial Nerves Other Nervous System,704,31040,Brain and other nervous system,Brain and other nervous system,C710-C719,9539
Cranial Nerves Other Nervous System,704,31040,Brain and other nervous system,Brain and other nervous system,C710-C719,9538
Cranial Nerves Other Nervous System,704,31040,Brain and other nervous system,Brain and other nervous system,C710-C719,9537
Cranial Nerves Other Nervous System,704,31040,Brain and other nervous system,Brain and other nervous system,C710-C719,9536
Cranial Nerves Other Nervous System,704,31040,Brain and other nervous system,Brain and other nervous system,C710-C719,9535
Cranial Nerves Other Nervous System,704,31040,Brain and other nervous system,Brain and other nervous system,C710-C719,9534
Cranial Nerves Other Nervous System,704,31040,Brain and other nervous system,Brain and other nervous system,C710-C719,9533
Cranial Nerves Other Nervous System,704,31040,Brain and other nervous system,Brain and other nervous system,C710-C719,9532
Cranial Nerves Other Nervous System,704,31040,Brain and other nervous system,Brain and other nervous system,C710-C719,9531
Cranial Nerves Other Nervous System,704,31040,Brain and other nervous system,Brain and other nervous system,C710-C719,9530
Cranial Nerves Other Nervous System,705,31040,Brain and other nervous system,Brain and other nervous system,C710-C719,9539
Cranial Nerves Other Nervous System,705,31040,Brain and other nervous system,Brain and other nervous system,C710-C719,9538
Cranial Nerves Other Nervous System,705,31040,Brain and other nervous system,Brain and other nervous system,C710-C719,9537
Cranial Nerves Other Nervous System,705,31040,Brain and other nervous system,Brain and other nervous system,C710-C719,9536
Cranial Nerves Other Nervous System,705,31040,Brain and other nervous system,Brain and other nervous system,C710-C719,9535
Cranial Nerves Other Nervous System,705,31040,Brain and other nervous system,Brain and other nervous system,C710-C719,9534
Cranial Nerves Other Nervous System,705,31040,Brain and other nervous system,Brain and other nervous system,C710-C719,9533
Cranial Nerves Other Nervous System,705,31040,Brain and other nervous system,Brain and other nervous system,C710-C719,9532
Cranial Nerves Other Nervous System,705,31040,Brain and other nervous system,Brain and other nervous system,C710-C719,9531
Cranial Nerves Other Nervous System,705,31040,Brain and other nervous system,Brain and other nervous system,C710-C719,9530
Cranial Nerves Other Nervous System,706,31040,Brain and other nervous system,Brain and other nervous system,C710-C719,9539
Cranial Nerves Other Nervous System,706,31040,Brain and other nervous system,Brain and other nervous system,C710-C719,9538
Cranial Nerves Other Nervous System,706,31040,Brain and other nervous system,Brain and other nervous system,C710-C719,9537
Cranial Nerves Other Nervous System,706,31040,Brain and other nervous system,Brain and other nervous system,C710-C719,9536
Cranial Nerves Other Nervous System,706,31040,Brain and other nervous system,Brain and other nervous system,C710-C719,9535
Cranial Nerves Other Nervous System,706,31040,Brain and other nervous system,Brain and other nervous system,C710-C719,9534
Cranial Nerves Other Nervous System,706,31040,Brain and other nervous system,Brain and other nervous system,C710-C719,9533
Cranial Nerves Other Nervous System,706,31040,Brain and other nervous system,Brain and other nervous system,C710-C719,9532
Cranial Nerves Other Nervous System,706,31040,Brain and other nervous system,Brain and other nervous system,C710-C719,9531
Cranial Nerves Other Nervous System,706,31040,Brain and other nervous system,Brain and other nervous system,C710-C719,9530
Cranial Nerves Other Nervous System,707,31040,Brain and other nervous system,Brain and other nervous system,C710-C719,9539
Cranial Nerves Other Nervous System,707,31040,Brain and other nervous system,Brain and other nervous system,C710-C719,9538
Cranial Nerves Other Nervous System,707,31040,Brain and other nervous system,Brain and other nervous system,C710-C719,9537
Cranial Nerves Other Nervous System,707,31040,Brain and other nervous system,Brain and other nervous system,C710-C719,9536
Cranial Nerves Other Nervous System,707,31040,Brain and other nervous system,Brain and other nervous system,C710-C719,9535
Cranial Nerves Other Nervous System,707,31040,Brain and other nervous system,Brain and other nervous system,C710-C719,9534
Cranial Nerves Other Nervous System,707,31040,Brain and other nervous system,Brain and other nervous system,C710-C719,9533
Cranial Nerves Other Nervous System,707,31040,Brain and other nervous system,Brain and other nervous system,C710-C719,9532
Cranial Nerves Other Nervous System,707,31040,Brain and other nervous system,Brain and other nervous system,C710-C719,9531
Cranial Nerves Other Nervous System,707,31040,Brain and other nervous system,Brain and other nervous system,C710-C719,9530
Cranial Nerves Other Nervous System,708,31040,Brain and other nervous system,Brain and other nervous system,C710-C719,9539
Cranial Nerves Other Nervous System,708,31040,Brain and other nervous system,Brain and other nervous system,C710-C719,9538
Cranial Nerves Other Nervous System,708,31040,Brain and other nervous system,Brain and other nervous system,C710-C719,9537
Cranial Nerves Other Nervous System,708,31040,Brain and other nervous system,Brain and other nervous system,C710-C719,9536
Cranial Nerves Other Nervous System,708,31040,Brain and other nervous system,Brain and other nervous system,C710-C719,9535
Cranial Nerves Other Nervous System,708,31040,Brain and other nervous system,Brain and other nervous system,C710-C719,9534
Cranial Nerves Other Nervous System,708,31040,Brain and other nervous system,Brain and other nervous system,C710-C719,9533
Cranial Nerves Other Nervous System,708,31040,Brain and other nervous system,Brain and other nervous system,C710-C719,9532
Cranial Nerves Other Nervous System,708,31040,Brain and other nervous system,Brain and other nervous system,C710-C719,9531
Cranial Nerves Other Nervous System,708,31040,Brain and other nervous system,Brain and other nervous system,C710-C719,9530
Cranial Nerves Other Nervous System,709,31040,Brain and other nervous system,Brain and other nervous system,C710-C719,9539
Cranial Nerves Other Nervous System,709,31040,Brain and other nervous system,Brain and other nervous system,C710-C719,9538
Cranial Nerves Other Nervous System,709,31040,Brain and other nervous system,Brain and other nervous system,C710-C719,9537
Cranial Nerves Other Nervous System,709,31040,Brain and other nervous system,Brain and other nervous system,C710-C719,9536
Cranial Nerves Other Nervous System,709,31040,Brain and other nervous system,Brain and other nervous system,C710-C719,9535
Cranial Nerves Other Nervous System,709,31040,Brain and other nervous system,Brain and other nervous system,C710-C719,9534
Cranial Nerves Other Nervous System,709,31040,Brain and other nervous system,Brain and other nervous system,C710-C719,9533
Cranial Nerves Other Nervous System,709,31040,Brain and other nervous system,Brain and other nervous system,C710-C719,9532
Cranial Nerves Other Nervous System,709,31040,Brain and other nervous system,Brain and other nervous system,C710-C719,9531
Cranial Nerves Other Nervous System,709,31040,Brain and other nervous system,Brain and other nervous system,C710-C719,9530
Cranial Nerves Other Nervous System,720,31040,Brain and other nervous system,Brain and other nervous system,C710-C719,9539
Cranial Nerves Other Nervous System,720,31040,Brain and other nervous system,Brain and other nervous system,C710-C719,9538
Cranial Nerves Other Nervous System,720,31040,Brain and other nervous system,Brain and other nervous system,C710-C719,9537
Cranial Nerves Other Nervous System,720,31040,Brain and other nervous system,Brain and other nervous system,C710-C719,9536
Cranial Nerves Other Nervous System,720,31040,Brain and other nervous system,Brain and other nervous system,C710-C719,9535
Cranial Nerves Other Nervous System,720,31040,Brain and other nervous system,Brain and other nervous system,C710-C719,9534
Cranial Nerves Other Nervous System,720,31040,Brain and other nervous system,Brain and other nervous system,C710-C719,9533
Cranial Nerves Other Nervous System,720,31040,Brain and other nervous system,Brain and other nervous system,C710-C719,9532
Cranial Nerves Other Nervous System,720,31040,Brain and other nervous system,Brain and other nervous system,C710-C719,9531
Cranial Nerves Other Nervous System,720,31040,Brain and other nervous system,Brain and other nervous system,C710-C719,9530
Cranial Nerves Other Nervous System,721,31040,Brain and other nervous system,Brain and other nervous system,C710-C719,9539
Cranial Nerves Other Nervous System,721,31040,Brain and other nervous system,Brain and other nervous system,C710-C719,9538
Cranial Nerves Other Nervous System,721,31040,Brain and other nervous system,Brain and other nervous system,C710-C719,9537
Cranial Nerves Other Nervous System,721,31040,Brain and other nervous system,Brain and other nervous system,C710-C719,9536
Cranial Nerves Other Nervous System,721,31040,Brain and other nervous system,Brain and other nervous system,C710-C719,9535
Cranial Nerves Other Nervous System,721,31040,Brain and other nervous system,Brain and other nervous system,C710-C719,9534
Cranial Nerves Other Nervous System,721,31040,Brain and other nervous system,Brain and other nervous system,C710-C719,9533
Cranial Nerves Other Nervous System,721,31040,Brain and other nervous system,Brain and other nervous system,C710-C719,9532
Cranial Nerves Other Nervous System,721,31040,Brain and other nervous system,Brain and other nervous system,C710-C719,9531
Cranial Nerves Other Nervous System,721,31040,Brain and other nervous system,Brain and other nervous system,C710-C719,9530
Cranial Nerves Other Nervous System,722,31040,Brain and other nervous system,Brain and other nervous system,C710-C719,9539
Cranial Nerves Other Nervous System,722,31040,Brain and other nervous system,Brain and other nervous system,C710-C719,9538
Cranial Nerves Other Nervous System,722,31040,Brain and other nervous system,Brain and other nervous system,C710-C719,9537
Cranial Nerves Other Nervous System,722,31040,Brain and other nervous system,Brain and other nervous system,C710-C719,9536
Cranial Nerves Other Nervous System,722,31040,Brain and other nervous system,Brain and other nervous system,C710-C719,9535
Cranial Nerves Other Nervous System,722,31040,Brain and other nervous system,Brain and other nervous system,C710-C719,9534
Cranial Nerves Other Nervous System,722,31040,Brain and other nervous system,Brain and other nervous system,C710-C719,9533
Cranial Nerves Other Nervous System,722,31040,Brain and other nervous system,Brain and other nervous system,C710-C719,9532
Cranial Nerves Other Nervous System,722,31040,Brain and other nervous system,Brain and other nervous system,C710-C719,9531
Cranial Nerves Other Nervous System,722,31040,Brain and other nervous system,Brain and other nervous system,C710-C719,9530
Cranial Nerves Other Nervous System,723,31040,Brain and other nervous system,Brain and other nervous system,C710-C719,9539
Cranial Nerves Other Nervous System,723,31040,Brain and other nervous system,Brain and other nervous system,C710-C719,9538
Cranial Nerves Other Nervous System,723,31040,Brain and other nervous system,Brain and other nervous system,C710-C719,9537
Cranial Nerves Other Nervous System,723,31040,Brain and other nervous system,Brain and other nervous system,C710-C719,9536
Cranial Nerves Other Nervous System,723,31040,Brain and other nervous system,Brain and other nervous system,C710-C719,9535
Cranial Nerves Other Nervous System,723,31040,Brain and other nervous system,Brain and other nervous system,C710-C719,9534
Cranial Nerves Other Nervous System,723,31040,Brain and other nervous system,Brain and other nervous system,C710-C719,9533
Cranial Nerves Other Nervous System,723,31040,Brain and other nervous system,Brain and other nervous system,C710-C719,9532
Cranial Nerves Other Nervous System,723,31040,Brain and other nervous system,Brain and other nervous system,C710-C719,9531
Cranial Nerves Other Nervous System,723,31040,Brain and other nervous system,Brain and other nervous system,C710-C719,9530
Cranial Nerves Other Nervous System,724,31040,Brain and other nervous system,Brain and other nervous system,C710-C719,9539
Cranial Nerves Other Nervous System,724,31040,Brain and other nervous system,Brain and other nervous system,C710-C719,9538
Cranial Nerves Other Nervous System,724,31040,Brain and other nervous system,Brain and other nervous system,C710-C719,9537
Cranial Nerves Other Nervous System,724,31040,Brain and other nervous system,Brain and other nervous system,C710-C719,9536
Cranial Nerves Other Nervous System,724,31040,Brain and other nervous system,Brain and other nervous system,C710-C719,9535
Cranial Nerves Other Nervous System,724,31040,Brain and other nervous system,Brain and other nervous system,C710-C719,9534
Cranial Nerves Other Nervous System,724,31040,Brain and other nervous system,Brain and other nervous system,C710-C719,9533
Cranial Nerves Other Nervous System,724,31040,Brain and other nervous system,Brain and other nervous system,C710-C719,9532
Cranial Nerves Other Nervous System,724,31040,Brain and other nervous system,Brain and other nervous system,C710-C719,9531
Cranial Nerves Other Nervous System,724,31040,Brain and other nervous system,Brain and other nervous system,C710-C719,9530
Cranial Nerves Other Nervous System,725,31040,Brain and other nervous system,Brain and other nervous system,C710-C719,9539
Cranial Nerves Other Nervous System,725,31040,Brain and other nervous system,Brain and other nervous system,C710-C719,9538
Cranial Nerves Other Nervous System,725,31040,Brain and other nervous system,Brain and other nervous system,C710-C719,9537
Cranial Nerves Other Nervous System,725,31040,Brain and other nervous system,Brain and other nervous system,C710-C719,9536
Cranial Nerves Other Nervous System,725,31040,Brain and other nervous system,Brain and other nervous system,C710-C719,9535
Cranial Nerves Other Nervous System,725,31040,Brain and other nervous system,Brain and other nervous system,C710-C719,9534
Cranial Nerves Other Nervous System,725,31040,Brain and other nervous system,Brain and other nervous system,C710-C719,9533
Cranial Nerves Other Nervous System,725,31040,Brain and other nervous system,Brain and other nervous system,C710-C719,9532
Cranial Nerves Other Nervous System,725,31040,Brain and other nervous system,Brain and other nervous system,C710-C719,9531
Cranial Nerves Other Nervous System,725,31040,Brain and other nervous system,Brain and other nervous system,C710-C719,9530
Cranial Nerves Other Nervous System,726,31040,Brain and other nervous system,Brain and other nervous system,C710-C719,9539
Cranial Nerves Other Nervous System,726,31040,Brain and other nervous system,Brain and other nervous system,C710-C719,9538
Cranial Nerves Other Nervous System,726,31040,Brain and other nervous system,Brain and other nervous system,C710-C719,9537
Cranial Nerves Other Nervous System,726,31040,Brain and other nervous system,Brain and other nervous system,C710-C719,9536
Cranial Nerves Other Nervous System,726,31040,Brain and other nervous system,Brain and other nervous system,C710-C719,9535
Cranial Nerves Other Nervous System,726,31040,Brain and other nervous system,Brain and other nervous system,C710-C719,9534
Cranial Nerves Other Nervous System,726,31040,Brain and other nervous system,Brain and other nervous system,C710-C719,9533
Cranial Nerves Other Nervous System,726,31040,Brain and other nervous system,Brain and other nervous system,C710-C719,9532
Cranial Nerves Other Nervous System,726,31040,Brain and other nervous system,Brain and other nervous system,C710-C719,9531
Cranial Nerves Other Nervous System,726,31040,Brain and other nervous system,Brain and other nervous system,C710-C719,9530
Cranial Nerves Other Nervous System,727,31040,Brain and other nervous system,Brain and other nervous system,C710-C719,9539
Cranial Nerves Other Nervous System,727,31040,Brain and other nervous system,Brain and other nervous system,C710-C719,9538
Cranial Nerves Other Nervous System,727,31040,Brain and other nervous system,Brain and other nervous system,C710-C719,9537
Cranial Nerves Other Nervous System,727,31040,Brain and other nervous system,Brain and other nervous system,C710-C719,9536
Cranial Nerves Other Nervous System,727,31040,Brain and other nervous system,Brain and other nervous system,C710-C719,9535
Cranial Nerves Other Nervous System,727,31040,Brain and other nervous system,Brain and other nervous system,C710-C719,9534
Cranial Nerves Other Nervous System,727,31040,Brain and other nervous system,Brain and other nervous system,C710-C719,9533
Cranial Nerves Other Nervous System,727,31040,Brain and other nervous system,Brain and other nervous system,C710-C719,9532
Cranial Nerves Other Nervous System,727,31040,Brain and other nervous system,Brain and other nervous system,C710-C719,9531
Cranial Nerves Other Nervous System,727,31040,Brain and other nervous system,Brain and other nervous system,C710-C719,9530
Cranial Nerves Other Nervous System,728,31040,Brain and other nervous system,Brain and other nervous system,C710-C719,9539
Cranial Nerves Other Nervous System,728,31040,Brain and other nervous system,Brain and other nervous system,C710-C719,9538
Cranial Nerves Other Nervous System,728,31040,Brain and other nervous system,Brain and other nervous system,C710-C719,9537
Cranial Nerves Other Nervous System,728,31040,Brain and other nervous system,Brain and other nervous system,C710-C719,9536
Cranial Nerves Other Nervous System,728,31040,Brain and other nervous system,Brain and other nervous system,C710-C719,9535
Cranial Nerves Other Nervous System,728,31040,Brain and other nervous system,Brain and other nervous system,C710-C719,9534
Cranial Nerves Other Nervous System,728,31040,Brain and other nervous system,Brain and other nervous system,C710-C719,9533
Cranial Nerves Other Nervous System,728,31040,Brain and other nervous system,Brain and other nervous system,C710-C719,9532
Cranial Nerves Other Nervous System,728,31040,Brain and other nervous system,Brain and other nervous system,C710-C719,9531
Cranial Nerves Other Nervous System,728,31040,Brain and other nervous system,Brain and other nervous system,C710-C719,9530
Cranial Nerves Other Nervous System,729,31040,Brain and other nervous system,Brain and other nervous system,C710-C719,9539
Cranial Nerves Other Nervous System,729,31040,Brain and other nervous system,Brain and other nervous system,C710-C719,9538
Cranial Nerves Other Nervous System,729,31040,Brain and other nervous system,Brain and other nervous system,C710-C719,9537
Cranial Nerves Other Nervous System,729,31040,Brain and other nervous system,Brain and other nervous system,C710-C719,9536
Cranial Nerves Other Nervous System,729,31040,Brain and other nervous system,Brain and other nervous system,C710-C719,9535
Cranial Nerves Other Nervous System,729,31040,Brain and other nervous system,Brain and other nervous system,C710-C719,9534
Cranial Nerves Other Nervous System,729,31040,Brain and other nervous system,Brain and other nervous system,C710-C719,9533
Cranial Nerves Other Nervous System,729,31040,Brain and other nervous system,Brain and other nervous system,C710-C719,9532
Cranial Nerves Other Nervous System,729,31040,Brain and other nervous system,Brain and other nervous system,C710-C719,9531
Cranial Nerves Other Nervous System,729,31040,Brain and other nervous system,Brain and other nervous system,C710-C719,9530
Thyroid,739,32010,Endocrine system,Endocrine system,null,null
Other Endocrine including Thymus,379,32020,Endocrine system,Endocrine system,null,null
Other Endocrine including Thymus,740,32020,Endocrine system,Endocrine system,null,null
Other Endocrine including Thymus,741,32020,Endocrine system,Endocrine system,null,null
Other Endocrine including Thymus,742,32020,Endocrine system,Endocrine system,null,null
Other Endocrine including Thymus,743,32020,Endocrine system,Endocrine system,null,null
Other Endocrine including Thymus,744,32020,Endocrine system,Endocrine system,null,null
Other Endocrine including Thymus,745,32020,Endocrine system,Endocrine system,null,null
Other Endocrine including Thymus,746,32020,Endocrine system,Endocrine system,null,null
Other Endocrine including Thymus,747,32020,Endocrine system,Endocrine system,null,null
Other Endocrine including Thymus,748,32020,Endocrine system,Endocrine system,null,null
Other Endocrine including Thymus,749,32020,Endocrine system,Endocrine system,null,null
Other Endocrine including Thymus,750,32020,Endocrine system,Endocrine system,null,null
Other Endocrine including Thymus,751,32020,Endocrine system,Endocrine system,null,null
Other Endocrine including Thymus,752,32020,Endocrine system,Endocrine system,null,null
Other Endocrine including Thymus,753,32020,Endocrine system,Endocrine system,null,null
Other Endocrine including Thymus,754,32020,Endocrine system,Endocrine system,null,null
Other Endocrine including Thymus,755,32020,Endocrine system,Endocrine system,null,null
Other Endocrine including Thymus,756,32020,Endocrine system,Endocrine system,null,null
Other Endocrine including Thymus,757,32020,Endocrine system,Endocrine system,null,null
Other Endocrine including Thymus,758,32020,Endocrine system,Endocrine system,null,null
Other Endocrine including Thymus,759,32020,Endocrine system,Endocrine system,null,null
Hodgkin - Nodal,24,33011,Hodgkin lymphoma,Lymphoma,"C024, C098-C099, C111, C142, C379, C422, C770-C779",9667
Hodgkin - Nodal,24,33011,Hodgkin lymphoma,Lymphoma,"C024, C098-C099, C111, C142, C379, C422, C770-C779",9666
Hodgkin - Nodal,24,33011,Hodgkin lymphoma,Lymphoma,"C024, C098-C099, C111, C142, C379, C422, C770-C779",9665
Hodgkin - Nodal,24,33011,Hodgkin lymphoma,Lymphoma,"C024, C098-C099, C111, C142, C379, C422, C770-C779",9664
Hodgkin - Nodal,24,33011,Hodgkin lymphoma,Lymphoma,"C024, C098-C099, C111, C142, C379, C422, C770-C779",9663
Hodgkin - Nodal,24,33011,Hodgkin lymphoma,Lymphoma,"C024, C098-C099, C111, C142, C379, C422, C770-C779",9662
Hodgkin - Nodal,24,33011,Hodgkin lymphoma,Lymphoma,"C024, C098-C099, C111, C142, C379, C422, C770-C779",9661
Hodgkin - Nodal,24,33011,Hodgkin lymphoma,Lymphoma,"C024, C098-C099, C111, C142, C379, C422, C770-C779",9660
Hodgkin - Nodal,24,33011,Hodgkin lymphoma,Lymphoma,"C024, C098-C099, C111, C142, C379, C422, C770-C779",9659
Hodgkin - Nodal,24,33011,Hodgkin lymphoma,Lymphoma,"C024, C098-C099, C111, C142, C379, C422, C770-C779",9658
Hodgkin - Nodal,24,33011,Hodgkin lymphoma,Lymphoma,"C024, C098-C099, C111, C142, C379, C422, C770-C779",9657
Hodgkin - Nodal,24,33011,Hodgkin lymphoma,Lymphoma,"C024, C098-C099, C111, C142, C379, C422, C770-C779",9656
Hodgkin - Nodal,24,33011,Hodgkin lymphoma,Lymphoma,"C024, C098-C099, C111, C142, C379, C422, C770-C779",9655
Hodgkin - Nodal,24,33011,Hodgkin lymphoma,Lymphoma,"C024, C098-C099, C111, C142, C379, C422, C770-C779",9654
Hodgkin - Nodal,24,33011,Hodgkin lymphoma,Lymphoma,"C024, C098-C099, C111, C142, C379, C422, C770-C779",9653
Hodgkin - Nodal,24,33011,Hodgkin lymphoma,Lymphoma,"C024, C098-C099, C111, C142, C379, C422, C770-C779",9652
Hodgkin - Nodal,24,33011,Hodgkin lymphoma,Lymphoma,"C024, C098-C099, C111, C142, C379, C422, C770-C779",9651
Hodgkin - Nodal,24,33011,Hodgkin lymphoma,Lymphoma,"C024, C098-C099, C111, C142, C379, C422, C770-C779",9650
Hodgkin - Nodal,98,33011,Hodgkin lymphoma,Lymphoma,"C024, C098-C099, C111, C142, C379, C422, C770-C779",9667
Hodgkin - Nodal,98,33011,Hodgkin lymphoma,Lymphoma,"C024, C098-C099, C111, C142, C379, C422, C770-C779",9666
Hodgkin - Nodal,98,33011,Hodgkin lymphoma,Lymphoma,"C024, C098-C099, C111, C142, C379, C422, C770-C779",9665
Hodgkin - Nodal,98,33011,Hodgkin lymphoma,Lymphoma,"C024, C098-C099, C111, C142, C379, C422, C770-C779",9664
Hodgkin - Nodal,98,33011,Hodgkin lymphoma,Lymphoma,"C024, C098-C099, C111, C142, C379, C422, C770-C779",9663
Hodgkin - Nodal,98,33011,Hodgkin lymphoma,Lymphoma,"C024, C098-C099, C111, C142, C379, C422, C770-C779",9662
Hodgkin - Nodal,98,33011,Hodgkin lymphoma,Lymphoma,"C024, C098-C099, C111, C142, C379, C422, C770-C779",9661
Hodgkin - Nodal,98,33011,Hodgkin lymphoma,Lymphoma,"C024, C098-C099, C111, C142, C379, C422, C770-C779",9660
Hodgkin - Nodal,98,33011,Hodgkin lymphoma,Lymphoma,"C024, C098-C099, C111, C142, C379, C422, C770-C779",9659
Hodgkin - Nodal,98,33011,Hodgkin lymphoma,Lymphoma,"C024, C098-C099, C111, C142, C379, C422, C770-C779",9658
Hodgkin - Nodal,98,33011,Hodgkin lymphoma,Lymphoma,"C024, C098-C099, C111, C142, C379, C422, C770-C779",9657
Hodgkin - Nodal,98,33011,Hodgkin lymphoma,Lymphoma,"C024, C098-C099, C111, C142, C379, C422, C770-C779",9656
Hodgkin - Nodal,98,33011,Hodgkin lymphoma,Lymphoma,"C024, C098-C099, C111, C142, C379, C422, C770-C779",9655
Hodgkin - Nodal,98,33011,Hodgkin lymphoma,Lymphoma,"C024, C098-C099, C111, C142, C379, C422, C770-C779",9654
Hodgkin - Nodal,98,33011,Hodgkin lymphoma,Lymphoma,"C024, C098-C099, C111, C142, C379, C422, C770-C779",9653
Hodgkin - Nodal,98,33011,Hodgkin lymphoma,Lymphoma,"C024, C098-C099, C111, C142, C379, C422, C770-C779",9652
Hodgkin - Nodal,98,33011,Hodgkin lymphoma,Lymphoma,"C024, C098-C099, C111, C142, C379, C422, C770-C779",9651
Hodgkin - Nodal,98,33011,Hodgkin lymphoma,Lymphoma,"C024, C098-C099, C111, C142, C379, C422, C770-C779",9650
Hodgkin - Nodal,99,33011,Hodgkin lymphoma,Lymphoma,"C024, C098-C099, C111, C142, C379, C422, C770-C779",9667
Hodgkin - Nodal,99,33011,Hodgkin lymphoma,Lymphoma,"C024, C098-C099, C111, C142, C379, C422, C770-C779",9666
Hodgkin - Nodal,99,33011,Hodgkin lymphoma,Lymphoma,"C024, C098-C099, C111, C142, C379, C422, C770-C779",9665
Hodgkin - Nodal,99,33011,Hodgkin lymphoma,Lymphoma,"C024, C098-C099, C111, C142, C379, C422, C770-C779",9664
Hodgkin - Nodal,99,33011,Hodgkin lymphoma,Lymphoma,"C024, C098-C099, C111, C142, C379, C422, C770-C779",9663
Hodgkin - Nodal,99,33011,Hodgkin lymphoma,Lymphoma,"C024, C098-C099, C111, C142, C379, C422, C770-C779",9662
Hodgkin - Nodal,99,33011,Hodgkin lymphoma,Lymphoma,"C024, C098-C099, C111, C142, C379, C422, C770-C779",9661
Hodgkin - Nodal,99,33011,Hodgkin lymphoma,Lymphoma,"C024, C098-C099, C111, C142, C379, C422, C770-C779",9660
Hodgkin - Nodal,99,33011,Hodgkin lymphoma,Lymphoma,"C024, C098-C099, C111, C142, C379, C422, C770-C779",9659
Hodgkin - Nodal,99,33011,Hodgkin lymphoma,Lymphoma,"C024, C098-C099, C111, C142, C379, C422, C770-C779",9658
Hodgkin - Nodal,99,33011,Hodgkin lymphoma,Lymphoma,"C024, C098-C099, C111, C142, C379, C422, C770-C779",9657
Hodgkin - Nodal,99,33011,Hodgkin lymphoma,Lymphoma,"C024, C098-C099, C111, C142, C379, C422, C770-C779",9656
Hodgkin - Nodal,99,33011,Hodgkin lymphoma,Lymphoma,"C024, C098-C099, C111, C142, C379, C422, C770-C779",9655
Hodgkin - Nodal,99,33011,Hodgkin lymphoma,Lymphoma,"C024, C098-C099, C111, C142, C379, C422, C770-C779",9654
Hodgkin - Nodal,99,33011,Hodgkin lymphoma,Lymphoma,"C024, C098-C099, C111, C142, C379, C422, C770-C779",9653
Hodgkin - Nodal,99,33011,Hodgkin lymphoma,Lymphoma,"C024, C098-C099, C111, C142, C379, C422, C770-C779",9652
Hodgkin - Nodal,99,33011,Hodgkin lymphoma,Lymphoma,"C024, C098-C099, C111, C142, C379, C422, C770-C779",9651
Hodgkin - Nodal,99,33011,Hodgkin lymphoma,Lymphoma,"C024, C098-C099, C111, C142, C379, C422, C770-C779",9650
Hodgkin - Nodal,111,33011,Hodgkin lymphoma,Lymphoma,"C024, C098-C099, C111, C142, C379, C422, C770-C779",9667
Hodgkin - Nodal,111,33011,Hodgkin lymphoma,Lymphoma,"C024, C098-C099, C111, C142, C379, C422, C770-C779",9666
Hodgkin - Nodal,111,33011,Hodgkin lymphoma,Lymphoma,"C024, C098-C099, C111, C142, C379, C422, C770-C779",9665
Hodgkin - Nodal,111,33011,Hodgkin lymphoma,Lymphoma,"C024, C098-C099, C111, C142, C379, C422, C770-C779",9664
Hodgkin - Nodal,111,33011,Hodgkin lymphoma,Lymphoma,"C024, C098-C099, C111, C142, C379, C422, C770-C779",9663
Hodgkin - Nodal,111,33011,Hodgkin lymphoma,Lymphoma,"C024, C098-C099, C111, C142, C379, C422, C770-C779",9662
Hodgkin - Nodal,111,33011,Hodgkin lymphoma,Lymphoma,"C024, C098-C099, C111, C142, C379, C422, C770-C779",9661
Hodgkin - Nodal,111,33011,Hodgkin lymphoma,Lymphoma,"C024, C098-C099, C111, C142, C379, C422, C770-C779",9660
Hodgkin - Nodal,111,33011,Hodgkin lymphoma,Lymphoma,"C024, C098-C099, C111, C142, C379, C422, C770-C779",9659
Hodgkin - Nodal,111,33011,Hodgkin lymphoma,Lymphoma,"C024, C098-C099, C111, C142, C379, C422, C770-C779",9658
Hodgkin - Nodal,111,33011,Hodgkin lymphoma,Lymphoma,"C024, C098-C099, C111, C142, C379, C422, C770-C779",9657
Hodgkin - Nodal,111,33011,Hodgkin lymphoma,Lymphoma,"C024, C098-C099, C111, C142, C379, C422, C770-C779",9656
Hodgkin - Nodal,111,33011,Hodgkin lymphoma,Lymphoma,"C024, C098-C099, C111, C142, C379, C422, C770-C779",9655
Hodgkin - Nodal,111,33011,Hodgkin lymphoma,Lymphoma,"C024, C098-C099, C111, C142, C379, C422, C770-C779",9654
Hodgkin - Nodal,111,33011,Hodgkin lymphoma,Lymphoma,"C024, C098-C099, C111, C142, C379, C422, C770-C779",9653
Hodgkin - Nodal,111,33011,Hodgkin lymphoma,Lymphoma,"C024, C098-C099, C111, C142, C379, C422, C770-C779",9652
Hodgkin - Nodal,111,33011,Hodgkin lymphoma,Lymphoma,"C024, C098-C099, C111, C142, C379, C422, C770-C779",9651
Hodgkin - Nodal,111,33011,Hodgkin lymphoma,Lymphoma,"C024, C098-C099, C111, C142, C379, C422, C770-C779",9650
Hodgkin - Nodal,142,33011,Hodgkin lymphoma,Lymphoma,"C024, C098-C099, C111, C142, C379, C422, C770-C779",9667
Hodgkin - Nodal,142,33011,Hodgkin lymphoma,Lymphoma,"C024, C098-C099, C111, C142, C379, C422, C770-C779",9666
Hodgkin - Nodal,142,33011,Hodgkin lymphoma,Lymphoma,"C024, C098-C099, C111, C142, C379, C422, C770-C779",9665
Hodgkin - Nodal,142,33011,Hodgkin lymphoma,Lymphoma,"C024, C098-C099, C111, C142, C379, C422, C770-C779",9664
Hodgkin - Nodal,142,33011,Hodgkin lymphoma,Lymphoma,"C024, C098-C099, C111, C142, C379, C422, C770-C779",9663
Hodgkin - Nodal,142,33011,Hodgkin lymphoma,Lymphoma,"C024, C098-C099, C111, C142, C379, C422, C770-C779",9662
Hodgkin - Nodal,142,33011,Hodgkin lymphoma,Lymphoma,"C024, C098-C099, C111, C142, C379, C422, C770-C779",9661
Hodgkin - Nodal,142,33011,Hodgkin lymphoma,Lymphoma,"C024, C098-C099, C111, C142, C379, C422, C770-C779",9660
Hodgkin - Nodal,142,33011,Hodgkin lymphoma,Lymphoma,"C024, C098-C099, C111, C142, C379, C422, C770-C779",9659
Hodgkin - Nodal,142,33011,Hodgkin lymphoma,Lymphoma,"C024, C098-C099, C111, C142, C379, C422, C770-C779",9658
Hodgkin - Nodal,142,33011,Hodgkin lymphoma,Lymphoma,"C024, C098-C099, C111, C142, C379, C422, C770-C779",9657
Hodgkin - Nodal,142,33011,Hodgkin lymphoma,Lymphoma,"C024, C098-C099, C111, C142, C379, C422, C770-C779",9656
Hodgkin - Nodal,142,33011,Hodgkin lymphoma,Lymphoma,"C024, C098-C099, C111, C142, C379, C422, C770-C779",9655
Hodgkin - Nodal,142,33011,Hodgkin lymphoma,Lymphoma,"C024, C098-C099, C111, C142, C379, C422, C770-C779",9654
Hodgkin - Nodal,142,33011,Hodgkin lymphoma,Lymphoma,"C024, C098-C099, C111, C142, C379, C422, C770-C779",9653
Hodgkin - Nodal,142,33011,Hodgkin lymphoma,Lymphoma,"C024, C098-C099, C111, C142, C379, C422, C770-C779",9652
Hodgkin - Nodal,142,33011,Hodgkin lymphoma,Lymphoma,"C024, C098-C099, C111, C142, C379, C422, C770-C779",9651
Hodgkin - Nodal,142,33011,Hodgkin lymphoma,Lymphoma,"C024, C098-C099, C111, C142, C379, C422, C770-C779",9650
Hodgkin - Nodal,379,33011,Hodgkin lymphoma,Lymphoma,"C024, C098-C099, C111, C142, C379, C422, C770-C779",9667
Hodgkin - Nodal,379,33011,Hodgkin lymphoma,Lymphoma,"C024, C098-C099, C111, C142, C379, C422, C770-C779",9666
Hodgkin - Nodal,379,33011,Hodgkin lymphoma,Lymphoma,"C024, C098-C099, C111, C142, C379, C422, C770-C779",9665
Hodgkin - Nodal,379,33011,Hodgkin lymphoma,Lymphoma,"C024, C098-C099, C111, C142, C379, C422, C770-C779",9664
Hodgkin - Nodal,379,33011,Hodgkin lymphoma,Lymphoma,"C024, C098-C099, C111, C142, C379, C422, C770-C779",9663
Hodgkin - Nodal,379,33011,Hodgkin lymphoma,Lymphoma,"C024, C098-C099, C111, C142, C379, C422, C770-C779",9662
Hodgkin - Nodal,379,33011,Hodgkin lymphoma,Lymphoma,"C024, C098-C099, C111, C142, C379, C422, C770-C779",9661
Hodgkin - Nodal,379,33011,Hodgkin lymphoma,Lymphoma,"C024, C098-C099, C111, C142, C379, C422, C770-C779",9660
Hodgkin - Nodal,379,33011,Hodgkin lymphoma,Lymphoma,"C024, C098-C099, C111, C142, C379, C422, C770-C779",9659
Hodgkin - Nodal,379,33011,Hodgkin lymphoma,Lymphoma,"C024, C098-C099, C111, C142, C379, C422, C770-C779",9658
Hodgkin - Nodal,379,33011,Hodgkin lymphoma,Lymphoma,"C024, C098-C099, C111, C142, C379, C422, C770-C779",9657
Hodgkin - Nodal,379,33011,Hodgkin lymphoma,Lymphoma,"C024, C098-C099, C111, C142, C379, C422, C770-C779",9656
Hodgkin - Nodal,379,33011,Hodgkin lymphoma,Lymphoma,"C024, C098-C099, C111, C142, C379, C422, C770-C779",9655
Hodgkin - Nodal,379,33011,Hodgkin lymphoma,Lymphoma,"C024, C098-C099, C111, C142, C379, C422, C770-C779",9654
Hodgkin - Nodal,379,33011,Hodgkin lymphoma,Lymphoma,"C024, C098-C099, C111, C142, C379, C422, C770-C779",9653
Hodgkin - Nodal,379,33011,Hodgkin lymphoma,Lymphoma,"C024, C098-C099, C111, C142, C379, C422, C770-C779",9652
Hodgkin - Nodal,379,33011,Hodgkin lymphoma,Lymphoma,"C024, C098-C099, C111, C142, C379, C422, C770-C779",9651
Hodgkin - Nodal,379,33011,Hodgkin lymphoma,Lymphoma,"C024, C098-C099, C111, C142, C379, C422, C770-C779",9650
Hodgkin - Nodal,422,33011,Hodgkin lymphoma,Lymphoma,"C024, C098-C099, C111, C142, C379, C422, C770-C779",9667
Hodgkin - Nodal,422,33011,Hodgkin lymphoma,Lymphoma,"C024, C098-C099, C111, C142, C379, C422, C770-C779",9666
Hodgkin - Nodal,422,33011,Hodgkin lymphoma,Lymphoma,"C024, C098-C099, C111, C142, C379, C422, C770-C779",9665
Hodgkin - Nodal,422,33011,Hodgkin lymphoma,Lymphoma,"C024, C098-C099, C111, C142, C379, C422, C770-C779",9664
Hodgkin - Nodal,422,33011,Hodgkin lymphoma,Lymphoma,"C024, C098-C099, C111, C142, C379, C422, C770-C779",9663
Hodgkin - Nodal,422,33011,Hodgkin lymphoma,Lymphoma,"C024, C098-C099, C111, C142, C379, C422, C770-C779",9662
Hodgkin - Nodal,422,33011,Hodgkin lymphoma,Lymphoma,"C024, C098-C099, C111, C142, C379, C422, C770-C779",9661
Hodgkin - Nodal,422,33011,Hodgkin lymphoma,Lymphoma,"C024, C098-C099, C111, C142, C379, C422, C770-C779",9660
Hodgkin - Nodal,422,33011,Hodgkin lymphoma,Lymphoma,"C024, C098-C099, C111, C142, C379, C422, C770-C779",9659
Hodgkin - Nodal,422,33011,Hodgkin lymphoma,Lymphoma,"C024, C098-C099, C111, C142, C379, C422, C770-C779",9658
Hodgkin - Nodal,422,33011,Hodgkin lymphoma,Lymphoma,"C024, C098-C099, C111, C142, C379, C422, C770-C779",9657
Hodgkin - Nodal,422,33011,Hodgkin lymphoma,Lymphoma,"C024, C098-C099, C111, C142, C379, C422, C770-C779",9656
Hodgkin - Nodal,422,33011,Hodgkin lymphoma,Lymphoma,"C024, C098-C099, C111, C142, C379, C422, C770-C779",9655
Hodgkin - Nodal,422,33011,Hodgkin lymphoma,Lymphoma,"C024, C098-C099, C111, C142, C379, C422, C770-C779",9654
Hodgkin - Nodal,422,33011,Hodgkin lymphoma,Lymphoma,"C024, C098-C099, C111, C142, C379, C422, C770-C779",9653
Hodgkin - Nodal,422,33011,Hodgkin lymphoma,Lymphoma,"C024, C098-C099, C111, C142, C379, C422, C770-C779",9652
Hodgkin - Nodal,422,33011,Hodgkin lymphoma,Lymphoma,"C024, C098-C099, C111, C142, C379, C422, C770-C779",9651
Hodgkin - Nodal,422,33011,Hodgkin lymphoma,Lymphoma,"C024, C098-C099, C111, C142, C379, C422, C770-C779",9650
Hodgkin - Nodal,770,33011,Hodgkin lymphoma,Lymphoma,"C024, C098-C099, C111, C142, C379, C422, C770-C779",9667
Hodgkin - Nodal,770,33011,Hodgkin lymphoma,Lymphoma,"C024, C098-C099, C111, C142, C379, C422, C770-C779",9666
Hodgkin - Nodal,770,33011,Hodgkin lymphoma,Lymphoma,"C024, C098-C099, C111, C142, C379, C422, C770-C779",9665
Hodgkin - Nodal,770,33011,Hodgkin lymphoma,Lymphoma,"C024, C098-C099, C111, C142, C379, C422, C770-C779",9664
Hodgkin - Nodal,770,33011,Hodgkin lymphoma,Lymphoma,"C024, C098-C099, C111, C142, C379, C422, C770-C779",9663
Hodgkin - Nodal,770,33011,Hodgkin lymphoma,Lymphoma,"C024, C098-C099, C111, C142, C379, C422, C770-C779",9662
Hodgkin - Nodal,770,33011,Hodgkin lymphoma,Lymphoma,"C024, C098-C099, C111, C142, C379, C422, C770-C779",9661
Hodgkin - Nodal,770,33011,Hodgkin lymphoma,Lymphoma,"C024, C098-C099, C111, C142, C379, C422, C770-C779",9660
Hodgkin - Nodal,770,33011,Hodgkin lymphoma,Lymphoma,"C024, C098-C099, C111, C142, C379, C422, C770-C779",9659
Hodgkin - Nodal,770,33011,Hodgkin lymphoma,Lymphoma,"C024, C098-C099, C111, C142, C379, C422, C770-C779",9658
Hodgkin - Nodal,770,33011,Hodgkin lymphoma,Lymphoma,"C024, C098-C099, C111, C142, C379, C422, C770-C779",9657
Hodgkin - Nodal,770,33011,Hodgkin lymphoma,Lymphoma,"C024, C098-C099, C111, C142, C379, C422, C770-C779",9656
Hodgkin - Nodal,770,33011,Hodgkin lymphoma,Lymphoma,"C024, C098-C099, C111, C142, C379, C422, C770-C779",9655
Hodgkin - Nodal,770,33011,Hodgkin lymphoma,Lymphoma,"C024, C098-C099, C111, C142, C379, C422, C770-C779",9654
Hodgkin - Nodal,770,33011,Hodgkin lymphoma,Lymphoma,"C024, C098-C099, C111, C142, C379, C422, C770-C779",9653
Hodgkin - Nodal,770,33011,Hodgkin lymphoma,Lymphoma,"C024, C098-C099, C111, C142, C379, C422, C770-C779",9652
Hodgkin - Nodal,770,33011,Hodgkin lymphoma,Lymphoma,"C024, C098-C099, C111, C142, C379, C422, C770-C779",9651
Hodgkin - Nodal,770,33011,Hodgkin lymphoma,Lymphoma,"C024, C098-C099, C111, C142, C379, C422, C770-C779",9650
Hodgkin - Nodal,771,33011,Hodgkin lymphoma,Lymphoma,"C024, C098-C099, C111, C142, C379, C422, C770-C779",9667
Hodgkin - Nodal,771,33011,Hodgkin lymphoma,Lymphoma,"C024, C098-C099, C111, C142, C379, C422, C770-C779",9666
Hodgkin - Nodal,771,33011,Hodgkin lymphoma,Lymphoma,"C024, C098-C099, C111, C142, C379, C422, C770-C779",9665
Hodgkin - Nodal,771,33011,Hodgkin lymphoma,Lymphoma,"C024, C098-C099, C111, C142, C379, C422, C770-C779",9664
Hodgkin - Nodal,771,33011,Hodgkin lymphoma,Lymphoma,"C024, C098-C099, C111, C142, C379, C422, C770-C779",9663
Hodgkin - Nodal,771,33011,Hodgkin lymphoma,Lymphoma,"C024, C098-C099, C111, C142, C379, C422, C770-C779",9662
Hodgkin - Nodal,771,33011,Hodgkin lymphoma,Lymphoma,"C024, C098-C099, C111, C142, C379, C422, C770-C779",9661
Hodgkin - Nodal,771,33011,Hodgkin lymphoma,Lymphoma,"C024, C098-C099, C111, C142, C379, C422, C770-C779",9660
Hodgkin - Nodal,771,33011,Hodgkin lymphoma,Lymphoma,"C024, C098-C099, C111, C142, C379, C422, C770-C779",9659
Hodgkin - Nodal,771,33011,Hodgkin lymphoma,Lymphoma,"C024, C098-C099, C111, C142, C379, C422, C770-C779",9658
Hodgkin - Nodal,771,33011,Hodgkin lymphoma,Lymphoma,"C024, C098-C099, C111, C142, C379, C422, C770-C779",9657
Hodgkin - Nodal,771,33011,Hodgkin lymphoma,Lymphoma,"C024, C098-C099, C111, C142, C379, C422, C770-C779",9656
Hodgkin - Nodal,771,33011,Hodgkin lymphoma,Lymphoma,"C024, C098-C099, C111, C142, C379, C422, C770-C779",9655
Hodgkin - Nodal,771,33011,Hodgkin lymphoma,Lymphoma,"C024, C098-C099, C111, C142, C379, C422, C770-C779",9654
Hodgkin - Nodal,771,33011,Hodgkin lymphoma,Lymphoma,"C024, C098-C099, C111, C142, C379, C422, C770-C779",9653
Hodgkin - Nodal,771,33011,Hodgkin lymphoma,Lymphoma,"C024, C098-C099, C111, C142, C379, C422, C770-C779",9652
Hodgkin - Nodal,771,33011,Hodgkin lymphoma,Lymphoma,"C024, C098-C099, C111, C142, C379, C422, C770-C779",9651
Hodgkin - Nodal,771,33011,Hodgkin lymphoma,Lymphoma,"C024, C098-C099, C111, C142, C379, C422, C770-C779",9650
Hodgkin - Nodal,772,33011,Hodgkin lymphoma,Lymphoma,"C024, C098-C099, C111, C142, C379, C422, C770-C779",9667
Hodgkin - Nodal,772,33011,Hodgkin lymphoma,Lymphoma,"C024, C098-C099, C111, C142, C379, C422, C770-C779",9666
Hodgkin - Nodal,772,33011,Hodgkin lymphoma,Lymphoma,"C024, C098-C099, C111, C142, C379, C422, C770-C779",9665
Hodgkin - Nodal,772,33011,Hodgkin lymphoma,Lymphoma,"C024, C098-C099, C111, C142, C379, C422, C770-C779",9664
Hodgkin - Nodal,772,33011,Hodgkin lymphoma,Lymphoma,"C024, C098-C099, C111, C142, C379, C422, C770-C779",9663
Hodgkin - Nodal,772,33011,Hodgkin lymphoma,Lymphoma,"C024, C098-C099, C111, C142, C379, C422, C770-C779",9662
Hodgkin - Nodal,772,33011,Hodgkin lymphoma,Lymphoma,"C024, C098-C099, C111, C142, C379, C422, C770-C779",9661
Hodgkin - Nodal,772,33011,Hodgkin lymphoma,Lymphoma,"C024, C098-C099, C111, C142, C379, C422, C770-C779",9660
Hodgkin - Nodal,772,33011,Hodgkin lymphoma,Lymphoma,"C024, C098-C099, C111, C142, C379, C422, C770-C779",9659
Hodgkin - Nodal,772,33011,Hodgkin lymphoma,Lymphoma,"C024, C098-C099, C111, C142, C379, C422, C770-C779",9658
Hodgkin - Nodal,772,33011,Hodgkin lymphoma,Lymphoma,"C024, C098-C099, C111, C142, C379, C422, C770-C779",9657
Hodgkin - Nodal,772,33011,Hodgkin lymphoma,Lymphoma,"C024, C098-C099, C111, C142, C379, C422, C770-C779",9656
Hodgkin - Nodal,772,33011,Hodgkin lymphoma,Lymphoma,"C024, C098-C099, C111, C142, C379, C422, C770-C779",9655
Hodgkin - Nodal,772,33011,Hodgkin lymphoma,Lymphoma,"C024, C098-C099, C111, C142, C379, C422, C770-C779",9654
Hodgkin - Nodal,772,33011,Hodgkin lymphoma,Lymphoma,"C024, C098-C099, C111, C142, C379, C422, C770-C779",9653
Hodgkin - Nodal,772,33011,Hodgkin lymphoma,Lymphoma,"C024, C098-C099, C111, C142, C379, C422, C770-C779",9652
Hodgkin - Nodal,772,33011,Hodgkin lymphoma,Lymphoma,"C024, C098-C099, C111, C142, C379, C422, C770-C779",9651
Hodgkin - Nodal,772,33011,Hodgkin lymphoma,Lymphoma,"C024, C098-C099, C111, C142, C379, C422, C770-C779",9650
Hodgkin - Nodal,773,33011,Hodgkin lymphoma,Lymphoma,"C024, C098-C099, C111, C142, C379, C422, C770-C779",9667
Hodgkin - Nodal,773,33011,Hodgkin lymphoma,Lymphoma,"C024, C098-C099, C111, C142, C379, C422, C770-C779",9666
Hodgkin - Nodal,773,33011,Hodgkin lymphoma,Lymphoma,"C024, C098-C099, C111, C142, C379, C422, C770-C779",9665
Hodgkin - Nodal,773,33011,Hodgkin lymphoma,Lymphoma,"C024, C098-C099, C111, C142, C379, C422, C770-C779",9664
Hodgkin - Nodal,773,33011,Hodgkin lymphoma,Lymphoma,"C024, C098-C099, C111, C142, C379, C422, C770-C779",9663
Hodgkin - Nodal,773,33011,Hodgkin lymphoma,Lymphoma,"C024, C098-C099, C111, C142, C379, C422, C770-C779",9662
Hodgkin - Nodal,773,33011,Hodgkin lymphoma,Lymphoma,"C024, C098-C099, C111, C142, C379, C422, C770-C779",9661
Hodgkin - Nodal,773,33011,Hodgkin lymphoma,Lymphoma,"C024, C098-C099, C111, C142, C379, C422, C770-C779",9660
Hodgkin - Nodal,773,33011,Hodgkin lymphoma,Lymphoma,"C024, C098-C099, C111, C142, C379, C422, C770-C779",9659
Hodgkin - Nodal,773,33011,Hodgkin lymphoma,Lymphoma,"C024, C098-C099, C111, C142, C379, C422, C770-C779",9658
Hodgkin - Nodal,773,33011,Hodgkin lymphoma,Lymphoma,"C024, C098-C099, C111, C142, C379, C422, C770-C779",9657
Hodgkin - Nodal,773,33011,Hodgkin lymphoma,Lymphoma,"C024, C098-C099, C111, C142, C379, C422, C770-C779",9656
Hodgkin - Nodal,773,33011,Hodgkin lymphoma,Lymphoma,"C024, C098-C099, C111, C142, C379, C422, C770-C779",9655
Hodgkin - Nodal,773,33011,Hodgkin lymphoma,Lymphoma,"C024, C098-C099, C111, C142, C379, C422, C770-C779",9654
Hodgkin - Nodal,773,33011,Hodgkin lymphoma,Lymphoma,"C024, C098-C099, C111, C142, C379, C422, C770-C779",9653
Hodgkin - Nodal,773,33011,Hodgkin lymphoma,Lymphoma,"C024, C098-C099, C111, C142, C379, C422, C770-C779",9652
Hodgkin - Nodal,773,33011,Hodgkin lymphoma,Lymphoma,"C024, C098-C099, C111, C142, C379, C422, C770-C779",9651
Hodgkin - Nodal,773,33011,Hodgkin lymphoma,Lymphoma,"C024, C098-C099, C111, C142, C379, C422, C770-C779",9650
Hodgkin - Nodal,774,33011,Hodgkin lymphoma,Lymphoma,"C024, C098-C099, C111, C142, C379, C422, C770-C779",9667
Hodgkin - Nodal,774,33011,Hodgkin lymphoma,Lymphoma,"C024, C098-C099, C111, C142, C379, C422, C770-C779",9666
Hodgkin - Nodal,774,33011,Hodgkin lymphoma,Lymphoma,"C024, C098-C099, C111, C142, C379, C422, C770-C779",9665
Hodgkin - Nodal,774,33011,Hodgkin lymphoma,Lymphoma,"C024, C098-C099, C111, C142, C379, C422, C770-C779",9664
Hodgkin - Nodal,774,33011,Hodgkin lymphoma,Lymphoma,"C024, C098-C099, C111, C142, C379, C422, C770-C779",9663
Hodgkin - Nodal,774,33011,Hodgkin lymphoma,Lymphoma,"C024, C098-C099, C111, C142, C379, C422, C770-C779",9662
Hodgkin - Nodal,774,33011,Hodgkin lymphoma,Lymphoma,"C024, C098-C099, C111, C142, C379, C422, C770-C779",9661
Hodgkin - Nodal,774,33011,Hodgkin lymphoma,Lymphoma,"C024, C098-C099, C111, C142, C379, C422, C770-C779",9660
Hodgkin - Nodal,774,33011,Hodgkin lymphoma,Lymphoma,"C024, C098-C099, C111, C142, C379, C422, C770-C779",9659
Hodgkin - Nodal,774,33011,Hodgkin lymphoma,Lymphoma,"C024, C098-C099, C111, C142, C379, C422, C770-C779",9658
Hodgkin - Nodal,774,33011,Hodgkin lymphoma,Lymphoma,"C024, C098-C099, C111, C142, C379, C422, C770-C779",9657
Hodgkin - Nodal,774,33011,Hodgkin lymphoma,Lymphoma,"C024, C098-C099, C111, C142, C379, C422, C770-C779",9656
Hodgkin - Nodal,774,33011,Hodgkin lymphoma,Lymphoma,"C024, C098-C099, C111, C142, C379, C422, C770-C779",9655
Hodgkin - Nodal,774,33011,Hodgkin lymphoma,Lymphoma,"C024, C098-C099, C111, C142, C379, C422, C770-C779",9654
Hodgkin - Nodal,774,33011,Hodgkin lymphoma,Lymphoma,"C024, C098-C099, C111, C142, C379, C422, C770-C779",9653
Hodgkin - Nodal,774,33011,Hodgkin lymphoma,Lymphoma,"C024, C098-C099, C111, C142, C379, C422, C770-C779",9652
Hodgkin - Nodal,774,33011,Hodgkin lymphoma,Lymphoma,"C024, C098-C099, C111, C142, C379, C422, C770-C779",9651
Hodgkin - Nodal,774,33011,Hodgkin lymphoma,Lymphoma,"C024, C098-C099, C111, C142, C379, C422, C770-C779",9650
Hodgkin - Nodal,775,33011,Hodgkin lymphoma,Lymphoma,"C024, C098-C099, C111, C142, C379, C422, C770-C779",9667
Hodgkin - Nodal,775,33011,Hodgkin lymphoma,Lymphoma,"C024, C098-C099, C111, C142, C379, C422, C770-C779",9666
Hodgkin - Nodal,775,33011,Hodgkin lymphoma,Lymphoma,"C024, C098-C099, C111, C142, C379, C422, C770-C779",9665
Hodgkin - Nodal,775,33011,Hodgkin lymphoma,Lymphoma,"C024, C098-C099, C111, C142, C379, C422, C770-C779",9664
Hodgkin - Nodal,775,33011,Hodgkin lymphoma,Lymphoma,"C024, C098-C099, C111, C142, C379, C422, C770-C779",9663
Hodgkin - Nodal,775,33011,Hodgkin lymphoma,Lymphoma,"C024, C098-C099, C111, C142, C379, C422, C770-C779",9662
Hodgkin - Nodal,775,33011,Hodgkin lymphoma,Lymphoma,"C024, C098-C099, C111, C142, C379, C422, C770-C779",9661
Hodgkin - Nodal,775,33011,Hodgkin lymphoma,Lymphoma,"C024, C098-C099, C111, C142, C379, C422, C770-C779",9660
Hodgkin - Nodal,775,33011,Hodgkin lymphoma,Lymphoma,"C024, C098-C099, C111, C142, C379, C422, C770-C779",9659
Hodgkin - Nodal,775,33011,Hodgkin lymphoma,Lymphoma,"C024, C098-C099, C111, C142, C379, C422, C770-C779",9658
Hodgkin - Nodal,775,33011,Hodgkin lymphoma,Lymphoma,"C024, C098-C099, C111, C142, C379, C422, C770-C779",9657
Hodgkin - Nodal,775,33011,Hodgkin lymphoma,Lymphoma,"C024, C098-C099, C111, C142, C379, C422, C770-C779",9656
Hodgkin - Nodal,775,33011,Hodgkin lymphoma,Lymphoma,"C024, C098-C099, C111, C142, C379, C422, C770-C779",9655
Hodgkin - Nodal,775,33011,Hodgkin lymphoma,Lymphoma,"C024, C098-C099, C111, C142, C379, C422, C770-C779",9654
Hodgkin - Nodal,775,33011,Hodgkin lymphoma,Lymphoma,"C024, C098-C099, C111, C142, C379, C422, C770-C779",9653
Hodgkin - Nodal,775,33011,Hodgkin lymphoma,Lymphoma,"C024, C098-C099, C111, C142, C379, C422, C770-C779",9652
Hodgkin - Nodal,775,33011,Hodgkin lymphoma,Lymphoma,"C024, C098-C099, C111, C142, C379, C422, C770-C779",9651
Hodgkin - Nodal,775,33011,Hodgkin lymphoma,Lymphoma,"C024, C098-C099, C111, C142, C379, C422, C770-C779",9650
Hodgkin - Nodal,776,33011,Hodgkin lymphoma,Lymphoma,"C024, C098-C099, C111, C142, C379, C422, C770-C779",9667
Hodgkin - Nodal,776,33011,Hodgkin lymphoma,Lymphoma,"C024, C098-C099, C111, C142, C379, C422, C770-C779",9666
Hodgkin - Nodal,776,33011,Hodgkin lymphoma,Lymphoma,"C024, C098-C099, C111, C142, C379, C422, C770-C779",9665
Hodgkin - Nodal,776,33011,Hodgkin lymphoma,Lymphoma,"C024, C098-C099, C111, C142, C379, C422, C770-C779",9664
Hodgkin - Nodal,776,33011,Hodgkin lymphoma,Lymphoma,"C024, C098-C099, C111, C142, C379, C422, C770-C779",9663
Hodgkin - Nodal,776,33011,Hodgkin lymphoma,Lymphoma,"C024, C098-C099, C111, C142, C379, C422, C770-C779",9662
Hodgkin - Nodal,776,33011,Hodgkin lymphoma,Lymphoma,"C024, C098-C099, C111, C142, C379, C422, C770-C779",9661
Hodgkin - Nodal,776,33011,Hodgkin lymphoma,Lymphoma,"C024, C098-C099, C111, C142, C379, C422, C770-C779",9660
Hodgkin - Nodal,776,33011,Hodgkin lymphoma,Lymphoma,"C024, C098-C099, C111, C142, C379, C422, C770-C779",9659
Hodgkin - Nodal,776,33011,Hodgkin lymphoma,Lymphoma,"C024, C098-C099, C111, C142, C379, C422, C770-C779",9658
Hodgkin - Nodal,776,33011,Hodgkin lymphoma,Lymphoma,"C024, C098-C099, C111, C142, C379, C422, C770-C779",9657
Hodgkin - Nodal,776,33011,Hodgkin lymphoma,Lymphoma,"C024, C098-C099, C111, C142, C379, C422, C770-C779",9656
Hodgkin - Nodal,776,33011,Hodgkin lymphoma,Lymphoma,"C024, C098-C099, C111, C142, C379, C422, C770-C779",9655
Hodgkin - Nodal,776,33011,Hodgkin lymphoma,Lymphoma,"C024, C098-C099, C111, C142, C379, C422, C770-C779",9654
Hodgkin - Nodal,776,33011,Hodgkin lymphoma,Lymphoma,"C024, C098-C099, C111, C142, C379, C422, C770-C779",9653
Hodgkin - Nodal,776,33011,Hodgkin lymphoma,Lymphoma,"C024, C098-C099, C111, C142, C379, C422, C770-C779",9652
Hodgkin - Nodal,776,33011,Hodgkin lymphoma,Lymphoma,"C024, C098-C099, C111, C142, C379, C422, C770-C779",9651
Hodgkin - Nodal,776,33011,Hodgkin lymphoma,Lymphoma,"C024, C098-C099, C111, C142, C379, C422, C770-C779",9650
Hodgkin - Nodal,777,33011,Hodgkin lymphoma,Lymphoma,"C024, C098-C099, C111, C142, C379, C422, C770-C779",9667
Hodgkin - Nodal,777,33011,Hodgkin lymphoma,Lymphoma,"C024, C098-C099, C111, C142, C379, C422, C770-C779",9666
Hodgkin - Nodal,777,33011,Hodgkin lymphoma,Lymphoma,"C024, C098-C099, C111, C142, C379, C422, C770-C779",9665
Hodgkin - Nodal,777,33011,Hodgkin lymphoma,Lymphoma,"C024, C098-C099, C111, C142, C379, C422, C770-C779",9664
Hodgkin - Nodal,777,33011,Hodgkin lymphoma,Lymphoma,"C024, C098-C099, C111, C142, C379, C422, C770-C779",9663
Hodgkin - Nodal,777,33011,Hodgkin lymphoma,Lymphoma,"C024, C098-C099, C111, C142, C379, C422, C770-C779",9662
Hodgkin - Nodal,777,33011,Hodgkin lymphoma,Lymphoma,"C024, C098-C099, C111, C142, C379, C422, C770-C779",9661
Hodgkin - Nodal,777,33011,Hodgkin lymphoma,Lymphoma,"C024, C098-C099, C111, C142, C379, C422, C770-C779",9660
Hodgkin - Nodal,777,33011,Hodgkin lymphoma,Lymphoma,"C024, C098-C099, C111, C142, C379, C422, C770-C779",9659
Hodgkin - Nodal,777,33011,Hodgkin lymphoma,Lymphoma,"C024, C098-C099, C111, C142, C379, C422, C770-C779",9658
Hodgkin - Nodal,777,33011,Hodgkin lymphoma,Lymphoma,"C024, C098-C099, C111, C142, C379, C422, C770-C779",9657
Hodgkin - Nodal,777,33011,Hodgkin lymphoma,Lymphoma,"C024, C098-C099, C111, C142, C379, C422, C770-C779",9656
Hodgkin - Nodal,777,33011,Hodgkin lymphoma,Lymphoma,"C024, C098-C099, C111, C142, C379, C422, C770-C779",9655
Hodgkin - Nodal,777,33011,Hodgkin lymphoma,Lymphoma,"C024, C098-C099, C111, C142, C379, C422, C770-C779",9654
Hodgkin - Nodal,777,33011,Hodgkin lymphoma,Lymphoma,"C024, C098-C099, C111, C142, C379, C422, C770-C779",9653
Hodgkin - Nodal,777,33011,Hodgkin lymphoma,Lymphoma,"C024, C098-C099, C111, C142, C379, C422, C770-C779",9652
Hodgkin - Nodal,777,33011,Hodgkin lymphoma,Lymphoma,"C024, C098-C099, C111, C142, C379, C422, C770-C779",9651
Hodgkin - Nodal,777,33011,Hodgkin lymphoma,Lymphoma,"C024, C098-C099, C111, C142, C379, C422, C770-C779",9650
Hodgkin - Nodal,778,33011,Hodgkin lymphoma,Lymphoma,"C024, C098-C099, C111, C142, C379, C422, C770-C779",9667
Hodgkin - Nodal,778,33011,Hodgkin lymphoma,Lymphoma,"C024, C098-C099, C111, C142, C379, C422, C770-C779",9666
Hodgkin - Nodal,778,33011,Hodgkin lymphoma,Lymphoma,"C024, C098-C099, C111, C142, C379, C422, C770-C779",9665
Hodgkin - Nodal,778,33011,Hodgkin lymphoma,Lymphoma,"C024, C098-C099, C111, C142, C379, C422, C770-C779",9664
Hodgkin - Nodal,778,33011,Hodgkin lymphoma,Lymphoma,"C024, C098-C099, C111, C142, C379, C422, C770-C779",9663
Hodgkin - Nodal,778,33011,Hodgkin lymphoma,Lymphoma,"C024, C098-C099, C111, C142, C379, C422, C770-C779",9662
Hodgkin - Nodal,778,33011,Hodgkin lymphoma,Lymphoma,"C024, C098-C099, C111, C142, C379, C422, C770-C779",9661
Hodgkin - Nodal,778,33011,Hodgkin lymphoma,Lymphoma,"C024, C098-C099, C111, C142, C379, C422, C770-C779",9660
Hodgkin - Nodal,778,33011,Hodgkin lymphoma,Lymphoma,"C024, C098-C099, C111, C142, C379, C422, C770-C779",9659
Hodgkin - Nodal,778,33011,Hodgkin lymphoma,Lymphoma,"C024, C098-C099, C111, C142, C379, C422, C770-C779",9658
Hodgkin - Nodal,778,33011,Hodgkin lymphoma,Lymphoma,"C024, C098-C099, C111, C142, C379, C422, C770-C779",9657
Hodgkin - Nodal,778,33011,Hodgkin lymphoma,Lymphoma,"C024, C098-C099, C111, C142, C379, C422, C770-C779",9656
Hodgkin - Nodal,778,33011,Hodgkin lymphoma,Lymphoma,"C024, C098-C099, C111, C142, C379, C422, C770-C779",9655
Hodgkin - Nodal,778,33011,Hodgkin lymphoma,Lymphoma,"C024, C098-C099, C111, C142, C379, C422, C770-C779",9654
Hodgkin - Nodal,778,33011,Hodgkin lymphoma,Lymphoma,"C024, C098-C099, C111, C142, C379, C422, C770-C779",9653
Hodgkin - Nodal,778,33011,Hodgkin lymphoma,Lymphoma,"C024, C098-C099, C111, C142, C379, C422, C770-C779",9652
Hodgkin - Nodal,778,33011,Hodgkin lymphoma,Lymphoma,"C024, C098-C099, C111, C142, C379, C422, C770-C779",9651
Hodgkin - Nodal,778,33011,Hodgkin lymphoma,Lymphoma,"C024, C098-C099, C111, C142, C379, C422, C770-C779",9650
Hodgkin - Nodal,779,33011,Hodgkin lymphoma,Lymphoma,"C024, C098-C099, C111, C142, C379, C422, C770-C779",9667
Hodgkin - Nodal,779,33011,Hodgkin lymphoma,Lymphoma,"C024, C098-C099, C111, C142, C379, C422, C770-C779",9666
Hodgkin - Nodal,779,33011,Hodgkin lymphoma,Lymphoma,"C024, C098-C099, C111, C142, C379, C422, C770-C779",9665
Hodgkin - Nodal,779,33011,Hodgkin lymphoma,Lymphoma,"C024, C098-C099, C111, C142, C379, C422, C770-C779",9664
Hodgkin - Nodal,779,33011,Hodgkin lymphoma,Lymphoma,"C024, C098-C099, C111, C142, C379, C422, C770-C779",9663
Hodgkin - Nodal,779,33011,Hodgkin lymphoma,Lymphoma,"C024, C098-C099, C111, C142, C379, C422, C770-C779",9662
Hodgkin - Nodal,779,33011,Hodgkin lymphoma,Lymphoma,"C024, C098-C099, C111, C142, C379, C422, C770-C779",9661
Hodgkin - Nodal,779,33011,Hodgkin lymphoma,Lymphoma,"C024, C098-C099, C111, C142, C379, C422, C770-C779",9660
Hodgkin - Nodal,779,33011,Hodgkin lymphoma,Lymphoma,"C024, C098-C099, C111, C142, C379, C422, C770-C779",9659
Hodgkin - Nodal,779,33011,Hodgkin lymphoma,Lymphoma,"C024, C098-C099, C111, C142, C379, C422, C770-C779",9658
Hodgkin - Nodal,779,33011,Hodgkin lymphoma,Lymphoma,"C024, C098-C099, C111, C142, C379, C422, C770-C779",9657
Hodgkin - Nodal,779,33011,Hodgkin lymphoma,Lymphoma,"C024, C098-C099, C111, C142, C379, C422, C770-C779",9656
Hodgkin - Nodal,779,33011,Hodgkin lymphoma,Lymphoma,"C024, C098-C099, C111, C142, C379, C422, C770-C779",9655
Hodgkin - Nodal,779,33011,Hodgkin lymphoma,Lymphoma,"C024, C098-C099, C111, C142, C379, C422, C770-C779",9654
Hodgkin - Nodal,779,33011,Hodgkin lymphoma,Lymphoma,"C024, C098-C099, C111, C142, C379, C422, C770-C779",9653
Hodgkin - Nodal,779,33011,Hodgkin lymphoma,Lymphoma,"C024, C098-C099, C111, C142, C379, C422, C770-C779",9652
Hodgkin - Nodal,779,33011,Hodgkin lymphoma,Lymphoma,"C024, C098-C099, C111, C142, C379, C422, C770-C779",9651
Hodgkin - Nodal,779,33011,Hodgkin lymphoma,Lymphoma,"C024, C098-C099, C111, C142, C379, C422, C770-C779",9650
Hodgkin - Extranodal,null,33012,Hodgkin lymphoma,Lymphoma,All other sites,9667
Hodgkin - Extranodal,null,33012,Hodgkin lymphoma,Lymphoma,All other sites,9666
Hodgkin - Extranodal,null,33012,Hodgkin lymphoma,Lymphoma,All other sites,9665
Hodgkin - Extranodal,null,33012,Hodgkin lymphoma,Lymphoma,All other sites,9664
Hodgkin - Extranodal,null,33012,Hodgkin lymphoma,Lymphoma,All other sites,9663
Hodgkin - Extranodal,null,33012,Hodgkin lymphoma,Lymphoma,All other sites,9662
Hodgkin - Extranodal,null,33012,Hodgkin lymphoma,Lymphoma,All other sites,9661
Hodgkin - Extranodal,null,33012,Hodgkin lymphoma,Lymphoma,All other sites,9660
Hodgkin - Extranodal,null,33012,Hodgkin lymphoma,Lymphoma,All other sites,9659
Hodgkin - Extranodal,null,33012,Hodgkin lymphoma,Lymphoma,All other sites,9658
Hodgkin - Extranodal,null,33012,Hodgkin lymphoma,Lymphoma,All other sites,9657
Hodgkin - Extranodal,null,33012,Hodgkin lymphoma,Lymphoma,All other sites,9656
Hodgkin - Extranodal,null,33012,Hodgkin lymphoma,Lymphoma,All other sites,9655
Hodgkin - Extranodal,null,33012,Hodgkin lymphoma,Lymphoma,All other sites,9654
Hodgkin - Extranodal,null,33012,Hodgkin lymphoma,Lymphoma,All other sites,9653
Hodgkin - Extranodal,null,33012,Hodgkin lymphoma,Lymphoma,All other sites,9652
Hodgkin - Extranodal,null,33012,Hodgkin lymphoma,Lymphoma,All other sites,9651
Hodgkin - Extranodal,null,33012,Hodgkin lymphoma,Lymphoma,All other sites,9650
NHL - Nodal,24,33041,Non-Hodgkin lymphoma,Lymphoma,"C024, C098, C099, C111, C142, C379, C422, C770-C779",9837
NHL - Nodal,24,33041,Non-Hodgkin lymphoma,Lymphoma,"C024, C098, C099, C111, C142, C379, C422, C770-C779",9827
NHL - Nodal,24,33041,Non-Hodgkin lymphoma,Lymphoma,"C024, C098, C099, C111, C142, C379, C422, C770-C779",9823
NHL - Nodal,24,33041,Non-Hodgkin lymphoma,Lymphoma,"C024, C098, C099, C111, C142, C379, C422, C770-C779",9818
NHL - Nodal,24,33041,Non-Hodgkin lymphoma,Lymphoma,"C024, C098, C099, C111, C142, C379, C422, C770-C779",9817
NHL - Nodal,24,33041,Non-Hodgkin lymphoma,Lymphoma,"C024, C098, C099, C111, C142, C379, C422, C770-C779",9816
NHL - Nodal,24,33041,Non-Hodgkin lymphoma,Lymphoma,"C024, C098, C099, C111, C142, C379, C422, C770-C779",9815
NHL - Nodal,24,33041,Non-Hodgkin lymphoma,Lymphoma,"C024, C098, C099, C111, C142, C379, C422, C770-C779",9814
NHL - Nodal,24,33041,Non-Hodgkin lymphoma,Lymphoma,"C024, C098, C099, C111, C142, C379, C422, C770-C779",9813
NHL - Nodal,24,33041,Non-Hodgkin lymphoma,Lymphoma,"C024, C098, C099, C111, C142, C379, C422, C770-C779",9812
NHL - Nodal,24,33041,Non-Hodgkin lymphoma,Lymphoma,"C024, C098, C099, C111, C142, C379, C422, C770-C779",9811
NHL - Nodal,24,33041,Non-Hodgkin lymphoma,Lymphoma,"C024, C098, C099, C111, C142, C379, C422, C770-C779",9738
NHL - Nodal,24,33041,Non-Hodgkin lymphoma,Lymphoma,"C024, C098, C099, C111, C142, C379, C422, C770-C779",9737
NHL - Nodal,24,33041,Non-Hodgkin lymphoma,Lymphoma,"C024, C098, C099, C111, C142, C379, C422, C770-C779",9735
NHL - Nodal,24,33041,Non-Hodgkin lymphoma,Lymphoma,"C024, C098, C099, C111, C142, C379, C422, C770-C779",9729
NHL - Nodal,24,33041,Non-Hodgkin lymphoma,Lymphoma,"C024, C098, C099, C111, C142, C379, C422, C770-C779",9728
NHL - Nodal,24,33041,Non-Hodgkin lymphoma,Lymphoma,"C024, C098, C099, C111, C142, C379, C422, C770-C779",9727
NHL - Nodal,24,33041,Non-Hodgkin lymphoma,Lymphoma,"C024, C098, C099, C111, C142, C379, C422, C770-C779",9726
NHL - Nodal,24,33041,Non-Hodgkin lymphoma,Lymphoma,"C024, C098, C099, C111, C142, C379, C422, C770-C779",9725
NHL - Nodal,24,33041,Non-Hodgkin lymphoma,Lymphoma,"C024, C098, C099, C111, C142, C379, C422, C770-C779",9724
NHL - Nodal,24,33041,Non-Hodgkin lymphoma,Lymphoma,"C024, C098, C099, C111, C142, C379, C422, C770-C779",9719
NHL - Nodal,24,33041,Non-Hodgkin lymphoma,Lymphoma,"C024, C098, C099, C111, C142, C379, C422, C770-C779",9718
NHL - Nodal,24,33041,Non-Hodgkin lymphoma,Lymphoma,"C024, C098, C099, C111, C142, C379, C422, C770-C779",9717
NHL - Nodal,24,33041,Non-Hodgkin lymphoma,Lymphoma,"C024, C098, C099, C111, C142, C379, C422, C770-C779",9716
NHL - Nodal,24,33041,Non-Hodgkin lymphoma,Lymphoma,"C024, C098, C099, C111, C142, C379, C422, C770-C779",9715
NHL - Nodal,24,33041,Non-Hodgkin lymphoma,Lymphoma,"C024, C098, C099, C111, C142, C379, C422, C770-C779",9714
NHL - Nodal,24,33041,Non-Hodgkin lymphoma,Lymphoma,"C024, C098, C099, C111, C142, C379, C422, C770-C779",9712
NHL - Nodal,24,33041,Non-Hodgkin lymphoma,Lymphoma,"C024, C098, C099, C111, C142, C379, C422, C770-C779",9709
NHL - Nodal,24,33041,Non-Hodgkin lymphoma,Lymphoma,"C024, C098, C099, C111, C142, C379, C422, C770-C779",9708
NHL - Nodal,24,33041,Non-Hodgkin lymphoma,Lymphoma,"C024, C098, C099, C111, C142, C379, C422, C770-C779",9705
NHL - Nodal,24,33041,Non-Hodgkin lymphoma,Lymphoma,"C024, C098, C099, C111, C142, C379, C422, C770-C779",9702
NHL - Nodal,24,33041,Non-Hodgkin lymphoma,Lymphoma,"C024, C098, C099, C111, C142, C379, C422, C770-C779",9701
NHL - Nodal,24,33041,Non-Hodgkin lymphoma,Lymphoma,"C024, C098, C099, C111, C142, C379, C422, C770-C779",9700
NHL - Nodal,24,33041,Non-Hodgkin lymphoma,Lymphoma,"C024, C098, C099, C111, C142, C379, C422, C770-C779",9699
NHL - Nodal,24,33041,Non-Hodgkin lymphoma,Lymphoma,"C024, C098, C099, C111, C142, C379, C422, C770-C779",9698
NHL - Nodal,24,33041,Non-Hodgkin lymphoma,Lymphoma,"C024, C098, C099, C111, C142, C379, C422, C770-C779",9695
NHL - Nodal,24,33041,Non-Hodgkin lymphoma,Lymphoma,"C024, C098, C099, C111, C142, C379, C422, C770-C779",9691
NHL - Nodal,24,33041,Non-Hodgkin lymphoma,Lymphoma,"C024, C098, C099, C111, C142, C379, C422, C770-C779",9690
NHL - Nodal,24,33041,Non-Hodgkin lymphoma,Lymphoma,"C024, C098, C099, C111, C142, C379, C422, C770-C779",9689
NHL - Nodal,24,33041,Non-Hodgkin lymphoma,Lymphoma,"C024, C098, C099, C111, C142, C379, C422, C770-C779",9688
NHL - Nodal,24,33041,Non-Hodgkin lymphoma,Lymphoma,"C024, C098, C099, C111, C142, C379, C422, C770-C779",9687
NHL - Nodal,24,33041,Non-Hodgkin lymphoma,Lymphoma,"C024, C098, C099, C111, C142, C379, C422, C770-C779",9684
NHL - Nodal,24,33041,Non-Hodgkin lymphoma,Lymphoma,"C024, C098, C099, C111, C142, C379, C422, C770-C779",9680
NHL - Nodal,24,33041,Non-Hodgkin lymphoma,Lymphoma,"C024, C098, C099, C111, C142, C379, C422, C770-C779",9679
NHL - Nodal,24,33041,Non-Hodgkin lymphoma,Lymphoma,"C024, C098, C099, C111, C142, C379, C422, C770-C779",9678
NHL - Nodal,24,33041,Non-Hodgkin lymphoma,Lymphoma,"C024, C098, C099, C111, C142, C379, C422, C770-C779",9675
NHL - Nodal,24,33041,Non-Hodgkin lymphoma,Lymphoma,"C024, C098, C099, C111, C142, C379, C422, C770-C779",9673
NHL - Nodal,24,33041,Non-Hodgkin lymphoma,Lymphoma,"C024, C098, C099, C111, C142, C379, C422, C770-C779",9671
NHL - Nodal,24,33041,Non-Hodgkin lymphoma,Lymphoma,"C024, C098, C099, C111, C142, C379, C422, C770-C779",9670
NHL - Nodal,24,33041,Non-Hodgkin lymphoma,Lymphoma,"C024, C098, C099, C111, C142, C379, C422, C770-C779",9597
NHL - Nodal,24,33041,Non-Hodgkin lymphoma,Lymphoma,"C024, C098, C099, C111, C142, C379, C422, C770-C779",9596
NHL - Nodal,24,33041,Non-Hodgkin lymphoma,Lymphoma,"C024, C098, C099, C111, C142, C379, C422, C770-C779",9595
NHL - Nodal,24,33041,Non-Hodgkin lymphoma,Lymphoma,"C024, C098, C099, C111, C142, C379, C422, C770-C779",9594
NHL - Nodal,24,33041,Non-Hodgkin lymphoma,Lymphoma,"C024, C098, C099, C111, C142, C379, C422, C770-C779",9593
NHL - Nodal,24,33041,Non-Hodgkin lymphoma,Lymphoma,"C024, C098, C099, C111, C142, C379, C422, C770-C779",9592
NHL - Nodal,24,33041,Non-Hodgkin lymphoma,Lymphoma,"C024, C098, C099, C111, C142, C379, C422, C770-C779",9591
NHL - Nodal,24,33041,Non-Hodgkin lymphoma,Lymphoma,"C024, C098, C099, C111, C142, C379, C422, C770-C779",9590
NHL - Nodal,98,33041,Non-Hodgkin lymphoma,Lymphoma,"C024, C098, C099, C111, C142, C379, C422, C770-C779",9837
NHL - Nodal,98,33041,Non-Hodgkin lymphoma,Lymphoma,"C024, C098, C099, C111, C142, C379, C422, C770-C779",9827
NHL - Nodal,98,33041,Non-Hodgkin lymphoma,Lymphoma,"C024, C098, C099, C111, C142, C379, C422, C770-C779",9823
NHL - Nodal,98,33041,Non-Hodgkin lymphoma,Lymphoma,"C024, C098, C099, C111, C142, C379, C422, C770-C779",9818
NHL - Nodal,98,33041,Non-Hodgkin lymphoma,Lymphoma,"C024, C098, C099, C111, C142, C379, C422, C770-C779",9817
NHL - Nodal,98,33041,Non-Hodgkin lymphoma,Lymphoma,"C024, C098, C099, C111, C142, C379, C422, C770-C779",9816
NHL - Nodal,98,33041,Non-Hodgkin lymphoma,Lymphoma,"C024, C098, C099, C111, C142, C379, C422, C770-C779",9815
NHL - Nodal,98,33041,Non-Hodgkin lymphoma,Lymphoma,"C024, C098, C099, C111, C142, C379, C422, C770-C779",9814
NHL - Nodal,98,33041,Non-Hodgkin lymphoma,Lymphoma,"C024, C098, C099, C111, C142, C379, C422, C770-C779",9813
NHL - Nodal,98,33041,Non-Hodgkin lymphoma,Lymphoma,"C024, C098, C099, C111, C142, C379, C422, C770-C779",9812
NHL - Nodal,98,33041,Non-Hodgkin lymphoma,Lymphoma,"C024, C098, C099, C111, C142, C379, C422, C770-C779",9811
NHL - Nodal,98,33041,Non-Hodgkin lymphoma,Lymphoma,"C024, C098, C099, C111, C142, C379, C422, C770-C779",9738
NHL - Nodal,98,33041,Non-Hodgkin lymphoma,Lymphoma,"C024, C098, C099, C111, C142, C379, C422, C770-C779",9737
NHL - Nodal,98,33041,Non-Hodgkin lymphoma,Lymphoma,"C024, C098, C099, C111, C142, C379, C422, C770-C779",9735
NHL - Nodal,98,33041,Non-Hodgkin lymphoma,Lymphoma,"C024, C098, C099, C111, C142, C379, C422, C770-C779",9729
NHL - Nodal,98,33041,Non-Hodgkin lymphoma,Lymphoma,"C024, C098, C099, C111, C142, C379, C422, C770-C779",9728
NHL - Nodal,98,33041,Non-Hodgkin lymphoma,Lymphoma,"C024, C098, C099, C111, C142, C379, C422, C770-C779",9727
NHL - Nodal,98,33041,Non-Hodgkin lymphoma,Lymphoma,"C024, C098, C099, C111, C142, C379, C422, C770-C779",9726
NHL - Nodal,98,33041,Non-Hodgkin lymphoma,Lymphoma,"C024, C098, C099, C111, C142, C379, C422, C770-C779",9725
NHL - Nodal,98,33041,Non-Hodgkin lymphoma,Lymphoma,"C024, C098, C099, C111, C142, C379, C422, C770-C779",9724
NHL - Nodal,98,33041,Non-Hodgkin lymphoma,Lymphoma,"C024, C098, C099, C111, C142, C379, C422, C770-C779",9719
NHL - Nodal,98,33041,Non-Hodgkin lymphoma,Lymphoma,"C024, C098, C099, C111, C142, C379, C422, C770-C779",9718
NHL - Nodal,98,33041,Non-Hodgkin lymphoma,Lymphoma,"C024, C098, C099, C111, C142, C379, C422, C770-C779",9717
NHL - Nodal,98,33041,Non-Hodgkin lymphoma,Lymphoma,"C024, C098, C099, C111, C142, C379, C422, C770-C779",9716
NHL - Nodal,98,33041,Non-Hodgkin lymphoma,Lymphoma,"C024, C098, C099, C111, C142, C379, C422, C770-C779",9715
NHL - Nodal,98,33041,Non-Hodgkin lymphoma,Lymphoma,"C024, C098, C099, C111, C142, C379, C422, C770-C779",9714
NHL - Nodal,98,33041,Non-Hodgkin lymphoma,Lymphoma,"C024, C098, C099, C111, C142, C379, C422, C770-C779",9712
NHL - Nodal,98,33041,Non-Hodgkin lymphoma,Lymphoma,"C024, C098, C099, C111, C142, C379, C422, C770-C779",9709
NHL - Nodal,98,33041,Non-Hodgkin lymphoma,Lymphoma,"C024, C098, C099, C111, C142, C379, C422, C770-C779",9708
NHL - Nodal,98,33041,Non-Hodgkin lymphoma,Lymphoma,"C024, C098, C099, C111, C142, C379, C422, C770-C779",9705
NHL - Nodal,98,33041,Non-Hodgkin lymphoma,Lymphoma,"C024, C098, C099, C111, C142, C379, C422, C770-C779",9702
NHL - Nodal,98,33041,Non-Hodgkin lymphoma,Lymphoma,"C024, C098, C099, C111, C142, C379, C422, C770-C779",9701
NHL - Nodal,98,33041,Non-Hodgkin lymphoma,Lymphoma,"C024, C098, C099, C111, C142, C379, C422, C770-C779",9700
NHL - Nodal,98,33041,Non-Hodgkin lymphoma,Lymphoma,"C024, C098, C099, C111, C142, C379, C422, C770-C779",9699
NHL - Nodal,98,33041,Non-Hodgkin lymphoma,Lymphoma,"C024, C098, C099, C111, C142, C379, C422, C770-C779",9698
NHL - Nodal,98,33041,Non-Hodgkin lymphoma,Lymphoma,"C024, C098, C099, C111, C142, C379, C422, C770-C779",9695
NHL - Nodal,98,33041,Non-Hodgkin lymphoma,Lymphoma,"C024, C098, C099, C111, C142, C379, C422, C770-C779",9691
NHL - Nodal,98,33041,Non-Hodgkin lymphoma,Lymphoma,"C024, C098, C099, C111, C142, C379, C422, C770-C779",9690
NHL - Nodal,98,33041,Non-Hodgkin lymphoma,Lymphoma,"C024, C098, C099, C111, C142, C379, C422, C770-C779",9689
NHL - Nodal,98,33041,Non-Hodgkin lymphoma,Lymphoma,"C024, C098, C099, C111, C142, C379, C422, C770-C779",9688
NHL - Nodal,98,33041,Non-Hodgkin lymphoma,Lymphoma,"C024, C098, C099, C111, C142, C379, C422, C770-C779",9687
NHL - Nodal,98,33041,Non-Hodgkin lymphoma,Lymphoma,"C024, C098, C099, C111, C142, C379, C422, C770-C779",9684
NHL - Nodal,98,33041,Non-Hodgkin lymphoma,Lymphoma,"C024, C098, C099, C111, C142, C379, C422, C770-C779",9680
NHL - Nodal,98,33041,Non-Hodgkin lymphoma,Lymphoma,"C024, C098, C099, C111, C142, C379, C422, C770-C779",9679
NHL - Nodal,98,33041,Non-Hodgkin lymphoma,Lymphoma,"C024, C098, C099, C111, C142, C379, C422, C770-C779",9678
NHL - Nodal,98,33041,Non-Hodgkin lymphoma,Lymphoma,"C024, C098, C099, C111, C142, C379, C422, C770-C779",9675
NHL - Nodal,98,33041,Non-Hodgkin lymphoma,Lymphoma,"C024, C098, C099, C111, C142, C379, C422, C770-C779",9673
NHL - Nodal,98,33041,Non-Hodgkin lymphoma,Lymphoma,"C024, C098, C099, C111, C142, C379, C422, C770-C779",9671
NHL - Nodal,98,33041,Non-Hodgkin lymphoma,Lymphoma,"C024, C098, C099, C111, C142, C379, C422, C770-C779",9670
NHL - Nodal,98,33041,Non-Hodgkin lymphoma,Lymphoma,"C024, C098, C099, C111, C142, C379, C422, C770-C779",9597
NHL - Nodal,98,33041,Non-Hodgkin lymphoma,Lymphoma,"C024, C098, C099, C111, C142, C379, C422, C770-C779",9596
NHL - Nodal,98,33041,Non-Hodgkin lymphoma,Lymphoma,"C024, C098, C099, C111, C142, C379, C422, C770-C779",9595
NHL - Nodal,98,33041,Non-Hodgkin lymphoma,Lymphoma,"C024, C098, C099, C111, C142, C379, C422, C770-C779",9594
NHL - Nodal,98,33041,Non-Hodgkin lymphoma,Lymphoma,"C024, C098, C099, C111, C142, C379, C422, C770-C779",9593
NHL - Nodal,98,33041,Non-Hodgkin lymphoma,Lymphoma,"C024, C098, C099, C111, C142, C379, C422, C770-C779",9592
NHL - Nodal,98,33041,Non-Hodgkin lymphoma,Lymphoma,"C024, C098, C099, C111, C142, C379, C422, C770-C779",9591
NHL - Nodal,98,33041,Non-Hodgkin lymphoma,Lymphoma,"C024, C098, C099, C111, C142, C379, C422, C770-C779",9590
NHL - Nodal,99,33041,Non-Hodgkin lymphoma,Lymphoma,"C024, C098, C099, C111, C142, C379, C422, C770-C779",9837
NHL - Nodal,99,33041,Non-Hodgkin lymphoma,Lymphoma,"C024, C098, C099, C111, C142, C379, C422, C770-C779",9827
NHL - Nodal,99,33041,Non-Hodgkin lymphoma,Lymphoma,"C024, C098, C099, C111, C142, C379, C422, C770-C779",9823
NHL - Nodal,99,33041,Non-Hodgkin lymphoma,Lymphoma,"C024, C098, C099, C111, C142, C379, C422, C770-C779",9818
NHL - Nodal,99,33041,Non-Hodgkin lymphoma,Lymphoma,"C024, C098, C099, C111, C142, C379, C422, C770-C779",9817
NHL - Nodal,99,33041,Non-Hodgkin lymphoma,Lymphoma,"C024, C098, C099, C111, C142, C379, C422, C770-C779",9816
NHL - Nodal,99,33041,Non-Hodgkin lymphoma,Lymphoma,"C024, C098, C099, C111, C142, C379, C422, C770-C779",9815
NHL - Nodal,99,33041,Non-Hodgkin lymphoma,Lymphoma,"C024, C098, C099, C111, C142, C379, C422, C770-C779",9814
NHL - Nodal,99,33041,Non-Hodgkin lymphoma,Lymphoma,"C024, C098, C099, C111, C142, C379, C422, C770-C779",9813
NHL - Nodal,99,33041,Non-Hodgkin lymphoma,Lymphoma,"C024, C098, C099, C111, C142, C379, C422, C770-C779",9812
NHL - Nodal,99,33041,Non-Hodgkin lymphoma,Lymphoma,"C024, C098, C099, C111, C142, C379, C422, C770-C779",9811
NHL - Nodal,99,33041,Non-Hodgkin lymphoma,Lymphoma,"C024, C098, C099, C111, C142, C379, C422, C770-C779",9738
NHL - Nodal,99,33041,Non-Hodgkin lymphoma,Lymphoma,"C024, C098, C099, C111, C142, C379, C422, C770-C779",9737
NHL - Nodal,99,33041,Non-Hodgkin lymphoma,Lymphoma,"C024, C098, C099, C111, C142, C379, C422, C770-C779",9735
NHL - Nodal,99,33041,Non-Hodgkin lymphoma,Lymphoma,"C024, C098, C099, C111, C142, C379, C422, C770-C779",9729
NHL - Nodal,99,33041,Non-Hodgkin lymphoma,Lymphoma,"C024, C098, C099, C111, C142, C379, C422, C770-C779",9728
NHL - Nodal,99,33041,Non-Hodgkin lymphoma,Lymphoma,"C024, C098, C099, C111, C142, C379, C422, C770-C779",9727
NHL - Nodal,99,33041,Non-Hodgkin lymphoma,Lymphoma,"C024, C098, C099, C111, C142, C379, C422, C770-C779",9726
NHL - Nodal,99,33041,Non-Hodgkin lymphoma,Lymphoma,"C024, C098, C099, C111, C142, C379, C422, C770-C779",9725
NHL - Nodal,99,33041,Non-Hodgkin lymphoma,Lymphoma,"C024, C098, C099, C111, C142, C379, C422, C770-C779",9724
NHL - Nodal,99,33041,Non-Hodgkin lymphoma,Lymphoma,"C024, C098, C099, C111, C142, C379, C422, C770-C779",9719
NHL - Nodal,99,33041,Non-Hodgkin lymphoma,Lymphoma,"C024, C098, C099, C111, C142, C379, C422, C770-C779",9718
NHL - Nodal,99,33041,Non-Hodgkin lymphoma,Lymphoma,"C024, C098, C099, C111, C142, C379, C422, C770-C779",9717
NHL - Nodal,99,33041,Non-Hodgkin lymphoma,Lymphoma,"C024, C098, C099, C111, C142, C379, C422, C770-C779",9716
NHL - Nodal,99,33041,Non-Hodgkin lymphoma,Lymphoma,"C024, C098, C099, C111, C142, C379, C422, C770-C779",9715
NHL - Nodal,99,33041,Non-Hodgkin lymphoma,Lymphoma,"C024, C098, C099, C111, C142, C379, C422, C770-C779",9714
NHL - Nodal,99,33041,Non-Hodgkin lymphoma,Lymphoma,"C024, C098, C099, C111, C142, C379, C422, C770-C779",9712
NHL - Nodal,99,33041,Non-Hodgkin lymphoma,Lymphoma,"C024, C098, C099, C111, C142, C379, C422, C770-C779",9709
NHL - Nodal,99,33041,Non-Hodgkin lymphoma,Lymphoma,"C024, C098, C099, C111, C142, C379, C422, C770-C779",9708
NHL - Nodal,99,33041,Non-Hodgkin lymphoma,Lymphoma,"C024, C098, C099, C111, C142, C379, C422, C770-C779",9705
NHL - Nodal,99,33041,Non-Hodgkin lymphoma,Lymphoma,"C024, C098, C099, C111, C142, C379, C422, C770-C779",9702
NHL - Nodal,99,33041,Non-Hodgkin lymphoma,Lymphoma,"C024, C098, C099, C111, C142, C379, C422, C770-C779",9701
NHL - Nodal,99,33041,Non-Hodgkin lymphoma,Lymphoma,"C024, C098, C099, C111, C142, C379, C422, C770-C779",9700
NHL - Nodal,99,33041,Non-Hodgkin lymphoma,Lymphoma,"C024, C098, C099, C111, C142, C379, C422, C770-C779",9699
NHL - Nodal,99,33041,Non-Hodgkin lymphoma,Lymphoma,"C024, C098, C099, C111, C142, C379, C422, C770-C779",9698
NHL - Nodal,99,33041,Non-Hodgkin lymphoma,Lymphoma,"C024, C098, C099, C111, C142, C379, C422, C770-C779",9695
NHL - Nodal,99,33041,Non-Hodgkin lymphoma,Lymphoma,"C024, C098, C099, C111, C142, C379, C422, C770-C779",9691
NHL - Nodal,99,33041,Non-Hodgkin lymphoma,Lymphoma,"C024, C098, C099, C111, C142, C379, C422, C770-C779",9690
NHL - Nodal,99,33041,Non-Hodgkin lymphoma,Lymphoma,"C024, C098, C099, C111, C142, C379, C422, C770-C779",9689
NHL - Nodal,99,33041,Non-Hodgkin lymphoma,Lymphoma,"C024, C098, C099, C111, C142, C379, C422, C770-C779",9688
NHL - Nodal,99,33041,Non-Hodgkin lymphoma,Lymphoma,"C024, C098, C099, C111, C142, C379, C422, C770-C779",9687
NHL - Nodal,99,33041,Non-Hodgkin lymphoma,Lymphoma,"C024, C098, C099, C111, C142, C379, C422, C770-C779",9684
NHL - Nodal,99,33041,Non-Hodgkin lymphoma,Lymphoma,"C024, C098, C099, C111, C142, C379, C422, C770-C779",9680
NHL - Nodal,99,33041,Non-Hodgkin lymphoma,Lymphoma,"C024, C098, C099, C111, C142, C379, C422, C770-C779",9679
NHL - Nodal,99,33041,Non-Hodgkin lymphoma,Lymphoma,"C024, C098, C099, C111, C142, C379, C422, C770-C779",9678
NHL - Nodal,99,33041,Non-Hodgkin lymphoma,Lymphoma,"C024, C098, C099, C111, C142, C379, C422, C770-C779",9675
NHL - Nodal,99,33041,Non-Hodgkin lymphoma,Lymphoma,"C024, C098, C099, C111, C142, C379, C422, C770-C779",9673
NHL - Nodal,99,33041,Non-Hodgkin lymphoma,Lymphoma,"C024, C098, C099, C111, C142, C379, C422, C770-C779",9671
NHL - Nodal,99,33041,Non-Hodgkin lymphoma,Lymphoma,"C024, C098, C099, C111, C142, C379, C422, C770-C779",9670
NHL - Nodal,99,33041,Non-Hodgkin lymphoma,Lymphoma,"C024, C098, C099, C111, C142, C379, C422, C770-C779",9597
NHL - Nodal,99,33041,Non-Hodgkin lymphoma,Lymphoma,"C024, C098, C099, C111, C142, C379, C422, C770-C779",9596
NHL - Nodal,99,33041,Non-Hodgkin lymphoma,Lymphoma,"C024, C098, C099, C111, C142, C379, C422, C770-C779",9595
NHL - Nodal,99,33041,Non-Hodgkin lymphoma,Lymphoma,"C024, C098, C099, C111, C142, C379, C422, C770-C779",9594
NHL - Nodal,99,33041,Non-Hodgkin lymphoma,Lymphoma,"C024, C098, C099, C111, C142, C379, C422, C770-C779",9593
NHL - Nodal,99,33041,Non-Hodgkin lymphoma,Lymphoma,"C024, C098, C099, C111, C142, C379, C422, C770-C779",9592
NHL - Nodal,99,33041,Non-Hodgkin lymphoma,Lymphoma,"C024, C098, C099, C111, C142, C379, C422, C770-C779",9591
NHL - Nodal,99,33041,Non-Hodgkin lymphoma,Lymphoma,"C024, C098, C099, C111, C142, C379, C422, C770-C779",9590
NHL - Nodal,111,33041,Non-Hodgkin lymphoma,Lymphoma,"C024, C098, C099, C111, C142, C379, C422, C770-C779",9837
NHL - Nodal,111,33041,Non-Hodgkin lymphoma,Lymphoma,"C024, C098, C099, C111, C142, C379, C422, C770-C779",9827
NHL - Nodal,111,33041,Non-Hodgkin lymphoma,Lymphoma,"C024, C098, C099, C111, C142, C379, C422, C770-C779",9823
NHL - Nodal,111,33041,Non-Hodgkin lymphoma,Lymphoma,"C024, C098, C099, C111, C142, C379, C422, C770-C779",9818
NHL - Nodal,111,33041,Non-Hodgkin lymphoma,Lymphoma,"C024, C098, C099, C111, C142, C379, C422, C770-C779",9817
NHL - Nodal,111,33041,Non-Hodgkin lymphoma,Lymphoma,"C024, C098, C099, C111, C142, C379, C422, C770-C779",9816
NHL - Nodal,111,33041,Non-Hodgkin lymphoma,Lymphoma,"C024, C098, C099, C111, C142, C379, C422, C770-C779",9815
NHL - Nodal,111,33041,Non-Hodgkin lymphoma,Lymphoma,"C024, C098, C099, C111, C142, C379, C422, C770-C779",9814
NHL - Nodal,111,33041,Non-Hodgkin lymphoma,Lymphoma,"C024, C098, C099, C111, C142, C379, C422, C770-C779",9813
NHL - Nodal,111,33041,Non-Hodgkin lymphoma,Lymphoma,"C024, C098, C099, C111, C142, C379, C422, C770-C779",9812
NHL - Nodal,111,33041,Non-Hodgkin lymphoma,Lymphoma,"C024, C098, C099, C111, C142, C379, C422, C770-C779",9811
NHL - Nodal,111,33041,Non-Hodgkin lymphoma,Lymphoma,"C024, C098, C099, C111, C142, C379, C422, C770-C779",9738
NHL - Nodal,111,33041,Non-Hodgkin lymphoma,Lymphoma,"C024, C098, C099, C111, C142, C379, C422, C770-C779",9737
NHL - Nodal,111,33041,Non-Hodgkin lymphoma,Lymphoma,"C024, C098, C099, C111, C142, C379, C422, C770-C779",9735
NHL - Nodal,111,33041,Non-Hodgkin lymphoma,Lymphoma,"C024, C098, C099, C111, C142, C379, C422, C770-C779",9729
NHL - Nodal,111,33041,Non-Hodgkin lymphoma,Lymphoma,"C024, C098, C099, C111, C142, C379, C422, C770-C779",9728
NHL - Nodal,111,33041,Non-Hodgkin lymphoma,Lymphoma,"C024, C098, C099, C111, C142, C379, C422, C770-C779",9727
NHL - Nodal,111,33041,Non-Hodgkin lymphoma,Lymphoma,"C024, C098, C099, C111, C142, C379, C422, C770-C779",9726
NHL - Nodal,111,33041,Non-Hodgkin lymphoma,Lymphoma,"C024, C098, C099, C111, C142, C379, C422, C770-C779",9725
NHL - Nodal,111,33041,Non-Hodgkin lymphoma,Lymphoma,"C024, C098, C099, C111, C142, C379, C422, C770-C779",9724
NHL - Nodal,111,33041,Non-Hodgkin lymphoma,Lymphoma,"C024, C098, C099, C111, C142, C379, C422, C770-C779",9719
NHL - Nodal,111,33041,Non-Hodgkin lymphoma,Lymphoma,"C024, C098, C099, C111, C142, C379, C422, C770-C779",9718
NHL - Nodal,111,33041,Non-Hodgkin lymphoma,Lymphoma,"C024, C098, C099, C111, C142, C379, C422, C770-C779",9717
NHL - Nodal,111,33041,Non-Hodgkin lymphoma,Lymphoma,"C024, C098, C099, C111, C142, C379, C422, C770-C779",9716
NHL - Nodal,111,33041,Non-Hodgkin lymphoma,Lymphoma,"C024, C098, C099, C111, C142, C379, C422, C770-C779",9715
NHL - Nodal,111,33041,Non-Hodgkin lymphoma,Lymphoma,"C024, C098, C099, C111, C142, C379, C422, C770-C779",9714
NHL - Nodal,111,33041,Non-Hodgkin lymphoma,Lymphoma,"C024, C098, C099, C111, C142, C379, C422, C770-C779",9712
NHL - Nodal,111,33041,Non-Hodgkin lymphoma,Lymphoma,"C024, C098, C099, C111, C142, C379, C422, C770-C779",9709
NHL - Nodal,111,33041,Non-Hodgkin lymphoma,Lymphoma,"C024, C098, C099, C111, C142, C379, C422, C770-C779",9708
NHL - Nodal,111,33041,Non-Hodgkin lymphoma,Lymphoma,"C024, C098, C099, C111, C142, C379, C422, C770-C779",9705
NHL - Nodal,111,33041,Non-Hodgkin lymphoma,Lymphoma,"C024, C098, C099, C111, C142, C379, C422, C770-C779",9702
NHL - Nodal,111,33041,Non-Hodgkin lymphoma,Lymphoma,"C024, C098, C099, C111, C142, C379, C422, C770-C779",9701
NHL - Nodal,111,33041,Non-Hodgkin lymphoma,Lymphoma,"C024, C098, C099, C111, C142, C379, C422, C770-C779",9700
NHL - Nodal,111,33041,Non-Hodgkin lymphoma,Lymphoma,"C024, C098, C099, C111, C142, C379, C422, C770-C779",9699
NHL - Nodal,111,33041,Non-Hodgkin lymphoma,Lymphoma,"C024, C098, C099, C111, C142, C379, C422, C770-C779",9698
NHL - Nodal,111,33041,Non-Hodgkin lymphoma,Lymphoma,"C024, C098, C099, C111, C142, C379, C422, C770-C779",9695
NHL - Nodal,111,33041,Non-Hodgkin lymphoma,Lymphoma,"C024, C098, C099, C111, C142, C379, C422, C770-C779",9691
NHL - Nodal,111,33041,Non-Hodgkin lymphoma,Lymphoma,"C024, C098, C099, C111, C142, C379, C422, C770-C779",9690
NHL - Nodal,111,33041,Non-Hodgkin lymphoma,Lymphoma,"C024, C098, C099, C111, C142, C379, C422, C770-C779",9689
NHL - Nodal,111,33041,Non-Hodgkin lymphoma,Lymphoma,"C024, C098, C099, C111, C142, C379, C422, C770-C779",9688
NHL - Nodal,111,33041,Non-Hodgkin lymphoma,Lymphoma,"C024, C098, C099, C111, C142, C379, C422, C770-C779",9687
NHL - Nodal,111,33041,Non-Hodgkin lymphoma,Lymphoma,"C024, C098, C099, C111, C142, C379, C422, C770-C779",9684
NHL - Nodal,111,33041,Non-Hodgkin lymphoma,Lymphoma,"C024, C098, C099, C111, C142, C379, C422, C770-C779",9680
NHL - Nodal,111,33041,Non-Hodgkin lymphoma,Lymphoma,"C024, C098, C099, C111, C142, C379, C422, C770-C779",9679
NHL - Nodal,111,33041,Non-Hodgkin lymphoma,Lymphoma,"C024, C098, C099, C111, C142, C379, C422, C770-C779",9678
NHL - Nodal,111,33041,Non-Hodgkin lymphoma,Lymphoma,"C024, C098, C099, C111, C142, C379, C422, C770-C779",9675
NHL - Nodal,111,33041,Non-Hodgkin lymphoma,Lymphoma,"C024, C098, C099, C111, C142, C379, C422, C770-C779",9673
NHL - Nodal,111,33041,Non-Hodgkin lymphoma,Lymphoma,"C024, C098, C099, C111, C142, C379, C422, C770-C779",9671
NHL - Nodal,111,33041,Non-Hodgkin lymphoma,Lymphoma,"C024, C098, C099, C111, C142, C379, C422, C770-C779",9670
NHL - Nodal,111,33041,Non-Hodgkin lymphoma,Lymphoma,"C024, C098, C099, C111, C142, C379, C422, C770-C779",9597
NHL - Nodal,111,33041,Non-Hodgkin lymphoma,Lymphoma,"C024, C098, C099, C111, C142, C379, C422, C770-C779",9596
NHL - Nodal,111,33041,Non-Hodgkin lymphoma,Lymphoma,"C024, C098, C099, C111, C142, C379, C422, C770-C779",9595
NHL - Nodal,111,33041,Non-Hodgkin lymphoma,Lymphoma,"C024, C098, C099, C111, C142, C379, C422, C770-C779",9594
NHL - Nodal,111,33041,Non-Hodgkin lymphoma,Lymphoma,"C024, C098, C099, C111, C142, C379, C422, C770-C779",9593
NHL - Nodal,111,33041,Non-Hodgkin lymphoma,Lymphoma,"C024, C098, C099, C111, C142, C379, C422, C770-C779",9592
NHL - Nodal,111,33041,Non-Hodgkin lymphoma,Lymphoma,"C024, C098, C099, C111, C142, C379, C422, C770-C779",9591
NHL - Nodal,111,33041,Non-Hodgkin lymphoma,Lymphoma,"C024, C098, C099, C111, C142, C379, C422, C770-C779",9590
NHL - Nodal,142,33041,Non-Hodgkin lymphoma,Lymphoma,"C024, C098, C099, C111, C142, C379, C422, C770-C779",9837
NHL - Nodal,142,33041,Non-Hodgkin lymphoma,Lymphoma,"C024, C098, C099, C111, C142, C379, C422, C770-C779",9827
NHL - Nodal,142,33041,Non-Hodgkin lymphoma,Lymphoma,"C024, C098, C099, C111, C142, C379, C422, C770-C779",9823
NHL - Nodal,142,33041,Non-Hodgkin lymphoma,Lymphoma,"C024, C098, C099, C111, C142, C379, C422, C770-C779",9818
NHL - Nodal,142,33041,Non-Hodgkin lymphoma,Lymphoma,"C024, C098, C099, C111, C142, C379, C422, C770-C779",9817
NHL - Nodal,142,33041,Non-Hodgkin lymphoma,Lymphoma,"C024, C098, C099, C111, C142, C379, C422, C770-C779",9816
NHL - Nodal,142,33041,Non-Hodgkin lymphoma,Lymphoma,"C024, C098, C099, C111, C142, C379, C422, C770-C779",9815
NHL - Nodal,142,33041,Non-Hodgkin lymphoma,Lymphoma,"C024, C098, C099, C111, C142, C379, C422, C770-C779",9814
NHL - Nodal,142,33041,Non-Hodgkin lymphoma,Lymphoma,"C024, C098, C099, C111, C142, C379, C422, C770-C779",9813
NHL - Nodal,142,33041,Non-Hodgkin lymphoma,Lymphoma,"C024, C098, C099, C111, C142, C379, C422, C770-C779",9812
NHL - Nodal,142,33041,Non-Hodgkin lymphoma,Lymphoma,"C024, C098, C099, C111, C142, C379, C422, C770-C779",9811
NHL - Nodal,142,33041,Non-Hodgkin lymphoma,Lymphoma,"C024, C098, C099, C111, C142, C379, C422, C770-C779",9738
NHL - Nodal,142,33041,Non-Hodgkin lymphoma,Lymphoma,"C024, C098, C099, C111, C142, C379, C422, C770-C779",9737
NHL - Nodal,142,33041,Non-Hodgkin lymphoma,Lymphoma,"C024, C098, C099, C111, C142, C379, C422, C770-C779",9735
NHL - Nodal,142,33041,Non-Hodgkin lymphoma,Lymphoma,"C024, C098, C099, C111, C142, C379, C422, C770-C779",9729
NHL - Nodal,142,33041,Non-Hodgkin lymphoma,Lymphoma,"C024, C098, C099, C111, C142, C379, C422, C770-C779",9728
NHL - Nodal,142,33041,Non-Hodgkin lymphoma,Lymphoma,"C024, C098, C099, C111, C142, C379, C422, C770-C779",9727
NHL - Nodal,142,33041,Non-Hodgkin lymphoma,Lymphoma,"C024, C098, C099, C111, C142, C379, C422, C770-C779",9726
NHL - Nodal,142,33041,Non-Hodgkin lymphoma,Lymphoma,"C024, C098, C099, C111, C142, C379, C422, C770-C779",9725
NHL - Nodal,142,33041,Non-Hodgkin lymphoma,Lymphoma,"C024, C098, C099, C111, C142, C379, C422, C770-C779",9724
NHL - Nodal,142,33041,Non-Hodgkin lymphoma,Lymphoma,"C024, C098, C099, C111, C142, C379, C422, C770-C779",9719
NHL - Nodal,142,33041,Non-Hodgkin lymphoma,Lymphoma,"C024, C098, C099, C111, C142, C379, C422, C770-C779",9718
NHL - Nodal,142,33041,Non-Hodgkin lymphoma,Lymphoma,"C024, C098, C099, C111, C142, C379, C422, C770-C779",9717
NHL - Nodal,142,33041,Non-Hodgkin lymphoma,Lymphoma,"C024, C098, C099, C111, C142, C379, C422, C770-C779",9716
NHL - Nodal,142,33041,Non-Hodgkin lymphoma,Lymphoma,"C024, C098, C099, C111, C142, C379, C422, C770-C779",9715
NHL - Nodal,142,33041,Non-Hodgkin lymphoma,Lymphoma,"C024, C098, C099, C111, C142, C379, C422, C770-C779",9714
NHL - Nodal,142,33041,Non-Hodgkin lymphoma,Lymphoma,"C024, C098, C099, C111, C142, C379, C422, C770-C779",9712
NHL - Nodal,142,33041,Non-Hodgkin lymphoma,Lymphoma,"C024, C098, C099, C111, C142, C379, C422, C770-C779",9709
NHL - Nodal,142,33041,Non-Hodgkin lymphoma,Lymphoma,"C024, C098, C099, C111, C142, C379, C422, C770-C779",9708
NHL - Nodal,142,33041,Non-Hodgkin lymphoma,Lymphoma,"C024, C098, C099, C111, C142, C379, C422, C770-C779",9705
NHL - Nodal,142,33041,Non-Hodgkin lymphoma,Lymphoma,"C024, C098, C099, C111, C142, C379, C422, C770-C779",9702
NHL - Nodal,142,33041,Non-Hodgkin lymphoma,Lymphoma,"C024, C098, C099, C111, C142, C379, C422, C770-C779",9701
NHL - Nodal,142,33041,Non-Hodgkin lymphoma,Lymphoma,"C024, C098, C099, C111, C142, C379, C422, C770-C779",9700
NHL - Nodal,142,33041,Non-Hodgkin lymphoma,Lymphoma,"C024, C098, C099, C111, C142, C379, C422, C770-C779",9699
NHL - Nodal,142,33041,Non-Hodgkin lymphoma,Lymphoma,"C024, C098, C099, C111, C142, C379, C422, C770-C779",9698
NHL - Nodal,142,33041,Non-Hodgkin lymphoma,Lymphoma,"C024, C098, C099, C111, C142, C379, C422, C770-C779",9695
NHL - Nodal,142,33041,Non-Hodgkin lymphoma,Lymphoma,"C024, C098, C099, C111, C142, C379, C422, C770-C779",9691
NHL - Nodal,142,33041,Non-Hodgkin lymphoma,Lymphoma,"C024, C098, C099, C111, C142, C379, C422, C770-C779",9690
NHL - Nodal,142,33041,Non-Hodgkin lymphoma,Lymphoma,"C024, C098, C099, C111, C142, C379, C422, C770-C779",9689
NHL - Nodal,142,33041,Non-Hodgkin lymphoma,Lymphoma,"C024, C098, C099, C111, C142, C379, C422, C770-C779",9688
NHL - Nodal,142,33041,Non-Hodgkin lymphoma,Lymphoma,"C024, C098, C099, C111, C142, C379, C422, C770-C779",9687
NHL - Nodal,142,33041,Non-Hodgkin lymphoma,Lymphoma,"C024, C098, C099, C111, C142, C379, C422, C770-C779",9684
NHL - Nodal,142,33041,Non-Hodgkin lymphoma,Lymphoma,"C024, C098, C099, C111, C142, C379, C422, C770-C779",9680
NHL - Nodal,142,33041,Non-Hodgkin lymphoma,Lymphoma,"C024, C098, C099, C111, C142, C379, C422, C770-C779",9679
NHL - Nodal,142,33041,Non-Hodgkin lymphoma,Lymphoma,"C024, C098, C099, C111, C142, C379, C422, C770-C779",9678
NHL - Nodal,142,33041,Non-Hodgkin lymphoma,Lymphoma,"C024, C098, C099, C111, C142, C379, C422, C770-C779",9675
NHL - Nodal,142,33041,Non-Hodgkin lymphoma,Lymphoma,"C024, C098, C099, C111, C142, C379, C422, C770-C779",9673
NHL - Nodal,142,33041,Non-Hodgkin lymphoma,Lymphoma,"C024, C098, C099, C111, C142, C379, C422, C770-C779",9671
NHL - Nodal,142,33041,Non-Hodgkin lymphoma,Lymphoma,"C024, C098, C099, C111, C142, C379, C422, C770-C779",9670
NHL - Nodal,142,33041,Non-Hodgkin lymphoma,Lymphoma,"C024, C098, C099, C111, C142, C379, C422, C770-C779",9597
NHL - Nodal,142,33041,Non-Hodgkin lymphoma,Lymphoma,"C024, C098, C099, C111, C142, C379, C422, C770-C779",9596
NHL - Nodal,142,33041,Non-Hodgkin lymphoma,Lymphoma,"C024, C098, C099, C111, C142, C379, C422, C770-C779",9595
NHL - Nodal,142,33041,Non-Hodgkin lymphoma,Lymphoma,"C024, C098, C099, C111, C142, C379, C422, C770-C779",9594
NHL - Nodal,142,33041,Non-Hodgkin lymphoma,Lymphoma,"C024, C098, C099, C111, C142, C379, C422, C770-C779",9593
NHL - Nodal,142,33041,Non-Hodgkin lymphoma,Lymphoma,"C024, C098, C099, C111, C142, C379, C422, C770-C779",9592
NHL - Nodal,142,33041,Non-Hodgkin lymphoma,Lymphoma,"C024, C098, C099, C111, C142, C379, C422, C770-C779",9591
NHL - Nodal,142,33041,Non-Hodgkin lymphoma,Lymphoma,"C024, C098, C099, C111, C142, C379, C422, C770-C779",9590
NHL - Nodal,379,33041,Non-Hodgkin lymphoma,Lymphoma,"C024, C098, C099, C111, C142, C379, C422, C770-C779",9837
NHL - Nodal,379,33041,Non-Hodgkin lymphoma,Lymphoma,"C024, C098, C099, C111, C142, C379, C422, C770-C779",9827
NHL - Nodal,379,33041,Non-Hodgkin lymphoma,Lymphoma,"C024, C098, C099, C111, C142, C379, C422, C770-C779",9823
NHL - Nodal,379,33041,Non-Hodgkin lymphoma,Lymphoma,"C024, C098, C099, C111, C142, C379, C422, C770-C779",9818
NHL - Nodal,379,33041,Non-Hodgkin lymphoma,Lymphoma,"C024, C098, C099, C111, C142, C379, C422, C770-C779",9817
NHL - Nodal,379,33041,Non-Hodgkin lymphoma,Lymphoma,"C024, C098, C099, C111, C142, C379, C422, C770-C779",9816
NHL - Nodal,379,33041,Non-Hodgkin lymphoma,Lymphoma,"C024, C098, C099, C111, C142, C379, C422, C770-C779",9815
NHL - Nodal,379,33041,Non-Hodgkin lymphoma,Lymphoma,"C024, C098, C099, C111, C142, C379, C422, C770-C779",9814
NHL - Nodal,379,33041,Non-Hodgkin lymphoma,Lymphoma,"C024, C098, C099, C111, C142, C379, C422, C770-C779",9813
NHL - Nodal,379,33041,Non-Hodgkin lymphoma,Lymphoma,"C024, C098, C099, C111, C142, C379, C422, C770-C779",9812
NHL - Nodal,379,33041,Non-Hodgkin lymphoma,Lymphoma,"C024, C098, C099, C111, C142, C379, C422, C770-C779",9811
NHL - Nodal,379,33041,Non-Hodgkin lymphoma,Lymphoma,"C024, C098, C099, C111, C142, C379, C422, C770-C779",9738
NHL - Nodal,379,33041,Non-Hodgkin lymphoma,Lymphoma,"C024, C098, C099, C111, C142, C379, C422, C770-C779",9737
NHL - Nodal,379,33041,Non-Hodgkin lymphoma,Lymphoma,"C024, C098, C099, C111, C142, C379, C422, C770-C779",9735
NHL - Nodal,379,33041,Non-Hodgkin lymphoma,Lymphoma,"C024, C098, C099, C111, C142, C379, C422, C770-C779",9729
NHL - Nodal,379,33041,Non-Hodgkin lymphoma,Lymphoma,"C024, C098, C099, C111, C142, C379, C422, C770-C779",9728
NHL - Nodal,379,33041,Non-Hodgkin lymphoma,Lymphoma,"C024, C098, C099, C111, C142, C379, C422, C770-C779",9727
NHL - Nodal,379,33041,Non-Hodgkin lymphoma,Lymphoma,"C024, C098, C099, C111, C142, C379, C422, C770-C779",9726
NHL - Nodal,379,33041,Non-Hodgkin lymphoma,Lymphoma,"C024, C098, C099, C111, C142, C379, C422, C770-C779",9725
NHL - Nodal,379,33041,Non-Hodgkin lymphoma,Lymphoma,"C024, C098, C099, C111, C142, C379, C422, C770-C779",9724
NHL - Nodal,379,33041,Non-Hodgkin lymphoma,Lymphoma,"C024, C098, C099, C111, C142, C379, C422, C770-C779",9719
NHL - Nodal,379,33041,Non-Hodgkin lymphoma,Lymphoma,"C024, C098, C099, C111, C142, C379, C422, C770-C779",9718
NHL - Nodal,379,33041,Non-Hodgkin lymphoma,Lymphoma,"C024, C098, C099, C111, C142, C379, C422, C770-C779",9717
NHL - Nodal,379,33041,Non-Hodgkin lymphoma,Lymphoma,"C024, C098, C099, C111, C142, C379, C422, C770-C779",9716
NHL - Nodal,379,33041,Non-Hodgkin lymphoma,Lymphoma,"C024, C098, C099, C111, C142, C379, C422, C770-C779",9715
NHL - Nodal,379,33041,Non-Hodgkin lymphoma,Lymphoma,"C024, C098, C099, C111, C142, C379, C422, C770-C779",9714
NHL - Nodal,379,33041,Non-Hodgkin lymphoma,Lymphoma,"C024, C098, C099, C111, C142, C379, C422, C770-C779",9712
NHL - Nodal,379,33041,Non-Hodgkin lymphoma,Lymphoma,"C024, C098, C099, C111, C142, C379, C422, C770-C779",9709
NHL - Nodal,379,33041,Non-Hodgkin lymphoma,Lymphoma,"C024, C098, C099, C111, C142, C379, C422, C770-C779",9708
NHL - Nodal,379,33041,Non-Hodgkin lymphoma,Lymphoma,"C024, C098, C099, C111, C142, C379, C422, C770-C779",9705
NHL - Nodal,379,33041,Non-Hodgkin lymphoma,Lymphoma,"C024, C098, C099, C111, C142, C379, C422, C770-C779",9702
NHL - Nodal,379,33041,Non-Hodgkin lymphoma,Lymphoma,"C024, C098, C099, C111, C142, C379, C422, C770-C779",9701
NHL - Nodal,379,33041,Non-Hodgkin lymphoma,Lymphoma,"C024, C098, C099, C111, C142, C379, C422, C770-C779",9700
NHL - Nodal,379,33041,Non-Hodgkin lymphoma,Lymphoma,"C024, C098, C099, C111, C142, C379, C422, C770-C779",9699
NHL - Nodal,379,33041,Non-Hodgkin lymphoma,Lymphoma,"C024, C098, C099, C111, C142, C379, C422, C770-C779",9698
NHL - Nodal,379,33041,Non-Hodgkin lymphoma,Lymphoma,"C024, C098, C099, C111, C142, C379, C422, C770-C779",9695
NHL - Nodal,379,33041,Non-Hodgkin lymphoma,Lymphoma,"C024, C098, C099, C111, C142, C379, C422, C770-C779",9691
NHL - Nodal,379,33041,Non-Hodgkin lymphoma,Lymphoma,"C024, C098, C099, C111, C142, C379, C422, C770-C779",9690
NHL - Nodal,379,33041,Non-Hodgkin lymphoma,Lymphoma,"C024, C098, C099, C111, C142, C379, C422, C770-C779",9689
NHL - Nodal,379,33041,Non-Hodgkin lymphoma,Lymphoma,"C024, C098, C099, C111, C142, C379, C422, C770-C779",9688
NHL - Nodal,379,33041,Non-Hodgkin lymphoma,Lymphoma,"C024, C098, C099, C111, C142, C379, C422, C770-C779",9687
NHL - Nodal,379,33041,Non-Hodgkin lymphoma,Lymphoma,"C024, C098, C099, C111, C142, C379, C422, C770-C779",9684
NHL - Nodal,379,33041,Non-Hodgkin lymphoma,Lymphoma,"C024, C098, C099, C111, C142, C379, C422, C770-C779",9680
NHL - Nodal,379,33041,Non-Hodgkin lymphoma,Lymphoma,"C024, C098, C099, C111, C142, C379, C422, C770-C779",9679
NHL - Nodal,379,33041,Non-Hodgkin lymphoma,Lymphoma,"C024, C098, C099, C111, C142, C379, C422, C770-C779",9678
NHL - Nodal,379,33041,Non-Hodgkin lymphoma,Lymphoma,"C024, C098, C099, C111, C142, C379, C422, C770-C779",9675
NHL - Nodal,379,33041,Non-Hodgkin lymphoma,Lymphoma,"C024, C098, C099, C111, C142, C379, C422, C770-C779",9673
NHL - Nodal,379,33041,Non-Hodgkin lymphoma,Lymphoma,"C024, C098, C099, C111, C142, C379, C422, C770-C779",9671
NHL - Nodal,379,33041,Non-Hodgkin lymphoma,Lymphoma,"C024, C098, C099, C111, C142, C379, C422, C770-C779",9670
NHL - Nodal,379,33041,Non-Hodgkin lymphoma,Lymphoma,"C024, C098, C099, C111, C142, C379, C422, C770-C779",9597
NHL - Nodal,379,33041,Non-Hodgkin lymphoma,Lymphoma,"C024, C098, C099, C111, C142, C379, C422, C770-C779",9596
NHL - Nodal,379,33041,Non-Hodgkin lymphoma,Lymphoma,"C024, C098, C099, C111, C142, C379, C422, C770-C779",9595
NHL - Nodal,379,33041,Non-Hodgkin lymphoma,Lymphoma,"C024, C098, C099, C111, C142, C379, C422, C770-C779",9594
NHL - Nodal,379,33041,Non-Hodgkin lymphoma,Lymphoma,"C024, C098, C099, C111, C142, C379, C422, C770-C779",9593
NHL - Nodal,379,33041,Non-Hodgkin lymphoma,Lymphoma,"C024, C098, C099, C111, C142, C379, C422, C770-C779",9592
NHL - Nodal,379,33041,Non-Hodgkin lymphoma,Lymphoma,"C024, C098, C099, C111, C142, C379, C422, C770-C779",9591
NHL - Nodal,379,33041,Non-Hodgkin lymphoma,Lymphoma,"C024, C098, C099, C111, C142, C379, C422, C770-C779",9590
NHL - Nodal,422,33041,Non-Hodgkin lymphoma,Lymphoma,"C024, C098, C099, C111, C142, C379, C422, C770-C779",9837
NHL - Nodal,422,33041,Non-Hodgkin lymphoma,Lymphoma,"C024, C098, C099, C111, C142, C379, C422, C770-C779",9827
NHL - Nodal,422,33041,Non-Hodgkin lymphoma,Lymphoma,"C024, C098, C099, C111, C142, C379, C422, C770-C779",9823
NHL - Nodal,422,33041,Non-Hodgkin lymphoma,Lymphoma,"C024, C098, C099, C111, C142, C379, C422, C770-C779",9818
NHL - Nodal,422,33041,Non-Hodgkin lymphoma,Lymphoma,"C024, C098, C099, C111, C142, C379, C422, C770-C779",9817
NHL - Nodal,422,33041,Non-Hodgkin lymphoma,Lymphoma,"C024, C098, C099, C111, C142, C379, C422, C770-C779",9816
NHL - Nodal,422,33041,Non-Hodgkin lymphoma,Lymphoma,"C024, C098, C099, C111, C142, C379, C422, C770-C779",9815
NHL - Nodal,422,33041,Non-Hodgkin lymphoma,Lymphoma,"C024, C098, C099, C111, C142, C379, C422, C770-C779",9814
NHL - Nodal,422,33041,Non-Hodgkin lymphoma,Lymphoma,"C024, C098, C099, C111, C142, C379, C422, C770-C779",9813
NHL - Nodal,422,33041,Non-Hodgkin lymphoma,Lymphoma,"C024, C098, C099, C111, C142, C379, C422, C770-C779",9812
NHL - Nodal,422,33041,Non-Hodgkin lymphoma,Lymphoma,"C024, C098, C099, C111, C142, C379, C422, C770-C779",9811
NHL - Nodal,422,33041,Non-Hodgkin lymphoma,Lymphoma,"C024, C098, C099, C111, C142, C379, C422, C770-C779",9738
NHL - Nodal,422,33041,Non-Hodgkin lymphoma,Lymphoma,"C024, C098, C099, C111, C142, C379, C422, C770-C779",9737
NHL - Nodal,422,33041,Non-Hodgkin lymphoma,Lymphoma,"C024, C098, C099, C111, C142, C379, C422, C770-C779",9735
NHL - Nodal,422,33041,Non-Hodgkin lymphoma,Lymphoma,"C024, C098, C099, C111, C142, C379, C422, C770-C779",9729
NHL - Nodal,422,33041,Non-Hodgkin lymphoma,Lymphoma,"C024, C098, C099, C111, C142, C379, C422, C770-C779",9728
NHL - Nodal,422,33041,Non-Hodgkin lymphoma,Lymphoma,"C024, C098, C099, C111, C142, C379, C422, C770-C779",9727
NHL - Nodal,422,33041,Non-Hodgkin lymphoma,Lymphoma,"C024, C098, C099, C111, C142, C379, C422, C770-C779",9726
NHL - Nodal,422,33041,Non-Hodgkin lymphoma,Lymphoma,"C024, C098, C099, C111, C142, C379, C422, C770-C779",9725
NHL - Nodal,422,33041,Non-Hodgkin lymphoma,Lymphoma,"C024, C098, C099, C111, C142, C379, C422, C770-C779",9724
NHL - Nodal,422,33041,Non-Hodgkin lymphoma,Lymphoma,"C024, C098, C099, C111, C142, C379, C422, C770-C779",9719
NHL - Nodal,422,33041,Non-Hodgkin lymphoma,Lymphoma,"C024, C098, C099, C111, C142, C379, C422, C770-C779",9718
NHL - Nodal,422,33041,Non-Hodgkin lymphoma,Lymphoma,"C024, C098, C099, C111, C142, C379, C422, C770-C779",9717
NHL - Nodal,422,33041,Non-Hodgkin lymphoma,Lymphoma,"C024, C098, C099, C111, C142, C379, C422, C770-C779",9716
NHL - Nodal,422,33041,Non-Hodgkin lymphoma,Lymphoma,"C024, C098, C099, C111, C142, C379, C422, C770-C779",9715
NHL - Nodal,422,33041,Non-Hodgkin lymphoma,Lymphoma,"C024, C098, C099, C111, C142, C379, C422, C770-C779",9714
NHL - Nodal,422,33041,Non-Hodgkin lymphoma,Lymphoma,"C024, C098, C099, C111, C142, C379, C422, C770-C779",9712
NHL - Nodal,422,33041,Non-Hodgkin lymphoma,Lymphoma,"C024, C098, C099, C111, C142, C379, C422, C770-C779",9709
NHL - Nodal,422,33041,Non-Hodgkin lymphoma,Lymphoma,"C024, C098, C099, C111, C142, C379, C422, C770-C779",9708
NHL - Nodal,422,33041,Non-Hodgkin lymphoma,Lymphoma,"C024, C098, C099, C111, C142, C379, C422, C770-C779",9705
NHL - Nodal,422,33041,Non-Hodgkin lymphoma,Lymphoma,"C024, C098, C099, C111, C142, C379, C422, C770-C779",9702
NHL - Nodal,422,33041,Non-Hodgkin lymphoma,Lymphoma,"C024, C098, C099, C111, C142, C379, C422, C770-C779",9701
NHL - Nodal,422,33041,Non-Hodgkin lymphoma,Lymphoma,"C024, C098, C099, C111, C142, C379, C422, C770-C779",9700
NHL - Nodal,422,33041,Non-Hodgkin lymphoma,Lymphoma,"C024, C098, C099, C111, C142, C379, C422, C770-C779",9699
NHL - Nodal,422,33041,Non-Hodgkin lymphoma,Lymphoma,"C024, C098, C099, C111, C142, C379, C422, C770-C779",9698
NHL - Nodal,422,33041,Non-Hodgkin lymphoma,Lymphoma,"C024, C098, C099, C111, C142, C379, C422, C770-C779",9695
NHL - Nodal,422,33041,Non-Hodgkin lymphoma,Lymphoma,"C024, C098, C099, C111, C142, C379, C422, C770-C779",9691
NHL - Nodal,422,33041,Non-Hodgkin lymphoma,Lymphoma,"C024, C098, C099, C111, C142, C379, C422, C770-C779",9690
NHL - Nodal,422,33041,Non-Hodgkin lymphoma,Lymphoma,"C024, C098, C099, C111, C142, C379, C422, C770-C779",9689
NHL - Nodal,422,33041,Non-Hodgkin lymphoma,Lymphoma,"C024, C098, C099, C111, C142, C379, C422, C770-C779",9688
NHL - Nodal,422,33041,Non-Hodgkin lymphoma,Lymphoma,"C024, C098, C099, C111, C142, C379, C422, C770-C779",9687
NHL - Nodal,422,33041,Non-Hodgkin lymphoma,Lymphoma,"C024, C098, C099, C111, C142, C379, C422, C770-C779",9684
NHL - Nodal,422,33041,Non-Hodgkin lymphoma,Lymphoma,"C024, C098, C099, C111, C142, C379, C422, C770-C779",9680
NHL - Nodal,422,33041,Non-Hodgkin lymphoma,Lymphoma,"C024, C098, C099, C111, C142, C379, C422, C770-C779",9679
NHL - Nodal,422,33041,Non-Hodgkin lymphoma,Lymphoma,"C024, C098, C099, C111, C142, C379, C422, C770-C779",9678
NHL - Nodal,422,33041,Non-Hodgkin lymphoma,Lymphoma,"C024, C098, C099, C111, C142, C379, C422, C770-C779",9675
NHL - Nodal,422,33041,Non-Hodgkin lymphoma,Lymphoma,"C024, C098, C099, C111, C142, C379, C422, C770-C779",9673
NHL - Nodal,422,33041,Non-Hodgkin lymphoma,Lymphoma,"C024, C098, C099, C111, C142, C379, C422, C770-C779",9671
NHL - Nodal,422,33041,Non-Hodgkin lymphoma,Lymphoma,"C024, C098, C099, C111, C142, C379, C422, C770-C779",9670
NHL - Nodal,422,33041,Non-Hodgkin lymphoma,Lymphoma,"C024, C098, C099, C111, C142, C379, C422, C770-C779",9597
NHL - Nodal,422,33041,Non-Hodgkin lymphoma,Lymphoma,"C024, C098, C099, C111, C142, C379, C422, C770-C779",9596
NHL - Nodal,422,33041,Non-Hodgkin lymphoma,Lymphoma,"C024, C098, C099, C111, C142, C379, C422, C770-C779",9595
NHL - Nodal,422,33041,Non-Hodgkin lymphoma,Lymphoma,"C024, C098, C099, C111, C142, C379, C422, C770-C779",9594
NHL - Nodal,422,33041,Non-Hodgkin lymphoma,Lymphoma,"C024, C098, C099, C111, C142, C379, C422, C770-C779",9593
NHL - Nodal,422,33041,Non-Hodgkin lymphoma,Lymphoma,"C024, C098, C099, C111, C142, C379, C422, C770-C779",9592
NHL - Nodal,422,33041,Non-Hodgkin lymphoma,Lymphoma,"C024, C098, C099, C111, C142, C379, C422, C770-C779",9591
NHL - Nodal,422,33041,Non-Hodgkin lymphoma,Lymphoma,"C024, C098, C099, C111, C142, C379, C422, C770-C779",9590
NHL - Nodal,770,33041,Non-Hodgkin lymphoma,Lymphoma,"C024, C098, C099, C111, C142, C379, C422, C770-C779",9837
NHL - Nodal,770,33041,Non-Hodgkin lymphoma,Lymphoma,"C024, C098, C099, C111, C142, C379, C422, C770-C779",9827
NHL - Nodal,770,33041,Non-Hodgkin lymphoma,Lymphoma,"C024, C098, C099, C111, C142, C379, C422, C770-C779",9823
NHL - Nodal,770,33041,Non-Hodgkin lymphoma,Lymphoma,"C024, C098, C099, C111, C142, C379, C422, C770-C779",9818
NHL - Nodal,770,33041,Non-Hodgkin lymphoma,Lymphoma,"C024, C098, C099, C111, C142, C379, C422, C770-C779",9817
NHL - Nodal,770,33041,Non-Hodgkin lymphoma,Lymphoma,"C024, C098, C099, C111, C142, C379, C422, C770-C779",9816
NHL - Nodal,770,33041,Non-Hodgkin lymphoma,Lymphoma,"C024, C098, C099, C111, C142, C379, C422, C770-C779",9815
NHL - Nodal,770,33041,Non-Hodgkin lymphoma,Lymphoma,"C024, C098, C099, C111, C142, C379, C422, C770-C779",9814
NHL - Nodal,770,33041,Non-Hodgkin lymphoma,Lymphoma,"C024, C098, C099, C111, C142, C379, C422, C770-C779",9813
NHL - Nodal,770,33041,Non-Hodgkin lymphoma,Lymphoma,"C024, C098, C099, C111, C142, C379, C422, C770-C779",9812
NHL - Nodal,770,33041,Non-Hodgkin lymphoma,Lymphoma,"C024, C098, C099, C111, C142, C379, C422, C770-C779",9811
NHL - Nodal,770,33041,Non-Hodgkin lymphoma,Lymphoma,"C024, C098, C099, C111, C142, C379, C422, C770-C779",9738
NHL - Nodal,770,33041,Non-Hodgkin lymphoma,Lymphoma,"C024, C098, C099, C111, C142, C379, C422, C770-C779",9737
NHL - Nodal,770,33041,Non-Hodgkin lymphoma,Lymphoma,"C024, C098, C099, C111, C142, C379, C422, C770-C779",9735
NHL - Nodal,770,33041,Non-Hodgkin lymphoma,Lymphoma,"C024, C098, C099, C111, C142, C379, C422, C770-C779",9729
NHL - Nodal,770,33041,Non-Hodgkin lymphoma,Lymphoma,"C024, C098, C099, C111, C142, C379, C422, C770-C779",9728
NHL - Nodal,770,33041,Non-Hodgkin lymphoma,Lymphoma,"C024, C098, C099, C111, C142, C379, C422, C770-C779",9727
NHL - Nodal,770,33041,Non-Hodgkin lymphoma,Lymphoma,"C024, C098, C099, C111, C142, C379, C422, C770-C779",9726
NHL - Nodal,770,33041,Non-Hodgkin lymphoma,Lymphoma,"C024, C098, C099, C111, C142, C379, C422, C770-C779",9725
NHL - Nodal,770,33041,Non-Hodgkin lymphoma,Lymphoma,"C024, C098, C099, C111, C142, C379, C422, C770-C779",9724
NHL - Nodal,770,33041,Non-Hodgkin lymphoma,Lymphoma,"C024, C098, C099, C111, C142, C379, C422, C770-C779",9719
NHL - Nodal,770,33041,Non-Hodgkin lymphoma,Lymphoma,"C024, C098, C099, C111, C142, C379, C422, C770-C779",9718
NHL - Nodal,770,33041,Non-Hodgkin lymphoma,Lymphoma,"C024, C098, C099, C111, C142, C379, C422, C770-C779",9717
NHL - Nodal,770,33041,Non-Hodgkin lymphoma,Lymphoma,"C024, C098, C099, C111, C142, C379, C422, C770-C779",9716
NHL - Nodal,770,33041,Non-Hodgkin lymphoma,Lymphoma,"C024, C098, C099, C111, C142, C379, C422, C770-C779",9715
NHL - Nodal,770,33041,Non-Hodgkin lymphoma,Lymphoma,"C024, C098, C099, C111, C142, C379, C422, C770-C779",9714
NHL - Nodal,770,33041,Non-Hodgkin lymphoma,Lymphoma,"C024, C098, C099, C111, C142, C379, C422, C770-C779",9712
NHL - Nodal,770,33041,Non-Hodgkin lymphoma,Lymphoma,"C024, C098, C099, C111, C142, C379, C422, C770-C779",9709
NHL - Nodal,770,33041,Non-Hodgkin lymphoma,Lymphoma,"C024, C098, C099, C111, C142, C379, C422, C770-C779",9708
NHL - Nodal,770,33041,Non-Hodgkin lymphoma,Lymphoma,"C024, C098, C099, C111, C142, C379, C422, C770-C779",9705
NHL - Nodal,770,33041,Non-Hodgkin lymphoma,Lymphoma,"C024, C098, C099, C111, C142, C379, C422, C770-C779",9702
NHL - Nodal,770,33041,Non-Hodgkin lymphoma,Lymphoma,"C024, C098, C099, C111, C142, C379, C422, C770-C779",9701
NHL - Nodal,770,33041,Non-Hodgkin lymphoma,Lymphoma,"C024, C098, C099, C111, C142, C379, C422, C770-C779",9700
NHL - Nodal,770,33041,Non-Hodgkin lymphoma,Lymphoma,"C024, C098, C099, C111, C142, C379, C422, C770-C779",9699
NHL - Nodal,770,33041,Non-Hodgkin lymphoma,Lymphoma,"C024, C098, C099, C111, C142, C379, C422, C770-C779",9698
NHL - Nodal,770,33041,Non-Hodgkin lymphoma,Lymphoma,"C024, C098, C099, C111, C142, C379, C422, C770-C779",9695
NHL - Nodal,770,33041,Non-Hodgkin lymphoma,Lymphoma,"C024, C098, C099, C111, C142, C379, C422, C770-C779",9691
NHL - Nodal,770,33041,Non-Hodgkin lymphoma,Lymphoma,"C024, C098, C099, C111, C142, C379, C422, C770-C779",9690
NHL - Nodal,770,33041,Non-Hodgkin lymphoma,Lymphoma,"C024, C098, C099, C111, C142, C379, C422, C770-C779",9689
NHL - Nodal,770,33041,Non-Hodgkin lymphoma,Lymphoma,"C024, C098, C099, C111, C142, C379, C422, C770-C779",9688
NHL - Nodal,770,33041,Non-Hodgkin lymphoma,Lymphoma,"C024, C098, C099, C111, C142, C379, C422, C770-C779",9687
NHL - Nodal,770,33041,Non-Hodgkin lymphoma,Lymphoma,"C024, C098, C099, C111, C142, C379, C422, C770-C779",9684
NHL - Nodal,770,33041,Non-Hodgkin lymphoma,Lymphoma,"C024, C098, C099, C111, C142, C379, C422, C770-C779",9680
NHL - Nodal,770,33041,Non-Hodgkin lymphoma,Lymphoma,"C024, C098, C099, C111, C142, C379, C422, C770-C779",9679
NHL - Nodal,770,33041,Non-Hodgkin lymphoma,Lymphoma,"C024, C098, C099, C111, C142, C379, C422, C770-C779",9678
NHL - Nodal,770,33041,Non-Hodgkin lymphoma,Lymphoma,"C024, C098, C099, C111, C142, C379, C422, C770-C779",9675
NHL - Nodal,770,33041,Non-Hodgkin lymphoma,Lymphoma,"C024, C098, C099, C111, C142, C379, C422, C770-C779",9673
NHL - Nodal,770,33041,Non-Hodgkin lymphoma,Lymphoma,"C024, C098, C099, C111, C142, C379, C422, C770-C779",9671
NHL - Nodal,770,33041,Non-Hodgkin lymphoma,Lymphoma,"C024, C098, C099, C111, C142, C379, C422, C770-C779",9670
NHL - Nodal,770,33041,Non-Hodgkin lymphoma,Lymphoma,"C024, C098, C099, C111, C142, C379, C422, C770-C779",9597
NHL - Nodal,770,33041,Non-Hodgkin lymphoma,Lymphoma,"C024, C098, C099, C111, C142, C379, C422, C770-C779",9596
NHL - Nodal,770,33041,Non-Hodgkin lymphoma,Lymphoma,"C024, C098, C099, C111, C142, C379, C422, C770-C779",9595
NHL - Nodal,770,33041,Non-Hodgkin lymphoma,Lymphoma,"C024, C098, C099, C111, C142, C379, C422, C770-C779",9594
NHL - Nodal,770,33041,Non-Hodgkin lymphoma,Lymphoma,"C024, C098, C099, C111, C142, C379, C422, C770-C779",9593
NHL - Nodal,770,33041,Non-Hodgkin lymphoma,Lymphoma,"C024, C098, C099, C111, C142, C379, C422, C770-C779",9592
NHL - Nodal,770,33041,Non-Hodgkin lymphoma,Lymphoma,"C024, C098, C099, C111, C142, C379, C422, C770-C779",9591
NHL - Nodal,770,33041,Non-Hodgkin lymphoma,Lymphoma,"C024, C098, C099, C111, C142, C379, C422, C770-C779",9590
NHL - Nodal,771,33041,Non-Hodgkin lymphoma,Lymphoma,"C024, C098, C099, C111, C142, C379, C422, C770-C779",9837
NHL - Nodal,771,33041,Non-Hodgkin lymphoma,Lymphoma,"C024, C098, C099, C111, C142, C379, C422, C770-C779",9827
NHL - Nodal,771,33041,Non-Hodgkin lymphoma,Lymphoma,"C024, C098, C099, C111, C142, C379, C422, C770-C779",9823
NHL - Nodal,771,33041,Non-Hodgkin lymphoma,Lymphoma,"C024, C098, C099, C111, C142, C379, C422, C770-C779",9818
NHL - Nodal,771,33041,Non-Hodgkin lymphoma,Lymphoma,"C024, C098, C099, C111, C142, C379, C422, C770-C779",9817
NHL - Nodal,771,33041,Non-Hodgkin lymphoma,Lymphoma,"C024, C098, C099, C111, C142, C379, C422, C770-C779",9816
NHL - Nodal,771,33041,Non-Hodgkin lymphoma,Lymphoma,"C024, C098, C099, C111, C142, C379, C422, C770-C779",9815
NHL - Nodal,771,33041,Non-Hodgkin lymphoma,Lymphoma,"C024, C098, C099, C111, C142, C379, C422, C770-C779",9814
NHL - Nodal,771,33041,Non-Hodgkin lymphoma,Lymphoma,"C024, C098, C099, C111, C142, C379, C422, C770-C779",9813
NHL - Nodal,771,33041,Non-Hodgkin lymphoma,Lymphoma,"C024, C098, C099, C111, C142, C379, C422, C770-C779",9812
NHL - Nodal,771,33041,Non-Hodgkin lymphoma,Lymphoma,"C024, C098, C099, C111, C142, C379, C422, C770-C779",9811
NHL - Nodal,771,33041,Non-Hodgkin lymphoma,Lymphoma,"C024, C098, C099, C111, C142, C379, C422, C770-C779",9738
NHL - Nodal,771,33041,Non-Hodgkin lymphoma,Lymphoma,"C024, C098, C099, C111, C142, C379, C422, C770-C779",9737
NHL - Nodal,771,33041,Non-Hodgkin lymphoma,Lymphoma,"C024, C098, C099, C111, C142, C379, C422, C770-C779",9735
NHL - Nodal,771,33041,Non-Hodgkin lymphoma,Lymphoma,"C024, C098, C099, C111, C142, C379, C422, C770-C779",9729
NHL - Nodal,771,33041,Non-Hodgkin lymphoma,Lymphoma,"C024, C098, C099, C111, C142, C379, C422, C770-C779",9728
NHL - Nodal,771,33041,Non-Hodgkin lymphoma,Lymphoma,"C024, C098, C099, C111, C142, C379, C422, C770-C779",9727
NHL - Nodal,771,33041,Non-Hodgkin lymphoma,Lymphoma,"C024, C098, C099, C111, C142, C379, C422, C770-C779",9726
NHL - Nodal,771,33041,Non-Hodgkin lymphoma,Lymphoma,"C024, C098, C099, C111, C142, C379, C422, C770-C779",9725
NHL - Nodal,771,33041,Non-Hodgkin lymphoma,Lymphoma,"C024, C098, C099, C111, C142, C379, C422, C770-C779",9724
NHL - Nodal,771,33041,Non-Hodgkin lymphoma,Lymphoma,"C024, C098, C099, C111, C142, C379, C422, C770-C779",9719
NHL - Nodal,771,33041,Non-Hodgkin lymphoma,Lymphoma,"C024, C098, C099, C111, C142, C379, C422, C770-C779",9718
NHL - Nodal,771,33041,Non-Hodgkin lymphoma,Lymphoma,"C024, C098, C099, C111, C142, C379, C422, C770-C779",9717
NHL - Nodal,771,33041,Non-Hodgkin lymphoma,Lymphoma,"C024, C098, C099, C111, C142, C379, C422, C770-C779",9716
NHL - Nodal,771,33041,Non-Hodgkin lymphoma,Lymphoma,"C024, C098, C099, C111, C142, C379, C422, C770-C779",9715
NHL - Nodal,771,33041,Non-Hodgkin lymphoma,Lymphoma,"C024, C098, C099, C111, C142, C379, C422, C770-C779",9714
NHL - Nodal,771,33041,Non-Hodgkin lymphoma,Lymphoma,"C024, C098, C099, C111, C142, C379, C422, C770-C779",9712
NHL - Nodal,771,33041,Non-Hodgkin lymphoma,Lymphoma,"C024, C098, C099, C111, C142, C379, C422, C770-C779",9709
NHL - Nodal,771,33041,Non-Hodgkin lymphoma,Lymphoma,"C024, C098, C099, C111, C142, C379, C422, C770-C779",9708
NHL - Nodal,771,33041,Non-Hodgkin lymphoma,Lymphoma,"C024, C098, C099, C111, C142, C379, C422, C770-C779",9705
NHL - Nodal,771,33041,Non-Hodgkin lymphoma,Lymphoma,"C024, C098, C099, C111, C142, C379, C422, C770-C779",9702
NHL - Nodal,771,33041,Non-Hodgkin lymphoma,Lymphoma,"C024, C098, C099, C111, C142, C379, C422, C770-C779",9701
NHL - Nodal,771,33041,Non-Hodgkin lymphoma,Lymphoma,"C024, C098, C099, C111, C142, C379, C422, C770-C779",9700
NHL - Nodal,771,33041,Non-Hodgkin lymphoma,Lymphoma,"C024, C098, C099, C111, C142, C379, C422, C770-C779",9699
NHL - Nodal,771,33041,Non-Hodgkin lymphoma,Lymphoma,"C024, C098, C099, C111, C142, C379, C422, C770-C779",9698
NHL - Nodal,771,33041,Non-Hodgkin lymphoma,Lymphoma,"C024, C098, C099, C111, C142, C379, C422, C770-C779",9695
NHL - Nodal,771,33041,Non-Hodgkin lymphoma,Lymphoma,"C024, C098, C099, C111, C142, C379, C422, C770-C779",9691
NHL - Nodal,771,33041,Non-Hodgkin lymphoma,Lymphoma,"C024, C098, C099, C111, C142, C379, C422, C770-C779",9690
NHL - Nodal,771,33041,Non-Hodgkin lymphoma,Lymphoma,"C024, C098, C099, C111, C142, C379, C422, C770-C779",9689
NHL - Nodal,771,33041,Non-Hodgkin lymphoma,Lymphoma,"C024, C098, C099, C111, C142, C379, C422, C770-C779",9688
NHL - Nodal,771,33041,Non-Hodgkin lymphoma,Lymphoma,"C024, C098, C099, C111, C142, C379, C422, C770-C779",9687
NHL - Nodal,771,33041,Non-Hodgkin lymphoma,Lymphoma,"C024, C098, C099, C111, C142, C379, C422, C770-C779",9684
NHL - Nodal,771,33041,Non-Hodgkin lymphoma,Lymphoma,"C024, C098, C099, C111, C142, C379, C422, C770-C779",9680
NHL - Nodal,771,33041,Non-Hodgkin lymphoma,Lymphoma,"C024, C098, C099, C111, C142, C379, C422, C770-C779",9679
NHL - Nodal,771,33041,Non-Hodgkin lymphoma,Lymphoma,"C024, C098, C099, C111, C142, C379, C422, C770-C779",9678
NHL - Nodal,771,33041,Non-Hodgkin lymphoma,Lymphoma,"C024, C098, C099, C111, C142, C379, C422, C770-C779",9675
NHL - Nodal,771,33041,Non-Hodgkin lymphoma,Lymphoma,"C024, C098, C099, C111, C142, C379, C422, C770-C779",9673
NHL - Nodal,771,33041,Non-Hodgkin lymphoma,Lymphoma,"C024, C098, C099, C111, C142, C379, C422, C770-C779",9671
NHL - Nodal,771,33041,Non-Hodgkin lymphoma,Lymphoma,"C024, C098, C099, C111, C142, C379, C422, C770-C779",9670
NHL - Nodal,771,33041,Non-Hodgkin lymphoma,Lymphoma,"C024, C098, C099, C111, C142, C379, C422, C770-C779",9597
NHL - Nodal,771,33041,Non-Hodgkin lymphoma,Lymphoma,"C024, C098, C099, C111, C142, C379, C422, C770-C779",9596
NHL - Nodal,771,33041,Non-Hodgkin lymphoma,Lymphoma,"C024, C098, C099, C111, C142, C379, C422, C770-C779",9595
NHL - Nodal,771,33041,Non-Hodgkin lymphoma,Lymphoma,"C024, C098, C099, C111, C142, C379, C422, C770-C779",9594
NHL - Nodal,771,33041,Non-Hodgkin lymphoma,Lymphoma,"C024, C098, C099, C111, C142, C379, C422, C770-C779",9593
NHL - Nodal,771,33041,Non-Hodgkin lymphoma,Lymphoma,"C024, C098, C099, C111, C142, C379, C422, C770-C779",9592
NHL - Nodal,771,33041,Non-Hodgkin lymphoma,Lymphoma,"C024, C098, C099, C111, C142, C379, C422, C770-C779",9591
NHL - Nodal,771,33041,Non-Hodgkin lymphoma,Lymphoma,"C024, C098, C099, C111, C142, C379, C422, C770-C779",9590
NHL - Nodal,772,33041,Non-Hodgkin lymphoma,Lymphoma,"C024, C098, C099, C111, C142, C379, C422, C770-C779",9837
NHL - Nodal,772,33041,Non-Hodgkin lymphoma,Lymphoma,"C024, C098, C099, C111, C142, C379, C422, C770-C779",9827
NHL - Nodal,772,33041,Non-Hodgkin lymphoma,Lymphoma,"C024, C098, C099, C111, C142, C379, C422, C770-C779",9823
NHL - Nodal,772,33041,Non-Hodgkin lymphoma,Lymphoma,"C024, C098, C099, C111, C142, C379, C422, C770-C779",9818
NHL - Nodal,772,33041,Non-Hodgkin lymphoma,Lymphoma,"C024, C098, C099, C111, C142, C379, C422, C770-C779",9817
NHL - Nodal,772,33041,Non-Hodgkin lymphoma,Lymphoma,"C024, C098, C099, C111, C142, C379, C422, C770-C779",9816
NHL - Nodal,772,33041,Non-Hodgkin lymphoma,Lymphoma,"C024, C098, C099, C111, C142, C379, C422, C770-C779",9815
NHL - Nodal,772,33041,Non-Hodgkin lymphoma,Lymphoma,"C024, C098, C099, C111, C142, C379, C422, C770-C779",9814
NHL - Nodal,772,33041,Non-Hodgkin lymphoma,Lymphoma,"C024, C098, C099, C111, C142, C379, C422, C770-C779",9813
NHL - Nodal,772,33041,Non-Hodgkin lymphoma,Lymphoma,"C024, C098, C099, C111, C142, C379, C422, C770-C779",9812
NHL - Nodal,772,33041,Non-Hodgkin lymphoma,Lymphoma,"C024, C098, C099, C111, C142, C379, C422, C770-C779",9811
NHL - Nodal,772,33041,Non-Hodgkin lymphoma,Lymphoma,"C024, C098, C099, C111, C142, C379, C422, C770-C779",9738
NHL - Nodal,772,33041,Non-Hodgkin lymphoma,Lymphoma,"C024, C098, C099, C111, C142, C379, C422, C770-C779",9737
NHL - Nodal,772,33041,Non-Hodgkin lymphoma,Lymphoma,"C024, C098, C099, C111, C142, C379, C422, C770-C779",9735
NHL - Nodal,772,33041,Non-Hodgkin lymphoma,Lymphoma,"C024, C098, C099, C111, C142, C379, C422, C770-C779",9729
NHL - Nodal,772,33041,Non-Hodgkin lymphoma,Lymphoma,"C024, C098, C099, C111, C142, C379, C422, C770-C779",9728
NHL - Nodal,772,33041,Non-Hodgkin lymphoma,Lymphoma,"C024, C098, C099, C111, C142, C379, C422, C770-C779",9727
NHL - Nodal,772,33041,Non-Hodgkin lymphoma,Lymphoma,"C024, C098, C099, C111, C142, C379, C422, C770-C779",9726
NHL - Nodal,772,33041,Non-Hodgkin lymphoma,Lymphoma,"C024, C098, C099, C111, C142, C379, C422, C770-C779",9725
NHL - Nodal,772,33041,Non-Hodgkin lymphoma,Lymphoma,"C024, C098, C099, C111, C142, C379, C422, C770-C779",9724
NHL - Nodal,772,33041,Non-Hodgkin lymphoma,Lymphoma,"C024, C098, C099, C111, C142, C379, C422, C770-C779",9719
NHL - Nodal,772,33041,Non-Hodgkin lymphoma,Lymphoma,"C024, C098, C099, C111, C142, C379, C422, C770-C779",9718
NHL - Nodal,772,33041,Non-Hodgkin lymphoma,Lymphoma,"C024, C098, C099, C111, C142, C379, C422, C770-C779",9717
NHL - Nodal,772,33041,Non-Hodgkin lymphoma,Lymphoma,"C024, C098, C099, C111, C142, C379, C422, C770-C779",9716
NHL - Nodal,772,33041,Non-Hodgkin lymphoma,Lymphoma,"C024, C098, C099, C111, C142, C379, C422, C770-C779",9715
NHL - Nodal,772,33041,Non-Hodgkin lymphoma,Lymphoma,"C024, C098, C099, C111, C142, C379, C422, C770-C779",9714
NHL - Nodal,772,33041,Non-Hodgkin lymphoma,Lymphoma,"C024, C098, C099, C111, C142, C379, C422, C770-C779",9712
NHL - Nodal,772,33041,Non-Hodgkin lymphoma,Lymphoma,"C024, C098, C099, C111, C142, C379, C422, C770-C779",9709
NHL - Nodal,772,33041,Non-Hodgkin lymphoma,Lymphoma,"C024, C098, C099, C111, C142, C379, C422, C770-C779",9708
NHL - Nodal,772,33041,Non-Hodgkin lymphoma,Lymphoma,"C024, C098, C099, C111, C142, C379, C422, C770-C779",9705
NHL - Nodal,772,33041,Non-Hodgkin lymphoma,Lymphoma,"C024, C098, C099, C111, C142, C379, C422, C770-C779",9702
NHL - Nodal,772,33041,Non-Hodgkin lymphoma,Lymphoma,"C024, C098, C099, C111, C142, C379, C422, C770-C779",9701
NHL - Nodal,772,33041,Non-Hodgkin lymphoma,Lymphoma,"C024, C098, C099, C111, C142, C379, C422, C770-C779",9700
NHL - Nodal,772,33041,Non-Hodgkin lymphoma,Lymphoma,"C024, C098, C099, C111, C142, C379, C422, C770-C779",9699
NHL - Nodal,772,33041,Non-Hodgkin lymphoma,Lymphoma,"C024, C098, C099, C111, C142, C379, C422, C770-C779",9698
NHL - Nodal,772,33041,Non-Hodgkin lymphoma,Lymphoma,"C024, C098, C099, C111, C142, C379, C422, C770-C779",9695
NHL - Nodal,772,33041,Non-Hodgkin lymphoma,Lymphoma,"C024, C098, C099, C111, C142, C379, C422, C770-C779",9691
NHL - Nodal,772,33041,Non-Hodgkin lymphoma,Lymphoma,"C024, C098, C099, C111, C142, C379, C422, C770-C779",9690
NHL - Nodal,772,33041,Non-Hodgkin lymphoma,Lymphoma,"C024, C098, C099, C111, C142, C379, C422, C770-C779",9689
NHL - Nodal,772,33041,Non-Hodgkin lymphoma,Lymphoma,"C024, C098, C099, C111, C142, C379, C422, C770-C779",9688
NHL - Nodal,772,33041,Non-Hodgkin lymphoma,Lymphoma,"C024, C098, C099, C111, C142, C379, C422, C770-C779",9687
NHL - Nodal,772,33041,Non-Hodgkin lymphoma,Lymphoma,"C024, C098, C099, C111, C142, C379, C422, C770-C779",9684
NHL - Nodal,772,33041,Non-Hodgkin lymphoma,Lymphoma,"C024, C098, C099, C111, C142, C379, C422, C770-C779",9680
NHL - Nodal,772,33041,Non-Hodgkin lymphoma,Lymphoma,"C024, C098, C099, C111, C142, C379, C422, C770-C779",9679
NHL - Nodal,772,33041,Non-Hodgkin lymphoma,Lymphoma,"C024, C098, C099, C111, C142, C379, C422, C770-C779",9678
NHL - Nodal,772,33041,Non-Hodgkin lymphoma,Lymphoma,"C024, C098, C099, C111, C142, C379, C422, C770-C779",9675
NHL - Nodal,772,33041,Non-Hodgkin lymphoma,Lymphoma,"C024, C098, C099, C111, C142, C379, C422, C770-C779",9673
NHL - Nodal,772,33041,Non-Hodgkin lymphoma,Lymphoma,"C024, C098, C099, C111, C142, C379, C422, C770-C779",9671
NHL - Nodal,772,33041,Non-Hodgkin lymphoma,Lymphoma,"C024, C098, C099, C111, C142, C379, C422, C770-C779",9670
NHL - Nodal,772,33041,Non-Hodgkin lymphoma,Lymphoma,"C024, C098, C099, C111, C142, C379, C422, C770-C779",9597
NHL - Nodal,772,33041,Non-Hodgkin lymphoma,Lymphoma,"C024, C098, C099, C111, C142, C379, C422, C770-C779",9596
NHL - Nodal,772,33041,Non-Hodgkin lymphoma,Lymphoma,"C024, C098, C099, C111, C142, C379, C422, C770-C779",9595
NHL - Nodal,772,33041,Non-Hodgkin lymphoma,Lymphoma,"C024, C098, C099, C111, C142, C379, C422, C770-C779",9594
NHL - Nodal,772,33041,Non-Hodgkin lymphoma,Lymphoma,"C024, C098, C099, C111, C142, C379, C422, C770-C779",9593
NHL - Nodal,772,33041,Non-Hodgkin lymphoma,Lymphoma,"C024, C098, C099, C111, C142, C379, C422, C770-C779",9592
NHL - Nodal,772,33041,Non-Hodgkin lymphoma,Lymphoma,"C024, C098, C099, C111, C142, C379, C422, C770-C779",9591
NHL - Nodal,772,33041,Non-Hodgkin lymphoma,Lymphoma,"C024, C098, C099, C111, C142, C379, C422, C770-C779",9590
NHL - Nodal,773,33041,Non-Hodgkin lymphoma,Lymphoma,"C024, C098, C099, C111, C142, C379, C422, C770-C779",9837
NHL - Nodal,773,33041,Non-Hodgkin lymphoma,Lymphoma,"C024, C098, C099, C111, C142, C379, C422, C770-C779",9827
NHL - Nodal,773,33041,Non-Hodgkin lymphoma,Lymphoma,"C024, C098, C099, C111, C142, C379, C422, C770-C779",9823
NHL - Nodal,773,33041,Non-Hodgkin lymphoma,Lymphoma,"C024, C098, C099, C111, C142, C379, C422, C770-C779",9818
NHL - Nodal,773,33041,Non-Hodgkin lymphoma,Lymphoma,"C024, C098, C099, C111, C142, C379, C422, C770-C779",9817
NHL - Nodal,773,33041,Non-Hodgkin lymphoma,Lymphoma,"C024, C098, C099, C111, C142, C379, C422, C770-C779",9816
NHL - Nodal,773,33041,Non-Hodgkin lymphoma,Lymphoma,"C024, C098, C099, C111, C142, C379, C422, C770-C779",9815
NHL - Nodal,773,33041,Non-Hodgkin lymphoma,Lymphoma,"C024, C098, C099, C111, C142, C379, C422, C770-C779",9814
NHL - Nodal,773,33041,Non-Hodgkin lymphoma,Lymphoma,"C024, C098, C099, C111, C142, C379, C422, C770-C779",9813
NHL - Nodal,773,33041,Non-Hodgkin lymphoma,Lymphoma,"C024, C098, C099, C111, C142, C379, C422, C770-C779",9812
NHL - Nodal,773,33041,Non-Hodgkin lymphoma,Lymphoma,"C024, C098, C099, C111, C142, C379, C422, C770-C779",9811
NHL - Nodal,773,33041,Non-Hodgkin lymphoma,Lymphoma,"C024, C098, C099, C111, C142, C379, C422, C770-C779",9738
NHL - Nodal,773,33041,Non-Hodgkin lymphoma,Lymphoma,"C024, C098, C099, C111, C142, C379, C422, C770-C779",9737
NHL - Nodal,773,33041,Non-Hodgkin lymphoma,Lymphoma,"C024, C098, C099, C111, C142, C379, C422, C770-C779",9735
NHL - Nodal,773,33041,Non-Hodgkin lymphoma,Lymphoma,"C024, C098, C099, C111, C142, C379, C422, C770-C779",9729
NHL - Nodal,773,33041,Non-Hodgkin lymphoma,Lymphoma,"C024, C098, C099, C111, C142, C379, C422, C770-C779",9728
NHL - Nodal,773,33041,Non-Hodgkin lymphoma,Lymphoma,"C024, C098, C099, C111, C142, C379, C422, C770-C779",9727
NHL - Nodal,773,33041,Non-Hodgkin lymphoma,Lymphoma,"C024, C098, C099, C111, C142, C379, C422, C770-C779",9726
NHL - Nodal,773,33041,Non-Hodgkin lymphoma,Lymphoma,"C024, C098, C099, C111, C142, C379, C422, C770-C779",9725
NHL - Nodal,773,33041,Non-Hodgkin lymphoma,Lymphoma,"C024, C098, C099, C111, C142, C379, C422, C770-C779",9724
NHL - Nodal,773,33041,Non-Hodgkin lymphoma,Lymphoma,"C024, C098, C099, C111, C142, C379, C422, C770-C779",9719
NHL - Nodal,773,33041,Non-Hodgkin lymphoma,Lymphoma,"C024, C098, C099, C111, C142, C379, C422, C770-C779",9718
NHL - Nodal,773,33041,Non-Hodgkin lymphoma,Lymphoma,"C024, C098, C099, C111, C142, C379, C422, C770-C779",9717
NHL - Nodal,773,33041,Non-Hodgkin lymphoma,Lymphoma,"C024, C098, C099, C111, C142, C379, C422, C770-C779",9716
NHL - Nodal,773,33041,Non-Hodgkin lymphoma,Lymphoma,"C024, C098, C099, C111, C142, C379, C422, C770-C779",9715
NHL - Nodal,773,33041,Non-Hodgkin lymphoma,Lymphoma,"C024, C098, C099, C111, C142, C379, C422, C770-C779",9714
NHL - Nodal,773,33041,Non-Hodgkin lymphoma,Lymphoma,"C024, C098, C099, C111, C142, C379, C422, C770-C779",9712
NHL - Nodal,773,33041,Non-Hodgkin lymphoma,Lymphoma,"C024, C098, C099, C111, C142, C379, C422, C770-C779",9709
NHL - Nodal,773,33041,Non-Hodgkin lymphoma,Lymphoma,"C024, C098, C099, C111, C142, C379, C422, C770-C779",9708
NHL - Nodal,773,33041,Non-Hodgkin lymphoma,Lymphoma,"C024, C098, C099, C111, C142, C379, C422, C770-C779",9705
NHL - Nodal,773,33041,Non-Hodgkin lymphoma,Lymphoma,"C024, C098, C099, C111, C142, C379, C422, C770-C779",9702
NHL - Nodal,773,33041,Non-Hodgkin lymphoma,Lymphoma,"C024, C098, C099, C111, C142, C379, C422, C770-C779",9701
NHL - Nodal,773,33041,Non-Hodgkin lymphoma,Lymphoma,"C024, C098, C099, C111, C142, C379, C422, C770-C779",9700
NHL - Nodal,773,33041,Non-Hodgkin lymphoma,Lymphoma,"C024, C098, C099, C111, C142, C379, C422, C770-C779",9699
NHL - Nodal,773,33041,Non-Hodgkin lymphoma,Lymphoma,"C024, C098, C099, C111, C142, C379, C422, C770-C779",9698
NHL - Nodal,773,33041,Non-Hodgkin lymphoma,Lymphoma,"C024, C098, C099, C111, C142, C379, C422, C770-C779",9695
NHL - Nodal,773,33041,Non-Hodgkin lymphoma,Lymphoma,"C024, C098, C099, C111, C142, C379, C422, C770-C779",9691
NHL - Nodal,773,33041,Non-Hodgkin lymphoma,Lymphoma,"C024, C098, C099, C111, C142, C379, C422, C770-C779",9690
NHL - Nodal,773,33041,Non-Hodgkin lymphoma,Lymphoma,"C024, C098, C099, C111, C142, C379, C422, C770-C779",9689
NHL - Nodal,773,33041,Non-Hodgkin lymphoma,Lymphoma,"C024, C098, C099, C111, C142, C379, C422, C770-C779",9688
NHL - Nodal,773,33041,Non-Hodgkin lymphoma,Lymphoma,"C024, C098, C099, C111, C142, C379, C422, C770-C779",9687
NHL - Nodal,773,33041,Non-Hodgkin lymphoma,Lymphoma,"C024, C098, C099, C111, C142, C379, C422, C770-C779",9684
NHL - Nodal,773,33041,Non-Hodgkin lymphoma,Lymphoma,"C024, C098, C099, C111, C142, C379, C422, C770-C779",9680
NHL - Nodal,773,33041,Non-Hodgkin lymphoma,Lymphoma,"C024, C098, C099, C111, C142, C379, C422, C770-C779",9679
NHL - Nodal,773,33041,Non-Hodgkin lymphoma,Lymphoma,"C024, C098, C099, C111, C142, C379, C422, C770-C779",9678
NHL - Nodal,773,33041,Non-Hodgkin lymphoma,Lymphoma,"C024, C098, C099, C111, C142, C379, C422, C770-C779",9675
NHL - Nodal,773,33041,Non-Hodgkin lymphoma,Lymphoma,"C024, C098, C099, C111, C142, C379, C422, C770-C779",9673
NHL - Nodal,773,33041,Non-Hodgkin lymphoma,Lymphoma,"C024, C098, C099, C111, C142, C379, C422, C770-C779",9671
NHL - Nodal,773,33041,Non-Hodgkin lymphoma,Lymphoma,"C024, C098, C099, C111, C142, C379, C422, C770-C779",9670
NHL - Nodal,773,33041,Non-Hodgkin lymphoma,Lymphoma,"C024, C098, C099, C111, C142, C379, C422, C770-C779",9597
NHL - Nodal,773,33041,Non-Hodgkin lymphoma,Lymphoma,"C024, C098, C099, C111, C142, C379, C422, C770-C779",9596
NHL - Nodal,773,33041,Non-Hodgkin lymphoma,Lymphoma,"C024, C098, C099, C111, C142, C379, C422, C770-C779",9595
NHL - Nodal,773,33041,Non-Hodgkin lymphoma,Lymphoma,"C024, C098, C099, C111, C142, C379, C422, C770-C779",9594
NHL - Nodal,773,33041,Non-Hodgkin lymphoma,Lymphoma,"C024, C098, C099, C111, C142, C379, C422, C770-C779",9593
NHL - Nodal,773,33041,Non-Hodgkin lymphoma,Lymphoma,"C024, C098, C099, C111, C142, C379, C422, C770-C779",9592
NHL - Nodal,773,33041,Non-Hodgkin lymphoma,Lymphoma,"C024, C098, C099, C111, C142, C379, C422, C770-C779",9591
NHL - Nodal,773,33041,Non-Hodgkin lymphoma,Lymphoma,"C024, C098, C099, C111, C142, C379, C422, C770-C779",9590
NHL - Nodal,774,33041,Non-Hodgkin lymphoma,Lymphoma,"C024, C098, C099, C111, C142, C379, C422, C770-C779",9837
NHL - Nodal,774,33041,Non-Hodgkin lymphoma,Lymphoma,"C024, C098, C099, C111, C142, C379, C422, C770-C779",9827
NHL - Nodal,774,33041,Non-Hodgkin lymphoma,Lymphoma,"C024, C098, C099, C111, C142, C379, C422, C770-C779",9823
NHL - Nodal,774,33041,Non-Hodgkin lymphoma,Lymphoma,"C024, C098, C099, C111, C142, C379, C422, C770-C779",9818
NHL - Nodal,774,33041,Non-Hodgkin lymphoma,Lymphoma,"C024, C098, C099, C111, C142, C379, C422, C770-C779",9817
NHL - Nodal,774,33041,Non-Hodgkin lymphoma,Lymphoma,"C024, C098, C099, C111, C142, C379, C422, C770-C779",9816
NHL - Nodal,774,33041,Non-Hodgkin lymphoma,Lymphoma,"C024, C098, C099, C111, C142, C379, C422, C770-C779",9815
NHL - Nodal,774,33041,Non-Hodgkin lymphoma,Lymphoma,"C024, C098, C099, C111, C142, C379, C422, C770-C779",9814
NHL - Nodal,774,33041,Non-Hodgkin lymphoma,Lymphoma,"C024, C098, C099, C111, C142, C379, C422, C770-C779",9813
NHL - Nodal,774,33041,Non-Hodgkin lymphoma,Lymphoma,"C024, C098, C099, C111, C142, C379, C422, C770-C779",9812
NHL - Nodal,774,33041,Non-Hodgkin lymphoma,Lymphoma,"C024, C098, C099, C111, C142, C379, C422, C770-C779",9811
NHL - Nodal,774,33041,Non-Hodgkin lymphoma,Lymphoma,"C024, C098, C099, C111, C142, C379, C422, C770-C779",9738
NHL - Nodal,774,33041,Non-Hodgkin lymphoma,Lymphoma,"C024, C098, C099, C111, C142, C379, C422, C770-C779",9737
NHL - Nodal,774,33041,Non-Hodgkin lymphoma,Lymphoma,"C024, C098, C099, C111, C142, C379, C422, C770-C779",9735
NHL - Nodal,774,33041,Non-Hodgkin lymphoma,Lymphoma,"C024, C098, C099, C111, C142, C379, C422, C770-C779",9729
NHL - Nodal,774,33041,Non-Hodgkin lymphoma,Lymphoma,"C024, C098, C099, C111, C142, C379, C422, C770-C779",9728
NHL - Nodal,774,33041,Non-Hodgkin lymphoma,Lymphoma,"C024, C098, C099, C111, C142, C379, C422, C770-C779",9727
NHL - Nodal,774,33041,Non-Hodgkin lymphoma,Lymphoma,"C024, C098, C099, C111, C142, C379, C422, C770-C779",9726
NHL - Nodal,774,33041,Non-Hodgkin lymphoma,Lymphoma,"C024, C098, C099, C111, C142, C379, C422, C770-C779",9725
NHL - Nodal,774,33041,Non-Hodgkin lymphoma,Lymphoma,"C024, C098, C099, C111, C142, C379, C422, C770-C779",9724
NHL - Nodal,774,33041,Non-Hodgkin lymphoma,Lymphoma,"C024, C098, C099, C111, C142, C379, C422, C770-C779",9719
NHL - Nodal,774,33041,Non-Hodgkin lymphoma,Lymphoma,"C024, C098, C099, C111, C142, C379, C422, C770-C779",9718
NHL - Nodal,774,33041,Non-Hodgkin lymphoma,Lymphoma,"C024, C098, C099, C111, C142, C379, C422, C770-C779",9717
NHL - Nodal,774,33041,Non-Hodgkin lymphoma,Lymphoma,"C024, C098, C099, C111, C142, C379, C422, C770-C779",9716
NHL - Nodal,774,33041,Non-Hodgkin lymphoma,Lymphoma,"C024, C098, C099, C111, C142, C379, C422, C770-C779",9715
NHL - Nodal,774,33041,Non-Hodgkin lymphoma,Lymphoma,"C024, C098, C099, C111, C142, C379, C422, C770-C779",9714
NHL - Nodal,774,33041,Non-Hodgkin lymphoma,Lymphoma,"C024, C098, C099, C111, C142, C379, C422, C770-C779",9712
NHL - Nodal,774,33041,Non-Hodgkin lymphoma,Lymphoma,"C024, C098, C099, C111, C142, C379, C422, C770-C779",9709
NHL - Nodal,774,33041,Non-Hodgkin lymphoma,Lymphoma,"C024, C098, C099, C111, C142, C379, C422, C770-C779",9708
NHL - Nodal,774,33041,Non-Hodgkin lymphoma,Lymphoma,"C024, C098, C099, C111, C142, C379, C422, C770-C779",9705
NHL - Nodal,774,33041,Non-Hodgkin lymphoma,Lymphoma,"C024, C098, C099, C111, C142, C379, C422, C770-C779",9702
NHL - Nodal,774,33041,Non-Hodgkin lymphoma,Lymphoma,"C024, C098, C099, C111, C142, C379, C422, C770-C779",9701
NHL - Nodal,774,33041,Non-Hodgkin lymphoma,Lymphoma,"C024, C098, C099, C111, C142, C379, C422, C770-C779",9700
NHL - Nodal,774,33041,Non-Hodgkin lymphoma,Lymphoma,"C024, C098, C099, C111, C142, C379, C422, C770-C779",9699
NHL - Nodal,774,33041,Non-Hodgkin lymphoma,Lymphoma,"C024, C098, C099, C111, C142, C379, C422, C770-C779",9698
NHL - Nodal,774,33041,Non-Hodgkin lymphoma,Lymphoma,"C024, C098, C099, C111, C142, C379, C422, C770-C779",9695
NHL - Nodal,774,33041,Non-Hodgkin lymphoma,Lymphoma,"C024, C098, C099, C111, C142, C379, C422, C770-C779",9691
NHL - Nodal,774,33041,Non-Hodgkin lymphoma,Lymphoma,"C024, C098, C099, C111, C142, C379, C422, C770-C779",9690
NHL - Nodal,774,33041,Non-Hodgkin lymphoma,Lymphoma,"C024, C098, C099, C111, C142, C379, C422, C770-C779",9689
NHL - Nodal,774,33041,Non-Hodgkin lymphoma,Lymphoma,"C024, C098, C099, C111, C142, C379, C422, C770-C779",9688
NHL - Nodal,774,33041,Non-Hodgkin lymphoma,Lymphoma,"C024, C098, C099, C111, C142, C379, C422, C770-C779",9687
NHL - Nodal,774,33041,Non-Hodgkin lymphoma,Lymphoma,"C024, C098, C099, C111, C142, C379, C422, C770-C779",9684
NHL - Nodal,774,33041,Non-Hodgkin lymphoma,Lymphoma,"C024, C098, C099, C111, C142, C379, C422, C770-C779",9680
NHL - Nodal,774,33041,Non-Hodgkin lymphoma,Lymphoma,"C024, C098, C099, C111, C142, C379, C422, C770-C779",9679
NHL - Nodal,774,33041,Non-Hodgkin lymphoma,Lymphoma,"C024, C098, C099, C111, C142, C379, C422, C770-C779",9678
NHL - Nodal,774,33041,Non-Hodgkin lymphoma,Lymphoma,"C024, C098, C099, C111, C142, C379, C422, C770-C779",9675
NHL - Nodal,774,33041,Non-Hodgkin lymphoma,Lymphoma,"C024, C098, C099, C111, C142, C379, C422, C770-C779",9673
NHL - Nodal,774,33041,Non-Hodgkin lymphoma,Lymphoma,"C024, C098, C099, C111, C142, C379, C422, C770-C779",9671
NHL - Nodal,774,33041,Non-Hodgkin lymphoma,Lymphoma,"C024, C098, C099, C111, C142, C379, C422, C770-C779",9670
NHL - Nodal,774,33041,Non-Hodgkin lymphoma,Lymphoma,"C024, C098, C099, C111, C142, C379, C422, C770-C779",9597
NHL - Nodal,774,33041,Non-Hodgkin lymphoma,Lymphoma,"C024, C098, C099, C111, C142, C379, C422, C770-C779",9596
NHL - Nodal,774,33041,Non-Hodgkin lymphoma,Lymphoma,"C024, C098, C099, C111, C142, C379, C422, C770-C779",9595
NHL - Nodal,774,33041,Non-Hodgkin lymphoma,Lymphoma,"C024, C098, C099, C111, C142, C379, C422, C770-C779",9594
NHL - Nodal,774,33041,Non-Hodgkin lymphoma,Lymphoma,"C024, C098, C099, C111, C142, C379, C422, C770-C779",9593
NHL - Nodal,774,33041,Non-Hodgkin lymphoma,Lymphoma,"C024, C098, C099, C111, C142, C379, C422, C770-C779",9592
NHL - Nodal,774,33041,Non-Hodgkin lymphoma,Lymphoma,"C024, C098, C099, C111, C142, C379, C422, C770-C779",9591
NHL - Nodal,774,33041,Non-Hodgkin lymphoma,Lymphoma,"C024, C098, C099, C111, C142, C379, C422, C770-C779",9590
NHL - Nodal,775,33041,Non-Hodgkin lymphoma,Lymphoma,"C024, C098, C099, C111, C142, C379, C422, C770-C779",9837
NHL - Nodal,775,33041,Non-Hodgkin lymphoma,Lymphoma,"C024, C098, C099, C111, C142, C379, C422, C770-C779",9827
NHL - Nodal,775,33041,Non-Hodgkin lymphoma,Lymphoma,"C024, C098, C099, C111, C142, C379, C422, C770-C779",9823
NHL - Nodal,775,33041,Non-Hodgkin lymphoma,Lymphoma,"C024, C098, C099, C111, C142, C379, C422, C770-C779",9818
NHL - Nodal,775,33041,Non-Hodgkin lymphoma,Lymphoma,"C024, C098, C099, C111, C142, C379, C422, C770-C779",9817
NHL - Nodal,775,33041,Non-Hodgkin lymphoma,Lymphoma,"C024, C098, C099, C111, C142, C379, C422, C770-C779",9816
NHL - Nodal,775,33041,Non-Hodgkin lymphoma,Lymphoma,"C024, C098, C099, C111, C142, C379, C422, C770-C779",9815
NHL - Nodal,775,33041,Non-Hodgkin lymphoma,Lymphoma,"C024, C098, C099, C111, C142, C379, C422, C770-C779",9814
NHL - Nodal,775,33041,Non-Hodgkin lymphoma,Lymphoma,"C024, C098, C099, C111, C142, C379, C422, C770-C779",9813
NHL - Nodal,775,33041,Non-Hodgkin lymphoma,Lymphoma,"C024, C098, C099, C111, C142, C379, C422, C770-C779",9812
NHL - Nodal,775,33041,Non-Hodgkin lymphoma,Lymphoma,"C024, C098, C099, C111, C142, C379, C422, C770-C779",9811
NHL - Nodal,775,33041,Non-Hodgkin lymphoma,Lymphoma,"C024, C098, C099, C111, C142, C379, C422, C770-C779",9738
NHL - Nodal,775,33041,Non-Hodgkin lymphoma,Lymphoma,"C024, C098, C099, C111, C142, C379, C422, C770-C779",9737
NHL - Nodal,775,33041,Non-Hodgkin lymphoma,Lymphoma,"C024, C098, C099, C111, C142, C379, C422, C770-C779",9735
NHL - Nodal,775,33041,Non-Hodgkin lymphoma,Lymphoma,"C024, C098, C099, C111, C142, C379, C422, C770-C779",9729
NHL - Nodal,775,33041,Non-Hodgkin lymphoma,Lymphoma,"C024, C098, C099, C111, C142, C379, C422, C770-C779",9728
NHL - Nodal,775,33041,Non-Hodgkin lymphoma,Lymphoma,"C024, C098, C099, C111, C142, C379, C422, C770-C779",9727
NHL - Nodal,775,33041,Non-Hodgkin lymphoma,Lymphoma,"C024, C098, C099, C111, C142, C379, C422, C770-C779",9726
NHL - Nodal,775,33041,Non-Hodgkin lymphoma,Lymphoma,"C024, C098, C099, C111, C142, C379, C422, C770-C779",9725
NHL - Nodal,775,33041,Non-Hodgkin lymphoma,Lymphoma,"C024, C098, C099, C111, C142, C379, C422, C770-C779",9724
NHL - Nodal,775,33041,Non-Hodgkin lymphoma,Lymphoma,"C024, C098, C099, C111, C142, C379, C422, C770-C779",9719
NHL - Nodal,775,33041,Non-Hodgkin lymphoma,Lymphoma,"C024, C098, C099, C111, C142, C379, C422, C770-C779",9718
NHL - Nodal,775,33041,Non-Hodgkin lymphoma,Lymphoma,"C024, C098, C099, C111, C142, C379, C422, C770-C779",9717
NHL - Nodal,775,33041,Non-Hodgkin lymphoma,Lymphoma,"C024, C098, C099, C111, C142, C379, C422, C770-C779",9716
NHL - Nodal,775,33041,Non-Hodgkin lymphoma,Lymphoma,"C024, C098, C099, C111, C142, C379, C422, C770-C779",9715
NHL - Nodal,775,33041,Non-Hodgkin lymphoma,Lymphoma,"C024, C098, C099, C111, C142, C379, C422, C770-C779",9714
NHL - Nodal,775,33041,Non-Hodgkin lymphoma,Lymphoma,"C024, C098, C099, C111, C142, C379, C422, C770-C779",9712
NHL - Nodal,775,33041,Non-Hodgkin lymphoma,Lymphoma,"C024, C098, C099, C111, C142, C379, C422, C770-C779",9709
NHL - Nodal,775,33041,Non-Hodgkin lymphoma,Lymphoma,"C024, C098, C099, C111, C142, C379, C422, C770-C779",9708
NHL - Nodal,775,33041,Non-Hodgkin lymphoma,Lymphoma,"C024, C098, C099, C111, C142, C379, C422, C770-C779",9705
NHL - Nodal,775,33041,Non-Hodgkin lymphoma,Lymphoma,"C024, C098, C099, C111, C142, C379, C422, C770-C779",9702
NHL - Nodal,775,33041,Non-Hodgkin lymphoma,Lymphoma,"C024, C098, C099, C111, C142, C379, C422, C770-C779",9701
NHL - Nodal,775,33041,Non-Hodgkin lymphoma,Lymphoma,"C024, C098, C099, C111, C142, C379, C422, C770-C779",9700
NHL - Nodal,775,33041,Non-Hodgkin lymphoma,Lymphoma,"C024, C098, C099, C111, C142, C379, C422, C770-C779",9699
NHL - Nodal,775,33041,Non-Hodgkin lymphoma,Lymphoma,"C024, C098, C099, C111, C142, C379, C422, C770-C779",9698
NHL - Nodal,775,33041,Non-Hodgkin lymphoma,Lymphoma,"C024, C098, C099, C111, C142, C379, C422, C770-C779",9695
NHL - Nodal,775,33041,Non-Hodgkin lymphoma,Lymphoma,"C024, C098, C099, C111, C142, C379, C422, C770-C779",9691
NHL - Nodal,775,33041,Non-Hodgkin lymphoma,Lymphoma,"C024, C098, C099, C111, C142, C379, C422, C770-C779",9690
NHL - Nodal,775,33041,Non-Hodgkin lymphoma,Lymphoma,"C024, C098, C099, C111, C142, C379, C422, C770-C779",9689
NHL - Nodal,775,33041,Non-Hodgkin lymphoma,Lymphoma,"C024, C098, C099, C111, C142, C379, C422, C770-C779",9688
NHL - Nodal,775,33041,Non-Hodgkin lymphoma,Lymphoma,"C024, C098, C099, C111, C142, C379, C422, C770-C779",9687
NHL - Nodal,775,33041,Non-Hodgkin lymphoma,Lymphoma,"C024, C098, C099, C111, C142, C379, C422, C770-C779",9684
NHL - Nodal,775,33041,Non-Hodgkin lymphoma,Lymphoma,"C024, C098, C099, C111, C142, C379, C422, C770-C779",9680
NHL - Nodal,775,33041,Non-Hodgkin lymphoma,Lymphoma,"C024, C098, C099, C111, C142, C379, C422, C770-C779",9679
NHL - Nodal,775,33041,Non-Hodgkin lymphoma,Lymphoma,"C024, C098, C099, C111, C142, C379, C422, C770-C779",9678
NHL - Nodal,775,33041,Non-Hodgkin lymphoma,Lymphoma,"C024, C098, C099, C111, C142, C379, C422, C770-C779",9675
NHL - Nodal,775,33041,Non-Hodgkin lymphoma,Lymphoma,"C024, C098, C099, C111, C142, C379, C422, C770-C779",9673
NHL - Nodal,775,33041,Non-Hodgkin lymphoma,Lymphoma,"C024, C098, C099, C111, C142, C379, C422, C770-C779",9671
NHL - Nodal,775,33041,Non-Hodgkin lymphoma,Lymphoma,"C024, C098, C099, C111, C142, C379, C422, C770-C779",9670
NHL - Nodal,775,33041,Non-Hodgkin lymphoma,Lymphoma,"C024, C098, C099, C111, C142, C379, C422, C770-C779",9597
NHL - Nodal,775,33041,Non-Hodgkin lymphoma,Lymphoma,"C024, C098, C099, C111, C142, C379, C422, C770-C779",9596
NHL - Nodal,775,33041,Non-Hodgkin lymphoma,Lymphoma,"C024, C098, C099, C111, C142, C379, C422, C770-C779",9595
NHL - Nodal,775,33041,Non-Hodgkin lymphoma,Lymphoma,"C024, C098, C099, C111, C142, C379, C422, C770-C779",9594
NHL - Nodal,775,33041,Non-Hodgkin lymphoma,Lymphoma,"C024, C098, C099, C111, C142, C379, C422, C770-C779",9593
NHL - Nodal,775,33041,Non-Hodgkin lymphoma,Lymphoma,"C024, C098, C099, C111, C142, C379, C422, C770-C779",9592
NHL - Nodal,775,33041,Non-Hodgkin lymphoma,Lymphoma,"C024, C098, C099, C111, C142, C379, C422, C770-C779",9591
NHL - Nodal,775,33041,Non-Hodgkin lymphoma,Lymphoma,"C024, C098, C099, C111, C142, C379, C422, C770-C779",9590
NHL - Nodal,776,33041,Non-Hodgkin lymphoma,Lymphoma,"C024, C098, C099, C111, C142, C379, C422, C770-C779",9837
NHL - Nodal,776,33041,Non-Hodgkin lymphoma,Lymphoma,"C024, C098, C099, C111, C142, C379, C422, C770-C779",9827
NHL - Nodal,776,33041,Non-Hodgkin lymphoma,Lymphoma,"C024, C098, C099, C111, C142, C379, C422, C770-C779",9823
NHL - Nodal,776,33041,Non-Hodgkin lymphoma,Lymphoma,"C024, C098, C099, C111, C142, C379, C422, C770-C779",9818
NHL - Nodal,776,33041,Non-Hodgkin lymphoma,Lymphoma,"C024, C098, C099, C111, C142, C379, C422, C770-C779",9817
NHL - Nodal,776,33041,Non-Hodgkin lymphoma,Lymphoma,"C024, C098, C099, C111, C142, C379, C422, C770-C779",9816
NHL - Nodal,776,33041,Non-Hodgkin lymphoma,Lymphoma,"C024, C098, C099, C111, C142, C379, C422, C770-C779",9815
NHL - Nodal,776,33041,Non-Hodgkin lymphoma,Lymphoma,"C024, C098, C099, C111, C142, C379, C422, C770-C779",9814
NHL - Nodal,776,33041,Non-Hodgkin lymphoma,Lymphoma,"C024, C098, C099, C111, C142, C379, C422, C770-C779",9813
NHL - Nodal,776,33041,Non-Hodgkin lymphoma,Lymphoma,"C024, C098, C099, C111, C142, C379, C422, C770-C779",9812
NHL - Nodal,776,33041,Non-Hodgkin lymphoma,Lymphoma,"C024, C098, C099, C111, C142, C379, C422, C770-C779",9811
NHL - Nodal,776,33041,Non-Hodgkin lymphoma,Lymphoma,"C024, C098, C099, C111, C142, C379, C422, C770-C779",9738
NHL - Nodal,776,33041,Non-Hodgkin lymphoma,Lymphoma,"C024, C098, C099, C111, C142, C379, C422, C770-C779",9737
NHL - Nodal,776,33041,Non-Hodgkin lymphoma,Lymphoma,"C024, C098, C099, C111, C142, C379, C422, C770-C779",9735
NHL - Nodal,776,33041,Non-Hodgkin lymphoma,Lymphoma,"C024, C098, C099, C111, C142, C379, C422, C770-C779",9729
NHL - Nodal,776,33041,Non-Hodgkin lymphoma,Lymphoma,"C024, C098, C099, C111, C142, C379, C422, C770-C779",9728
NHL - Nodal,776,33041,Non-Hodgkin lymphoma,Lymphoma,"C024, C098, C099, C111, C142, C379, C422, C770-C779",9727
NHL - Nodal,776,33041,Non-Hodgkin lymphoma,Lymphoma,"C024, C098, C099, C111, C142, C379, C422, C770-C779",9726
NHL - Nodal,776,33041,Non-Hodgkin lymphoma,Lymphoma,"C024, C098, C099, C111, C142, C379, C422, C770-C779",9725
NHL - Nodal,776,33041,Non-Hodgkin lymphoma,Lymphoma,"C024, C098, C099, C111, C142, C379, C422, C770-C779",9724
NHL - Nodal,776,33041,Non-Hodgkin lymphoma,Lymphoma,"C024, C098, C099, C111, C142, C379, C422, C770-C779",9719
NHL - Nodal,776,33041,Non-Hodgkin lymphoma,Lymphoma,"C024, C098, C099, C111, C142, C379, C422, C770-C779",9718
NHL - Nodal,776,33041,Non-Hodgkin lymphoma,Lymphoma,"C024, C098, C099, C111, C142, C379, C422, C770-C779",9717
NHL - Nodal,776,33041,Non-Hodgkin lymphoma,Lymphoma,"C024, C098, C099, C111, C142, C379, C422, C770-C779",9716
NHL - Nodal,776,33041,Non-Hodgkin lymphoma,Lymphoma,"C024, C098, C099, C111, C142, C379, C422, C770-C779",9715
NHL - Nodal,776,33041,Non-Hodgkin lymphoma,Lymphoma,"C024, C098, C099, C111, C142, C379, C422, C770-C779",9714
NHL - Nodal,776,33041,Non-Hodgkin lymphoma,Lymphoma,"C024, C098, C099, C111, C142, C379, C422, C770-C779",9712
NHL - Nodal,776,33041,Non-Hodgkin lymphoma,Lymphoma,"C024, C098, C099, C111, C142, C379, C422, C770-C779",9709
NHL - Nodal,776,33041,Non-Hodgkin lymphoma,Lymphoma,"C024, C098, C099, C111, C142, C379, C422, C770-C779",9708
NHL - Nodal,776,33041,Non-Hodgkin lymphoma,Lymphoma,"C024, C098, C099, C111, C142, C379, C422, C770-C779",9705
NHL - Nodal,776,33041,Non-Hodgkin lymphoma,Lymphoma,"C024, C098, C099, C111, C142, C379, C422, C770-C779",9702
NHL - Nodal,776,33041,Non-Hodgkin lymphoma,Lymphoma,"C024, C098, C099, C111, C142, C379, C422, C770-C779",9701
NHL - Nodal,776,33041,Non-Hodgkin lymphoma,Lymphoma,"C024, C098, C099, C111, C142, C379, C422, C770-C779",9700
NHL - Nodal,776,33041,Non-Hodgkin lymphoma,Lymphoma,"C024, C098, C099, C111, C142, C379, C422, C770-C779",9699
NHL - Nodal,776,33041,Non-Hodgkin lymphoma,Lymphoma,"C024, C098, C099, C111, C142, C379, C422, C770-C779",9698
NHL - Nodal,776,33041,Non-Hodgkin lymphoma,Lymphoma,"C024, C098, C099, C111, C142, C379, C422, C770-C779",9695
NHL - Nodal,776,33041,Non-Hodgkin lymphoma,Lymphoma,"C024, C098, C099, C111, C142, C379, C422, C770-C779",9691
NHL - Nodal,776,33041,Non-Hodgkin lymphoma,Lymphoma,"C024, C098, C099, C111, C142, C379, C422, C770-C779",9690
NHL - Nodal,776,33041,Non-Hodgkin lymphoma,Lymphoma,"C024, C098, C099, C111, C142, C379, C422, C770-C779",9689
NHL - Nodal,776,33041,Non-Hodgkin lymphoma,Lymphoma,"C024, C098, C099, C111, C142, C379, C422, C770-C779",9688
NHL - Nodal,776,33041,Non-Hodgkin lymphoma,Lymphoma,"C024, C098, C099, C111, C142, C379, C422, C770-C779",9687
NHL - Nodal,776,33041,Non-Hodgkin lymphoma,Lymphoma,"C024, C098, C099, C111, C142, C379, C422, C770-C779",9684
NHL - Nodal,776,33041,Non-Hodgkin lymphoma,Lymphoma,"C024, C098, C099, C111, C142, C379, C422, C770-C779",9680
NHL - Nodal,776,33041,Non-Hodgkin lymphoma,Lymphoma,"C024, C098, C099, C111, C142, C379, C422, C770-C779",9679
NHL - Nodal,776,33041,Non-Hodgkin lymphoma,Lymphoma,"C024, C098, C099, C111, C142, C379, C422, C770-C779",9678
NHL - Nodal,776,33041,Non-Hodgkin lymphoma,Lymphoma,"C024, C098, C099, C111, C142, C379, C422, C770-C779",9675
NHL - Nodal,776,33041,Non-Hodgkin lymphoma,Lymphoma,"C024, C098, C099, C111, C142, C379, C422, C770-C779",9673
NHL - Nodal,776,33041,Non-Hodgkin lymphoma,Lymphoma,"C024, C098, C099, C111, C142, C379, C422, C770-C779",9671
NHL - Nodal,776,33041,Non-Hodgkin lymphoma,Lymphoma,"C024, C098, C099, C111, C142, C379, C422, C770-C779",9670
NHL - Nodal,776,33041,Non-Hodgkin lymphoma,Lymphoma,"C024, C098, C099, C111, C142, C379, C422, C770-C779",9597
NHL - Nodal,776,33041,Non-Hodgkin lymphoma,Lymphoma,"C024, C098, C099, C111, C142, C379, C422, C770-C779",9596
NHL - Nodal,776,33041,Non-Hodgkin lymphoma,Lymphoma,"C024, C098, C099, C111, C142, C379, C422, C770-C779",9595
NHL - Nodal,776,33041,Non-Hodgkin lymphoma,Lymphoma,"C024, C098, C099, C111, C142, C379, C422, C770-C779",9594
NHL - Nodal,776,33041,Non-Hodgkin lymphoma,Lymphoma,"C024, C098, C099, C111, C142, C379, C422, C770-C779",9593
NHL - Nodal,776,33041,Non-Hodgkin lymphoma,Lymphoma,"C024, C098, C099, C111, C142, C379, C422, C770-C779",9592
NHL - Nodal,776,33041,Non-Hodgkin lymphoma,Lymphoma,"C024, C098, C099, C111, C142, C379, C422, C770-C779",9591
NHL - Nodal,776,33041,Non-Hodgkin lymphoma,Lymphoma,"C024, C098, C099, C111, C142, C379, C422, C770-C779",9590
NHL - Nodal,777,33041,Non-Hodgkin lymphoma,Lymphoma,"C024, C098, C099, C111, C142, C379, C422, C770-C779",9837
NHL - Nodal,777,33041,Non-Hodgkin lymphoma,Lymphoma,"C024, C098, C099, C111, C142, C379, C422, C770-C779",9827
NHL - Nodal,777,33041,Non-Hodgkin lymphoma,Lymphoma,"C024, C098, C099, C111, C142, C379, C422, C770-C779",9823
NHL - Nodal,777,33041,Non-Hodgkin lymphoma,Lymphoma,"C024, C098, C099, C111, C142, C379, C422, C770-C779",9818
NHL - Nodal,777,33041,Non-Hodgkin lymphoma,Lymphoma,"C024, C098, C099, C111, C142, C379, C422, C770-C779",9817
NHL - Nodal,777,33041,Non-Hodgkin lymphoma,Lymphoma,"C024, C098, C099, C111, C142, C379, C422, C770-C779",9816
NHL - Nodal,777,33041,Non-Hodgkin lymphoma,Lymphoma,"C024, C098, C099, C111, C142, C379, C422, C770-C779",9815
NHL - Nodal,777,33041,Non-Hodgkin lymphoma,Lymphoma,"C024, C098, C099, C111, C142, C379, C422, C770-C779",9814
NHL - Nodal,777,33041,Non-Hodgkin lymphoma,Lymphoma,"C024, C098, C099, C111, C142, C379, C422, C770-C779",9813
NHL - Nodal,777,33041,Non-Hodgkin lymphoma,Lymphoma,"C024, C098, C099, C111, C142, C379, C422, C770-C779",9812
NHL - Nodal,777,33041,Non-Hodgkin lymphoma,Lymphoma,"C024, C098, C099, C111, C142, C379, C422, C770-C779",9811
NHL - Nodal,777,33041,Non-Hodgkin lymphoma,Lymphoma,"C024, C098, C099, C111, C142, C379, C422, C770-C779",9738
NHL - Nodal,777,33041,Non-Hodgkin lymphoma,Lymphoma,"C024, C098, C099, C111, C142, C379, C422, C770-C779",9737
NHL - Nodal,777,33041,Non-Hodgkin lymphoma,Lymphoma,"C024, C098, C099, C111, C142, C379, C422, C770-C779",9735
NHL - Nodal,777,33041,Non-Hodgkin lymphoma,Lymphoma,"C024, C098, C099, C111, C142, C379, C422, C770-C779",9729
NHL - Nodal,777,33041,Non-Hodgkin lymphoma,Lymphoma,"C024, C098, C099, C111, C142, C379, C422, C770-C779",9728
NHL - Nodal,777,33041,Non-Hodgkin lymphoma,Lymphoma,"C024, C098, C099, C111, C142, C379, C422, C770-C779",9727
NHL - Nodal,777,33041,Non-Hodgkin lymphoma,Lymphoma,"C024, C098, C099, C111, C142, C379, C422, C770-C779",9726
NHL - Nodal,777,33041,Non-Hodgkin lymphoma,Lymphoma,"C024, C098, C099, C111, C142, C379, C422, C770-C779",9725
NHL - Nodal,777,33041,Non-Hodgkin lymphoma,Lymphoma,"C024, C098, C099, C111, C142, C379, C422, C770-C779",9724
NHL - Nodal,777,33041,Non-Hodgkin lymphoma,Lymphoma,"C024, C098, C099, C111, C142, C379, C422, C770-C779",9719
NHL - Nodal,777,33041,Non-Hodgkin lymphoma,Lymphoma,"C024, C098, C099, C111, C142, C379, C422, C770-C779",9718
NHL - Nodal,777,33041,Non-Hodgkin lymphoma,Lymphoma,"C024, C098, C099, C111, C142, C379, C422, C770-C779",9717
NHL - Nodal,777,33041,Non-Hodgkin lymphoma,Lymphoma,"C024, C098, C099, C111, C142, C379, C422, C770-C779",9716
NHL - Nodal,777,33041,Non-Hodgkin lymphoma,Lymphoma,"C024, C098, C099, C111, C142, C379, C422, C770-C779",9715
NHL - Nodal,777,33041,Non-Hodgkin lymphoma,Lymphoma,"C024, C098, C099, C111, C142, C379, C422, C770-C779",9714
NHL - Nodal,777,33041,Non-Hodgkin lymphoma,Lymphoma,"C024, C098, C099, C111, C142, C379, C422, C770-C779",9712
NHL - Nodal,777,33041,Non-Hodgkin lymphoma,Lymphoma,"C024, C098, C099, C111, C142, C379, C422, C770-C779",9709
NHL - Nodal,777,33041,Non-Hodgkin lymphoma,Lymphoma,"C024, C098, C099, C111, C142, C379, C422, C770-C779",9708
NHL - Nodal,777,33041,Non-Hodgkin lymphoma,Lymphoma,"C024, C098, C099, C111, C142, C379, C422, C770-C779",9705
NHL - Nodal,777,33041,Non-Hodgkin lymphoma,Lymphoma,"C024, C098, C099, C111, C142, C379, C422, C770-C779",9702
NHL - Nodal,777,33041,Non-Hodgkin lymphoma,Lymphoma,"C024, C098, C099, C111, C142, C379, C422, C770-C779",9701
NHL - Nodal,777,33041,Non-Hodgkin lymphoma,Lymphoma,"C024, C098, C099, C111, C142, C379, C422, C770-C779",9700
NHL - Nodal,777,33041,Non-Hodgkin lymphoma,Lymphoma,"C024, C098, C099, C111, C142, C379, C422, C770-C779",9699
NHL - Nodal,777,33041,Non-Hodgkin lymphoma,Lymphoma,"C024, C098, C099, C111, C142, C379, C422, C770-C779",9698
NHL - Nodal,777,33041,Non-Hodgkin lymphoma,Lymphoma,"C024, C098, C099, C111, C142, C379, C422, C770-C779",9695
NHL - Nodal,777,33041,Non-Hodgkin lymphoma,Lymphoma,"C024, C098, C099, C111, C142, C379, C422, C770-C779",9691
NHL - Nodal,777,33041,Non-Hodgkin lymphoma,Lymphoma,"C024, C098, C099, C111, C142, C379, C422, C770-C779",9690
NHL - Nodal,777,33041,Non-Hodgkin lymphoma,Lymphoma,"C024, C098, C099, C111, C142, C379, C422, C770-C779",9689
NHL - Nodal,777,33041,Non-Hodgkin lymphoma,Lymphoma,"C024, C098, C099, C111, C142, C379, C422, C770-C779",9688
NHL - Nodal,777,33041,Non-Hodgkin lymphoma,Lymphoma,"C024, C098, C099, C111, C142, C379, C422, C770-C779",9687
NHL - Nodal,777,33041,Non-Hodgkin lymphoma,Lymphoma,"C024, C098, C099, C111, C142, C379, C422, C770-C779",9684
NHL - Nodal,777,33041,Non-Hodgkin lymphoma,Lymphoma,"C024, C098, C099, C111, C142, C379, C422, C770-C779",9680
NHL - Nodal,777,33041,Non-Hodgkin lymphoma,Lymphoma,"C024, C098, C099, C111, C142, C379, C422, C770-C779",9679
NHL - Nodal,777,33041,Non-Hodgkin lymphoma,Lymphoma,"C024, C098, C099, C111, C142, C379, C422, C770-C779",9678
NHL - Nodal,777,33041,Non-Hodgkin lymphoma,Lymphoma,"C024, C098, C099, C111, C142, C379, C422, C770-C779",9675
NHL - Nodal,777,33041,Non-Hodgkin lymphoma,Lymphoma,"C024, C098, C099, C111, C142, C379, C422, C770-C779",9673
NHL - Nodal,777,33041,Non-Hodgkin lymphoma,Lymphoma,"C024, C098, C099, C111, C142, C379, C422, C770-C779",9671
NHL - Nodal,777,33041,Non-Hodgkin lymphoma,Lymphoma,"C024, C098, C099, C111, C142, C379, C422, C770-C779",9670
NHL - Nodal,777,33041,Non-Hodgkin lymphoma,Lymphoma,"C024, C098, C099, C111, C142, C379, C422, C770-C779",9597
NHL - Nodal,777,33041,Non-Hodgkin lymphoma,Lymphoma,"C024, C098, C099, C111, C142, C379, C422, C770-C779",9596
NHL - Nodal,777,33041,Non-Hodgkin lymphoma,Lymphoma,"C024, C098, C099, C111, C142, C379, C422, C770-C779",9595
NHL - Nodal,777,33041,Non-Hodgkin lymphoma,Lymphoma,"C024, C098, C099, C111, C142, C379, C422, C770-C779",9594
NHL - Nodal,777,33041,Non-Hodgkin lymphoma,Lymphoma,"C024, C098, C099, C111, C142, C379, C422, C770-C779",9593
NHL - Nodal,777,33041,Non-Hodgkin lymphoma,Lymphoma,"C024, C098, C099, C111, C142, C379, C422, C770-C779",9592
NHL - Nodal,777,33041,Non-Hodgkin lymphoma,Lymphoma,"C024, C098, C099, C111, C142, C379, C422, C770-C779",9591
NHL - Nodal,777,33041,Non-Hodgkin lymphoma,Lymphoma,"C024, C098, C099, C111, C142, C379, C422, C770-C779",9590
NHL - Nodal,778,33041,Non-Hodgkin lymphoma,Lymphoma,"C024, C098, C099, C111, C142, C379, C422, C770-C779",9837
NHL - Nodal,778,33041,Non-Hodgkin lymphoma,Lymphoma,"C024, C098, C099, C111, C142, C379, C422, C770-C779",9827
NHL - Nodal,778,33041,Non-Hodgkin lymphoma,Lymphoma,"C024, C098, C099, C111, C142, C379, C422, C770-C779",9823
NHL - Nodal,778,33041,Non-Hodgkin lymphoma,Lymphoma,"C024, C098, C099, C111, C142, C379, C422, C770-C779",9818
NHL - Nodal,778,33041,Non-Hodgkin lymphoma,Lymphoma,"C024, C098, C099, C111, C142, C379, C422, C770-C779",9817
NHL - Nodal,778,33041,Non-Hodgkin lymphoma,Lymphoma,"C024, C098, C099, C111, C142, C379, C422, C770-C779",9816
NHL - Nodal,778,33041,Non-Hodgkin lymphoma,Lymphoma,"C024, C098, C099, C111, C142, C379, C422, C770-C779",9815
NHL - Nodal,778,33041,Non-Hodgkin lymphoma,Lymphoma,"C024, C098, C099, C111, C142, C379, C422, C770-C779",9814
NHL - Nodal,778,33041,Non-Hodgkin lymphoma,Lymphoma,"C024, C098, C099, C111, C142, C379, C422, C770-C779",9813
NHL - Nodal,778,33041,Non-Hodgkin lymphoma,Lymphoma,"C024, C098, C099, C111, C142, C379, C422, C770-C779",9812
NHL - Nodal,778,33041,Non-Hodgkin lymphoma,Lymphoma,"C024, C098, C099, C111, C142, C379, C422, C770-C779",9811
NHL - Nodal,778,33041,Non-Hodgkin lymphoma,Lymphoma,"C024, C098, C099, C111, C142, C379, C422, C770-C779",9738
NHL - Nodal,778,33041,Non-Hodgkin lymphoma,Lymphoma,"C024, C098, C099, C111, C142, C379, C422, C770-C779",9737
NHL - Nodal,778,33041,Non-Hodgkin lymphoma,Lymphoma,"C024, C098, C099, C111, C142, C379, C422, C770-C779",9735
NHL - Nodal,778,33041,Non-Hodgkin lymphoma,Lymphoma,"C024, C098, C099, C111, C142, C379, C422, C770-C779",9729
NHL - Nodal,778,33041,Non-Hodgkin lymphoma,Lymphoma,"C024, C098, C099, C111, C142, C379, C422, C770-C779",9728
NHL - Nodal,778,33041,Non-Hodgkin lymphoma,Lymphoma,"C024, C098, C099, C111, C142, C379, C422, C770-C779",9727
NHL - Nodal,778,33041,Non-Hodgkin lymphoma,Lymphoma,"C024, C098, C099, C111, C142, C379, C422, C770-C779",9726
NHL - Nodal,778,33041,Non-Hodgkin lymphoma,Lymphoma,"C024, C098, C099, C111, C142, C379, C422, C770-C779",9725
NHL - Nodal,778,33041,Non-Hodgkin lymphoma,Lymphoma,"C024, C098, C099, C111, C142, C379, C422, C770-C779",9724
NHL - Nodal,778,33041,Non-Hodgkin lymphoma,Lymphoma,"C024, C098, C099, C111, C142, C379, C422, C770-C779",9719
NHL - Nodal,778,33041,Non-Hodgkin lymphoma,Lymphoma,"C024, C098, C099, C111, C142, C379, C422, C770-C779",9718
NHL - Nodal,778,33041,Non-Hodgkin lymphoma,Lymphoma,"C024, C098, C099, C111, C142, C379, C422, C770-C779",9717
NHL - Nodal,778,33041,Non-Hodgkin lymphoma,Lymphoma,"C024, C098, C099, C111, C142, C379, C422, C770-C779",9716
NHL - Nodal,778,33041,Non-Hodgkin lymphoma,Lymphoma,"C024, C098, C099, C111, C142, C379, C422, C770-C779",9715
NHL - Nodal,778,33041,Non-Hodgkin lymphoma,Lymphoma,"C024, C098, C099, C111, C142, C379, C422, C770-C779",9714
NHL - Nodal,778,33041,Non-Hodgkin lymphoma,Lymphoma,"C024, C098, C099, C111, C142, C379, C422, C770-C779",9712
NHL - Nodal,778,33041,Non-Hodgkin lymphoma,Lymphoma,"C024, C098, C099, C111, C142, C379, C422, C770-C779",9709
NHL - Nodal,778,33041,Non-Hodgkin lymphoma,Lymphoma,"C024, C098, C099, C111, C142, C379, C422, C770-C779",9708
NHL - Nodal,778,33041,Non-Hodgkin lymphoma,Lymphoma,"C024, C098, C099, C111, C142, C379, C422, C770-C779",9705
NHL - Nodal,778,33041,Non-Hodgkin lymphoma,Lymphoma,"C024, C098, C099, C111, C142, C379, C422, C770-C779",9702
NHL - Nodal,778,33041,Non-Hodgkin lymphoma,Lymphoma,"C024, C098, C099, C111, C142, C379, C422, C770-C779",9701
NHL - Nodal,778,33041,Non-Hodgkin lymphoma,Lymphoma,"C024, C098, C099, C111, C142, C379, C422, C770-C779",9700
NHL - Nodal,778,33041,Non-Hodgkin lymphoma,Lymphoma,"C024, C098, C099, C111, C142, C379, C422, C770-C779",9699
NHL - Nodal,778,33041,Non-Hodgkin lymphoma,Lymphoma,"C024, C098, C099, C111, C142, C379, C422, C770-C779",9698
NHL - Nodal,778,33041,Non-Hodgkin lymphoma,Lymphoma,"C024, C098, C099, C111, C142, C379, C422, C770-C779",9695
NHL - Nodal,778,33041,Non-Hodgkin lymphoma,Lymphoma,"C024, C098, C099, C111, C142, C379, C422, C770-C779",9691
NHL - Nodal,778,33041,Non-Hodgkin lymphoma,Lymphoma,"C024, C098, C099, C111, C142, C379, C422, C770-C779",9690
NHL - Nodal,778,33041,Non-Hodgkin lymphoma,Lymphoma,"C024, C098, C099, C111, C142, C379, C422, C770-C779",9689
NHL - Nodal,778,33041,Non-Hodgkin lymphoma,Lymphoma,"C024, C098, C099, C111, C142, C379, C422, C770-C779",9688
NHL - Nodal,778,33041,Non-Hodgkin lymphoma,Lymphoma,"C024, C098, C099, C111, C142, C379, C422, C770-C779",9687
NHL - Nodal,778,33041,Non-Hodgkin lymphoma,Lymphoma,"C024, C098, C099, C111, C142, C379, C422, C770-C779",9684
NHL - Nodal,778,33041,Non-Hodgkin lymphoma,Lymphoma,"C024, C098, C099, C111, C142, C379, C422, C770-C779",9680
NHL - Nodal,778,33041,Non-Hodgkin lymphoma,Lymphoma,"C024, C098, C099, C111, C142, C379, C422, C770-C779",9679
NHL - Nodal,778,33041,Non-Hodgkin lymphoma,Lymphoma,"C024, C098, C099, C111, C142, C379, C422, C770-C779",9678
NHL - Nodal,778,33041,Non-Hodgkin lymphoma,Lymphoma,"C024, C098, C099, C111, C142, C379, C422, C770-C779",9675
NHL - Nodal,778,33041,Non-Hodgkin lymphoma,Lymphoma,"C024, C098, C099, C111, C142, C379, C422, C770-C779",9673
NHL - Nodal,778,33041,Non-Hodgkin lymphoma,Lymphoma,"C024, C098, C099, C111, C142, C379, C422, C770-C779",9671
NHL - Nodal,778,33041,Non-Hodgkin lymphoma,Lymphoma,"C024, C098, C099, C111, C142, C379, C422, C770-C779",9670
NHL - Nodal,778,33041,Non-Hodgkin lymphoma,Lymphoma,"C024, C098, C099, C111, C142, C379, C422, C770-C779",9597
NHL - Nodal,778,33041,Non-Hodgkin lymphoma,Lymphoma,"C024, C098, C099, C111, C142, C379, C422, C770-C779",9596
NHL - Nodal,778,33041,Non-Hodgkin lymphoma,Lymphoma,"C024, C098, C099, C111, C142, C379, C422, C770-C779",9595
NHL - Nodal,778,33041,Non-Hodgkin lymphoma,Lymphoma,"C024, C098, C099, C111, C142, C379, C422, C770-C779",9594
NHL - Nodal,778,33041,Non-Hodgkin lymphoma,Lymphoma,"C024, C098, C099, C111, C142, C379, C422, C770-C779",9593
NHL - Nodal,778,33041,Non-Hodgkin lymphoma,Lymphoma,"C024, C098, C099, C111, C142, C379, C422, C770-C779",9592
NHL - Nodal,778,33041,Non-Hodgkin lymphoma,Lymphoma,"C024, C098, C099, C111, C142, C379, C422, C770-C779",9591
NHL - Nodal,778,33041,Non-Hodgkin lymphoma,Lymphoma,"C024, C098, C099, C111, C142, C379, C422, C770-C779",9590
NHL - Nodal,779,33041,Non-Hodgkin lymphoma,Lymphoma,"C024, C098, C099, C111, C142, C379, C422, C770-C779",9837
NHL - Nodal,779,33041,Non-Hodgkin lymphoma,Lymphoma,"C024, C098, C099, C111, C142, C379, C422, C770-C779",9827
NHL - Nodal,779,33041,Non-Hodgkin lymphoma,Lymphoma,"C024, C098, C099, C111, C142, C379, C422, C770-C779",9823
NHL - Nodal,779,33041,Non-Hodgkin lymphoma,Lymphoma,"C024, C098, C099, C111, C142, C379, C422, C770-C779",9818
NHL - Nodal,779,33041,Non-Hodgkin lymphoma,Lymphoma,"C024, C098, C099, C111, C142, C379, C422, C770-C779",9817
NHL - Nodal,779,33041,Non-Hodgkin lymphoma,Lymphoma,"C024, C098, C099, C111, C142, C379, C422, C770-C779",9816
NHL - Nodal,779,33041,Non-Hodgkin lymphoma,Lymphoma,"C024, C098, C099, C111, C142, C379, C422, C770-C779",9815
NHL - Nodal,779,33041,Non-Hodgkin lymphoma,Lymphoma,"C024, C098, C099, C111, C142, C379, C422, C770-C779",9814
NHL - Nodal,779,33041,Non-Hodgkin lymphoma,Lymphoma,"C024, C098, C099, C111, C142, C379, C422, C770-C779",9813
NHL - Nodal,779,33041,Non-Hodgkin lymphoma,Lymphoma,"C024, C098, C099, C111, C142, C379, C422, C770-C779",9812
NHL - Nodal,779,33041,Non-Hodgkin lymphoma,Lymphoma,"C024, C098, C099, C111, C142, C379, C422, C770-C779",9811
NHL - Nodal,779,33041,Non-Hodgkin lymphoma,Lymphoma,"C024, C098, C099, C111, C142, C379, C422, C770-C779",9738
NHL - Nodal,779,33041,Non-Hodgkin lymphoma,Lymphoma,"C024, C098, C099, C111, C142, C379, C422, C770-C779",9737
NHL - Nodal,779,33041,Non-Hodgkin lymphoma,Lymphoma,"C024, C098, C099, C111, C142, C379, C422, C770-C779",9735
NHL - Nodal,779,33041,Non-Hodgkin lymphoma,Lymphoma,"C024, C098, C099, C111, C142, C379, C422, C770-C779",9729
NHL - Nodal,779,33041,Non-Hodgkin lymphoma,Lymphoma,"C024, C098, C099, C111, C142, C379, C422, C770-C779",9728
NHL - Nodal,779,33041,Non-Hodgkin lymphoma,Lymphoma,"C024, C098, C099, C111, C142, C379, C422, C770-C779",9727
NHL - Nodal,779,33041,Non-Hodgkin lymphoma,Lymphoma,"C024, C098, C099, C111, C142, C379, C422, C770-C779",9726
NHL - Nodal,779,33041,Non-Hodgkin lymphoma,Lymphoma,"C024, C098, C099, C111, C142, C379, C422, C770-C779",9725
NHL - Nodal,779,33041,Non-Hodgkin lymphoma,Lymphoma,"C024, C098, C099, C111, C142, C379, C422, C770-C779",9724
NHL - Nodal,779,33041,Non-Hodgkin lymphoma,Lymphoma,"C024, C098, C099, C111, C142, C379, C422, C770-C779",9719
NHL - Nodal,779,33041,Non-Hodgkin lymphoma,Lymphoma,"C024, C098, C099, C111, C142, C379, C422, C770-C779",9718
NHL - Nodal,779,33041,Non-Hodgkin lymphoma,Lymphoma,"C024, C098, C099, C111, C142, C379, C422, C770-C779",9717
NHL - Nodal,779,33041,Non-Hodgkin lymphoma,Lymphoma,"C024, C098, C099, C111, C142, C379, C422, C770-C779",9716
NHL - Nodal,779,33041,Non-Hodgkin lymphoma,Lymphoma,"C024, C098, C099, C111, C142, C379, C422, C770-C779",9715
NHL - Nodal,779,33041,Non-Hodgkin lymphoma,Lymphoma,"C024, C098, C099, C111, C142, C379, C422, C770-C779",9714
NHL - Nodal,779,33041,Non-Hodgkin lymphoma,Lymphoma,"C024, C098, C099, C111, C142, C379, C422, C770-C779",9712
NHL - Nodal,779,33041,Non-Hodgkin lymphoma,Lymphoma,"C024, C098, C099, C111, C142, C379, C422, C770-C779",9709
NHL - Nodal,779,33041,Non-Hodgkin lymphoma,Lymphoma,"C024, C098, C099, C111, C142, C379, C422, C770-C779",9708
NHL - Nodal,779,33041,Non-Hodgkin lymphoma,Lymphoma,"C024, C098, C099, C111, C142, C379, C422, C770-C779",9705
NHL - Nodal,779,33041,Non-Hodgkin lymphoma,Lymphoma,"C024, C098, C099, C111, C142, C379, C422, C770-C779",9702
NHL - Nodal,779,33041,Non-Hodgkin lymphoma,Lymphoma,"C024, C098, C099, C111, C142, C379, C422, C770-C779",9701
NHL - Nodal,779,33041,Non-Hodgkin lymphoma,Lymphoma,"C024, C098, C099, C111, C142, C379, C422, C770-C779",9700
NHL - Nodal,779,33041,Non-Hodgkin lymphoma,Lymphoma,"C024, C098, C099, C111, C142, C379, C422, C770-C779",9699
NHL - Nodal,779,33041,Non-Hodgkin lymphoma,Lymphoma,"C024, C098, C099, C111, C142, C379, C422, C770-C779",9698
NHL - Nodal,779,33041,Non-Hodgkin lymphoma,Lymphoma,"C024, C098, C099, C111, C142, C379, C422, C770-C779",9695
NHL - Nodal,779,33041,Non-Hodgkin lymphoma,Lymphoma,"C024, C098, C099, C111, C142, C379, C422, C770-C779",9691
NHL - Nodal,779,33041,Non-Hodgkin lymphoma,Lymphoma,"C024, C098, C099, C111, C142, C379, C422, C770-C779",9690
NHL - Nodal,779,33041,Non-Hodgkin lymphoma,Lymphoma,"C024, C098, C099, C111, C142, C379, C422, C770-C779",9689
NHL - Nodal,779,33041,Non-Hodgkin lymphoma,Lymphoma,"C024, C098, C099, C111, C142, C379, C422, C770-C779",9688
NHL - Nodal,779,33041,Non-Hodgkin lymphoma,Lymphoma,"C024, C098, C099, C111, C142, C379, C422, C770-C779",9687
NHL - Nodal,779,33041,Non-Hodgkin lymphoma,Lymphoma,"C024, C098, C099, C111, C142, C379, C422, C770-C779",9684
NHL - Nodal,779,33041,Non-Hodgkin lymphoma,Lymphoma,"C024, C098, C099, C111, C142, C379, C422, C770-C779",9680
NHL - Nodal,779,33041,Non-Hodgkin lymphoma,Lymphoma,"C024, C098, C099, C111, C142, C379, C422, C770-C779",9679
NHL - Nodal,779,33041,Non-Hodgkin lymphoma,Lymphoma,"C024, C098, C099, C111, C142, C379, C422, C770-C779",9678
NHL - Nodal,779,33041,Non-Hodgkin lymphoma,Lymphoma,"C024, C098, C099, C111, C142, C379, C422, C770-C779",9675
NHL - Nodal,779,33041,Non-Hodgkin lymphoma,Lymphoma,"C024, C098, C099, C111, C142, C379, C422, C770-C779",9673
NHL - Nodal,779,33041,Non-Hodgkin lymphoma,Lymphoma,"C024, C098, C099, C111, C142, C379, C422, C770-C779",9671
NHL - Nodal,779,33041,Non-Hodgkin lymphoma,Lymphoma,"C024, C098, C099, C111, C142, C379, C422, C770-C779",9670
NHL - Nodal,779,33041,Non-Hodgkin lymphoma,Lymphoma,"C024, C098, C099, C111, C142, C379, C422, C770-C779",9597
NHL - Nodal,779,33041,Non-Hodgkin lymphoma,Lymphoma,"C024, C098, C099, C111, C142, C379, C422, C770-C779",9596
NHL - Nodal,779,33041,Non-Hodgkin lymphoma,Lymphoma,"C024, C098, C099, C111, C142, C379, C422, C770-C779",9595
NHL - Nodal,779,33041,Non-Hodgkin lymphoma,Lymphoma,"C024, C098, C099, C111, C142, C379, C422, C770-C779",9594
NHL - Nodal,779,33041,Non-Hodgkin lymphoma,Lymphoma,"C024, C098, C099, C111, C142, C379, C422, C770-C779",9593
NHL - Nodal,779,33041,Non-Hodgkin lymphoma,Lymphoma,"C024, C098, C099, C111, C142, C379, C422, C770-C779",9592
NHL - Nodal,779,33041,Non-Hodgkin lymphoma,Lymphoma,"C024, C098, C099, C111, C142, C379, C422, C770-C779",9591
NHL - Nodal,779,33041,Non-Hodgkin lymphoma,Lymphoma,"C024, C098, C099, C111, C142, C379, C422, C770-C779",9590
NHL - Extranodal,null,33042,Non-Hodgkin lymphoma,Lymphoma,"All sites except C024, C098-C099, C111, C142, C379, C420-C422, C424, C770-C790",9819
NHL - Extranodal,null,33042,Non-Hodgkin lymphoma,Lymphoma,"All sites except C024, C098-C099, C111, C142, C379, C420-C422, C424, C770-C789",9837
NHL - Extranodal,null,33042,Non-Hodgkin lymphoma,Lymphoma,"All sites except C024, C098-C099, C111, C142, C379, C420-C422, C424, C770-C788",9827
NHL - Extranodal,null,33042,Non-Hodgkin lymphoma,Lymphoma,"All sites except C024, C098-C099, C111, C142, C379, C420-C422, C424, C770-C787",9823
NHL - Extranodal,null,33042,Non-Hodgkin lymphoma,Lymphoma,"All sites except C024, C098-C099, C111, C142, C379, C420-C422, C424, C770-C786",9818
NHL - Extranodal,null,33042,Non-Hodgkin lymphoma,Lymphoma,"All sites except C024, C098-C099, C111, C142, C379, C420-C422, C424, C770-C785",9817
NHL - Extranodal,null,33042,Non-Hodgkin lymphoma,Lymphoma,"All sites except C024, C098-C099, C111, C142, C379, C420-C422, C424, C770-C784",9816
NHL - Extranodal,null,33042,Non-Hodgkin lymphoma,Lymphoma,"All sites except C024, C098-C099, C111, C142, C379, C420-C422, C424, C770-C783",9815
NHL - Extranodal,null,33042,Non-Hodgkin lymphoma,Lymphoma,"All sites except C024, C098-C099, C111, C142, C379, C420-C422, C424, C770-C782",9814
NHL - Extranodal,null,33042,Non-Hodgkin lymphoma,Lymphoma,"All sites except C024, C098-C099, C111, C142, C379, C420-C422, C424, C770-C781",9813
NHL - Extranodal,null,33042,Non-Hodgkin lymphoma,Lymphoma,"All sites except C024, C098-C099, C111, C142, C379, C420-C422, C424, C770-C780",9812
NHL - Extranodal,null,33042,Non-Hodgkin lymphoma,Lymphoma,"All sites except C024, C098-C099, C111, C142, C379, C420-C422, C424, C770-C779",9811
NHL - Extranodal,null,33042,Non-Hodgkin lymphoma,Lymphoma,"All sites except C024, C098-C099, C111, C142, C379, C422, C770-C779",9738
NHL - Extranodal,null,33042,Non-Hodgkin lymphoma,Lymphoma,"All sites except C024, C098-C099, C111, C142, C379, C422, C770-C779",9737
NHL - Extranodal,null,33042,Non-Hodgkin lymphoma,Lymphoma,"All sites except C024, C098-C099, C111, C142, C379, C422, C770-C779",9735
NHL - Extranodal,null,33042,Non-Hodgkin lymphoma,Lymphoma,"All sites except C024, C098-C099, C111, C142, C379, C422, C770-C779",9729
NHL - Extranodal,null,33042,Non-Hodgkin lymphoma,Lymphoma,"All sites except C024, C098-C099, C111, C142, C379, C422, C770-C779",9728
NHL - Extranodal,null,33042,Non-Hodgkin lymphoma,Lymphoma,"All sites except C024, C098-C099, C111, C142, C379, C422, C770-C779",9727
NHL - Extranodal,null,33042,Non-Hodgkin lymphoma,Lymphoma,"All sites except C024, C098-C099, C111, C142, C379, C422, C770-C779",9726
NHL - Extranodal,null,33042,Non-Hodgkin lymphoma,Lymphoma,"All sites except C024, C098-C099, C111, C142, C379, C422, C770-C779",9725
NHL - Extranodal,null,33042,Non-Hodgkin lymphoma,Lymphoma,"All sites except C024, C098-C099, C111, C142, C379, C422, C770-C779",9724
NHL - Extranodal,null,33042,Non-Hodgkin lymphoma,Lymphoma,"All sites except C024, C098-C099, C111, C142, C379, C422, C770-C779",9719
NHL - Extranodal,null,33042,Non-Hodgkin lymphoma,Lymphoma,"All sites except C024, C098-C099, C111, C142, C379, C422, C770-C779",9718
NHL - Extranodal,null,33042,Non-Hodgkin lymphoma,Lymphoma,"All sites except C024, C098-C099, C111, C142, C379, C422, C770-C779",9717
NHL - Extranodal,null,33042,Non-Hodgkin lymphoma,Lymphoma,"All sites except C024, C098-C099, C111, C142, C379, C422, C770-C779",9716
NHL - Extranodal,null,33042,Non-Hodgkin lymphoma,Lymphoma,"All sites except C024, C098-C099, C111, C142, C379, C422, C770-C779",9715
NHL - Extranodal,null,33042,Non-Hodgkin lymphoma,Lymphoma,"All sites except C024, C098-C099, C111, C142, C379, C422, C770-C779",9714
NHL - Extranodal,null,33042,Non-Hodgkin lymphoma,Lymphoma,"All sites except C024, C098-C099, C111, C142, C379, C422, C770-C779",9712
NHL - Extranodal,null,33042,Non-Hodgkin lymphoma,Lymphoma,"All sites except C024, C098-C099, C111, C142, C379, C422, C770-C779",9709
NHL - Extranodal,null,33042,Non-Hodgkin lymphoma,Lymphoma,"All sites except C024, C098-C099, C111, C142, C379, C422, C770-C779",9708
NHL - Extranodal,null,33042,Non-Hodgkin lymphoma,Lymphoma,"All sites except C024, C098-C099, C111, C142, C379, C422, C770-C779",9705
NHL - Extranodal,null,33042,Non-Hodgkin lymphoma,Lymphoma,"All sites except C024, C098-C099, C111, C142, C379, C422, C770-C779",9702
NHL - Extranodal,null,33042,Non-Hodgkin lymphoma,Lymphoma,"All sites except C024, C098-C099, C111, C142, C379, C422, C770-C779",9701
NHL - Extranodal,null,33042,Non-Hodgkin lymphoma,Lymphoma,"All sites except C024, C098-C099, C111, C142, C379, C422, C770-C779",9700
NHL - Extranodal,null,33042,Non-Hodgkin lymphoma,Lymphoma,"All sites except C024, C098-C099, C111, C142, C379, C422, C770-C779",9699
NHL - Extranodal,null,33042,Non-Hodgkin lymphoma,Lymphoma,"All sites except C024, C098-C099, C111, C142, C379, C422, C770-C779",9698
NHL - Extranodal,null,33042,Non-Hodgkin lymphoma,Lymphoma,"All sites except C024, C098-C099, C111, C142, C379, C422, C770-C779",9695
NHL - Extranodal,null,33042,Non-Hodgkin lymphoma,Lymphoma,"All sites except C024, C098-C099, C111, C142, C379, C422, C770-C779",9691
NHL - Extranodal,null,33042,Non-Hodgkin lymphoma,Lymphoma,"All sites except C024, C098-C099, C111, C142, C379, C422, C770-C779",9690
NHL - Extranodal,null,33042,Non-Hodgkin lymphoma,Lymphoma,"All sites except C024, C098-C099, C111, C142, C379, C422, C770-C779",9689
NHL - Extranodal,null,33042,Non-Hodgkin lymphoma,Lymphoma,"All sites except C024, C098-C099, C111, C142, C379, C422, C770-C779",9688
NHL - Extranodal,null,33042,Non-Hodgkin lymphoma,Lymphoma,"All sites except C024, C098-C099, C111, C142, C379, C422, C770-C779",9687
NHL - Extranodal,null,33042,Non-Hodgkin lymphoma,Lymphoma,"All sites except C024, C098-C099, C111, C142, C379, C422, C770-C779",9684
NHL - Extranodal,null,33042,Non-Hodgkin lymphoma,Lymphoma,"All sites except C024, C098-C099, C111, C142, C379, C422, C770-C779",9680
NHL - Extranodal,null,33042,Non-Hodgkin lymphoma,Lymphoma,"All sites except C024, C098-C099, C111, C142, C379, C422, C770-C779",9679
NHL - Extranodal,null,33042,Non-Hodgkin lymphoma,Lymphoma,"All sites except C024, C098-C099, C111, C142, C379, C422, C770-C779",9678
NHL - Extranodal,null,33042,Non-Hodgkin lymphoma,Lymphoma,"All sites except C024, C098-C099, C111, C142, C379, C422, C770-C779",9675
NHL - Extranodal,null,33042,Non-Hodgkin lymphoma,Lymphoma,"All sites except C024, C098-C099, C111, C142, C379, C422, C770-C779",9673
NHL - Extranodal,null,33042,Non-Hodgkin lymphoma,Lymphoma,"All sites except C024, C098-C099, C111, C142, C379, C422, C770-C779",9671
NHL - Extranodal,null,33042,Non-Hodgkin lymphoma,Lymphoma,"All sites except C024, C098-C099, C111, C142, C379, C422, C770-C779",9670
NHL - Extranodal,null,33042,Non-Hodgkin lymphoma,Lymphoma,"All sites except C024, C098-C099, C111, C142, C379, C422, C770-C779",9597
NHL - Extranodal,null,33042,Non-Hodgkin lymphoma,Lymphoma,"All sites except C024, C098-C099, C111, C142, C379, C422, C770-C779",9596
NHL - Extranodal,null,33042,Non-Hodgkin lymphoma,Lymphoma,"All sites except C024, C098-C099, C111, C142, C379, C422, C770-C779",9595
NHL - Extranodal,null,33042,Non-Hodgkin lymphoma,Lymphoma,"All sites except C024, C098-C099, C111, C142, C379, C422, C770-C779",9594
NHL - Extranodal,null,33042,Non-Hodgkin lymphoma,Lymphoma,"All sites except C024, C098-C099, C111, C142, C379, C422, C770-C779",9593
NHL - Extranodal,null,33042,Non-Hodgkin lymphoma,Lymphoma,"All sites except C024, C098-C099, C111, C142, C379, C422, C770-C779",9592
NHL - Extranodal,null,33042,Non-Hodgkin lymphoma,Lymphoma,"All sites except C024, C098-C099, C111, C142, C379, C422, C770-C779",9591
NHL - Extranodal,null,33042,Non-Hodgkin lymphoma,Lymphoma,"All sites except C024, C098-C099, C111, C142, C379, C422, C770-C779",9590
NHL - Extranodal,null,33042,Non-Hodgkin lymphoma,Lymphoma,"All sites except C024, C098-C099, C111, C142, C379, C420-C422, C424, C770-C790",9819
NHL - Extranodal,null,33042,Non-Hodgkin lymphoma,Lymphoma,"All sites except C024, C098-C099, C111, C142, C379, C420-C422, C424, C770-C789",9837
NHL - Extranodal,null,33042,Non-Hodgkin lymphoma,Lymphoma,"All sites except C024, C098-C099, C111, C142, C379, C420-C422, C424, C770-C788",9827
NHL - Extranodal,null,33042,Non-Hodgkin lymphoma,Lymphoma,"All sites except C024, C098-C099, C111, C142, C379, C420-C422, C424, C770-C787",9823
NHL - Extranodal,null,33042,Non-Hodgkin lymphoma,Lymphoma,"All sites except C024, C098-C099, C111, C142, C379, C420-C422, C424, C770-C786",9818
NHL - Extranodal,null,33042,Non-Hodgkin lymphoma,Lymphoma,"All sites except C024, C098-C099, C111, C142, C379, C420-C422, C424, C770-C785",9817
NHL - Extranodal,null,33042,Non-Hodgkin lymphoma,Lymphoma,"All sites except C024, C098-C099, C111, C142, C379, C420-C422, C424, C770-C784",9816
NHL - Extranodal,null,33042,Non-Hodgkin lymphoma,Lymphoma,"All sites except C024, C098-C099, C111, C142, C379, C420-C422, C424, C770-C783",9815
NHL - Extranodal,null,33042,Non-Hodgkin lymphoma,Lymphoma,"All sites except C024, C098-C099, C111, C142, C379, C420-C422, C424, C770-C782",9814
NHL - Extranodal,null,33042,Non-Hodgkin lymphoma,Lymphoma,"All sites except C024, C098-C099, C111, C142, C379, C420-C422, C424, C770-C781",9813
NHL - Extranodal,null,33042,Non-Hodgkin lymphoma,Lymphoma,"All sites except C024, C098-C099, C111, C142, C379, C420-C422, C424, C770-C780",9812
NHL - Extranodal,null,33042,Non-Hodgkin lymphoma,Lymphoma,"All sites except C024, C098-C099, C111, C142, C379, C420-C422, C424, C770-C779",9811
NHL - Extranodal,null,33042,Non-Hodgkin lymphoma,Lymphoma,"All sites except C024, C098-C099, C111, C142, C379, C422, C770-C779",9738
NHL - Extranodal,null,33042,Non-Hodgkin lymphoma,Lymphoma,"All sites except C024, C098-C099, C111, C142, C379, C422, C770-C779",9737
NHL - Extranodal,null,33042,Non-Hodgkin lymphoma,Lymphoma,"All sites except C024, C098-C099, C111, C142, C379, C422, C770-C779",9735
NHL - Extranodal,null,33042,Non-Hodgkin lymphoma,Lymphoma,"All sites except C024, C098-C099, C111, C142, C379, C422, C770-C779",9729
NHL - Extranodal,null,33042,Non-Hodgkin lymphoma,Lymphoma,"All sites except C024, C098-C099, C111, C142, C379, C422, C770-C779",9728
NHL - Extranodal,null,33042,Non-Hodgkin lymphoma,Lymphoma,"All sites except C024, C098-C099, C111, C142, C379, C422, C770-C779",9727
NHL - Extranodal,null,33042,Non-Hodgkin lymphoma,Lymphoma,"All sites except C024, C098-C099, C111, C142, C379, C422, C770-C779",9726
NHL - Extranodal,null,33042,Non-Hodgkin lymphoma,Lymphoma,"All sites except C024, C098-C099, C111, C142, C379, C422, C770-C779",9725
NHL - Extranodal,null,33042,Non-Hodgkin lymphoma,Lymphoma,"All sites except C024, C098-C099, C111, C142, C379, C422, C770-C779",9724
NHL - Extranodal,null,33042,Non-Hodgkin lymphoma,Lymphoma,"All sites except C024, C098-C099, C111, C142, C379, C422, C770-C779",9719
NHL - Extranodal,null,33042,Non-Hodgkin lymphoma,Lymphoma,"All sites except C024, C098-C099, C111, C142, C379, C422, C770-C779",9718
NHL - Extranodal,null,33042,Non-Hodgkin lymphoma,Lymphoma,"All sites except C024, C098-C099, C111, C142, C379, C422, C770-C779",9717
NHL - Extranodal,null,33042,Non-Hodgkin lymphoma,Lymphoma,"All sites except C024, C098-C099, C111, C142, C379, C422, C770-C779",9716
NHL - Extranodal,null,33042,Non-Hodgkin lymphoma,Lymphoma,"All sites except C024, C098-C099, C111, C142, C379, C422, C770-C779",9715
NHL - Extranodal,null,33042,Non-Hodgkin lymphoma,Lymphoma,"All sites except C024, C098-C099, C111, C142, C379, C422, C770-C779",9714
NHL - Extranodal,null,33042,Non-Hodgkin lymphoma,Lymphoma,"All sites except C024, C098-C099, C111, C142, C379, C422, C770-C779",9712
NHL - Extranodal,null,33042,Non-Hodgkin lymphoma,Lymphoma,"All sites except C024, C098-C099, C111, C142, C379, C422, C770-C779",9709
NHL - Extranodal,null,33042,Non-Hodgkin lymphoma,Lymphoma,"All sites except C024, C098-C099, C111, C142, C379, C422, C770-C779",9708
NHL - Extranodal,null,33042,Non-Hodgkin lymphoma,Lymphoma,"All sites except C024, C098-C099, C111, C142, C379, C422, C770-C779",9705
NHL - Extranodal,null,33042,Non-Hodgkin lymphoma,Lymphoma,"All sites except C024, C098-C099, C111, C142, C379, C422, C770-C779",9702
NHL - Extranodal,null,33042,Non-Hodgkin lymphoma,Lymphoma,"All sites except C024, C098-C099, C111, C142, C379, C422, C770-C779",9701
NHL - Extranodal,null,33042,Non-Hodgkin lymphoma,Lymphoma,"All sites except C024, C098-C099, C111, C142, C379, C422, C770-C779",9700
NHL - Extranodal,null,33042,Non-Hodgkin lymphoma,Lymphoma,"All sites except C024, C098-C099, C111, C142, C379, C422, C770-C779",9699
NHL - Extranodal,null,33042,Non-Hodgkin lymphoma,Lymphoma,"All sites except C024, C098-C099, C111, C142, C379, C422, C770-C779",9698
NHL - Extranodal,null,33042,Non-Hodgkin lymphoma,Lymphoma,"All sites except C024, C098-C099, C111, C142, C379, C422, C770-C779",9695
NHL - Extranodal,null,33042,Non-Hodgkin lymphoma,Lymphoma,"All sites except C024, C098-C099, C111, C142, C379, C422, C770-C779",9691
NHL - Extranodal,null,33042,Non-Hodgkin lymphoma,Lymphoma,"All sites except C024, C098-C099, C111, C142, C379, C422, C770-C779",9690
NHL - Extranodal,null,33042,Non-Hodgkin lymphoma,Lymphoma,"All sites except C024, C098-C099, C111, C142, C379, C422, C770-C779",9689
NHL - Extranodal,null,33042,Non-Hodgkin lymphoma,Lymphoma,"All sites except C024, C098-C099, C111, C142, C379, C422, C770-C779",9688
NHL - Extranodal,null,33042,Non-Hodgkin lymphoma,Lymphoma,"All sites except C024, C098-C099, C111, C142, C379, C422, C770-C779",9687
NHL - Extranodal,null,33042,Non-Hodgkin lymphoma,Lymphoma,"All sites except C024, C098-C099, C111, C142, C379, C422, C770-C779",9684
NHL - Extranodal,null,33042,Non-Hodgkin lymphoma,Lymphoma,"All sites except C024, C098-C099, C111, C142, C379, C422, C770-C779",9680
NHL - Extranodal,null,33042,Non-Hodgkin lymphoma,Lymphoma,"All sites except C024, C098-C099, C111, C142, C379, C422, C770-C779",9679
NHL - Extranodal,null,33042,Non-Hodgkin lymphoma,Lymphoma,"All sites except C024, C098-C099, C111, C142, C379, C422, C770-C779",9678
NHL - Extranodal,null,33042,Non-Hodgkin lymphoma,Lymphoma,"All sites except C024, C098-C099, C111, C142, C379, C422, C770-C779",9675
NHL - Extranodal,null,33042,Non-Hodgkin lymphoma,Lymphoma,"All sites except C024, C098-C099, C111, C142, C379, C422, C770-C779",9673
NHL - Extranodal,null,33042,Non-Hodgkin lymphoma,Lymphoma,"All sites except C024, C098-C099, C111, C142, C379, C422, C770-C779",9671
NHL - Extranodal,null,33042,Non-Hodgkin lymphoma,Lymphoma,"All sites except C024, C098-C099, C111, C142, C379, C422, C770-C779",9670
NHL - Extranodal,null,33042,Non-Hodgkin lymphoma,Lymphoma,"All sites except C024, C098-C099, C111, C142, C379, C422, C770-C779",9597
NHL - Extranodal,null,33042,Non-Hodgkin lymphoma,Lymphoma,"All sites except C024, C098-C099, C111, C142, C379, C422, C770-C779",9596
NHL - Extranodal,null,33042,Non-Hodgkin lymphoma,Lymphoma,"All sites except C024, C098-C099, C111, C142, C379, C422, C770-C779",9595
NHL - Extranodal,null,33042,Non-Hodgkin lymphoma,Lymphoma,"All sites except C024, C098-C099, C111, C142, C379, C422, C770-C779",9594
NHL - Extranodal,null,33042,Non-Hodgkin lymphoma,Lymphoma,"All sites except C024, C098-C099, C111, C142, C379, C422, C770-C779",9593
NHL - Extranodal,null,33042,Non-Hodgkin lymphoma,Lymphoma,"All sites except C024, C098-C099, C111, C142, C379, C422, C770-C779",9592
NHL - Extranodal,null,33042,Non-Hodgkin lymphoma,Lymphoma,"All sites except C024, C098-C099, C111, C142, C379, C422, C770-C779",9591
NHL - Extranodal,null,33042,Non-Hodgkin lymphoma,Lymphoma,"All sites except C024, C098-C099, C111, C142, C379, C422, C770-C779",9590
Myeloma,null,34000,Lymphocytic leukemia,Leukemia,null,9734
Myeloma,null,34000,Lymphocytic leukemia,Leukemia,null,9732
Myeloma,null,34000,Lymphocytic leukemia,Leukemia,null,9731
Acute Lymphocytic Leukemia,null,35011,Lymphocytic leukemia,Leukemia,"C420, C421, C424",9837
Acute Lymphocytic Leukemia,null,35011,Lymphocytic leukemia,Leukemia,"C420, C421, C424",9819
Acute Lymphocytic Leukemia,null,35011,Lymphocytic leukemia,Leukemia,"C420, C421, C424",9818
Acute Lymphocytic Leukemia,null,35011,Lymphocytic leukemia,Leukemia,"C420, C421, C424",9817
Acute Lymphocytic Leukemia,null,35011,Lymphocytic leukemia,Leukemia,"C420, C421, C424",9816
Acute Lymphocytic Leukemia,null,35011,Lymphocytic leukemia,Leukemia,"C420, C421, C424",9815
Acute Lymphocytic Leukemia,null,35011,Lymphocytic leukemia,Leukemia,"C420, C421, C424",9814
Acute Lymphocytic Leukemia,null,35011,Lymphocytic leukemia,Leukemia,"C420, C421, C424",9813
Acute Lymphocytic Leukemia,null,35011,Lymphocytic leukemia,Leukemia,"C420, C421, C424",9812
Acute Lymphocytic Leukemia,null,35011,Lymphocytic leukemia,Leukemia,"C420, C421, C424",9811
Acute Lymphocytic Leukemia,null,35011,Lymphocytic leukemia,Leukemia,null,9836
Acute Lymphocytic Leukemia,null,35011,Lymphocytic leukemia,Leukemia,null,9835
Acute Lymphocytic Leukemia,null,35011,Lymphocytic leukemia,Leukemia,null,9826
Acute Lymphocytic Leukemia,420,35011,Lymphocytic leukemia,Leukemia,"C420, C421, C424",9837
Acute Lymphocytic Leukemia,420,35011,Lymphocytic leukemia,Leukemia,"C420, C421, C424",9819
Acute Lymphocytic Leukemia,420,35011,Lymphocytic leukemia,Leukemia,"C420, C421, C424",9818
Acute Lymphocytic Leukemia,420,35011,Lymphocytic leukemia,Leukemia,"C420, C421, C424",9817
Acute Lymphocytic Leukemia,420,35011,Lymphocytic leukemia,Leukemia,"C420, C421, C424",9816
Acute Lymphocytic Leukemia,420,35011,Lymphocytic leukemia,Leukemia,"C420, C421, C424",9815
Acute Lymphocytic Leukemia,420,35011,Lymphocytic leukemia,Leukemia,"C420, C421, C424",9814
Acute Lymphocytic Leukemia,420,35011,Lymphocytic leukemia,Leukemia,"C420, C421, C424",9813
Acute Lymphocytic Leukemia,420,35011,Lymphocytic leukemia,Leukemia,"C420, C421, C424",9812
Acute Lymphocytic Leukemia,420,35011,Lymphocytic leukemia,Leukemia,"C420, C421, C424",9811
Acute Lymphocytic Leukemia,420,35011,Lymphocytic leukemia,Leukemia,null,9836
Acute Lymphocytic Leukemia,420,35011,Lymphocytic leukemia,Leukemia,null,9835
Acute Lymphocytic Leukemia,420,35011,Lymphocytic leukemia,Leukemia,null,9826
Acute Lymphocytic Leukemia,421,35011,Lymphocytic leukemia,Leukemia,"C420, C421, C424",9837
Acute Lymphocytic Leukemia,421,35011,Lymphocytic leukemia,Leukemia,"C420, C421, C424",9819
Acute Lymphocytic Leukemia,421,35011,Lymphocytic leukemia,Leukemia,"C420, C421, C424",9818
Acute Lymphocytic Leukemia,421,35011,Lymphocytic leukemia,Leukemia,"C420, C421, C424",9817
Acute Lymphocytic Leukemia,421,35011,Lymphocytic leukemia,Leukemia,"C420, C421, C424",9816
Acute Lymphocytic Leukemia,421,35011,Lymphocytic leukemia,Leukemia,"C420, C421, C424",9815
Acute Lymphocytic Leukemia,421,35011,Lymphocytic leukemia,Leukemia,"C420, C421, C424",9814
Acute Lymphocytic Leukemia,421,35011,Lymphocytic leukemia,Leukemia,"C420, C421, C424",9813
Acute Lymphocytic Leukemia,421,35011,Lymphocytic leukemia,Leukemia,"C420, C421, C424",9812
Acute Lymphocytic Leukemia,421,35011,Lymphocytic leukemia,Leukemia,"C420, C421, C424",9811
Acute Lymphocytic Leukemia,421,35011,Lymphocytic leukemia,Leukemia,null,9836
Acute Lymphocytic Leukemia,421,35011,Lymphocytic leukemia,Leukemia,null,9835
Acute Lymphocytic Leukemia,421,35011,Lymphocytic leukemia,Leukemia,null,9826
Acute Lymphocytic Leukemia,424,35011,Lymphocytic leukemia,Leukemia,"C420, C421, C424",9837
Acute Lymphocytic Leukemia,424,35011,Lymphocytic leukemia,Leukemia,"C420, C421, C424",9819
Acute Lymphocytic Leukemia,424,35011,Lymphocytic leukemia,Leukemia,"C420, C421, C424",9818
Acute Lymphocytic Leukemia,424,35011,Lymphocytic leukemia,Leukemia,"C420, C421, C424",9817
Acute Lymphocytic Leukemia,424,35011,Lymphocytic leukemia,Leukemia,"C420, C421, C424",9816
Acute Lymphocytic Leukemia,424,35011,Lymphocytic leukemia,Leukemia,"C420, C421, C424",9815
Acute Lymphocytic Leukemia,424,35011,Lymphocytic leukemia,Leukemia,"C420, C421, C424",9814
Acute Lymphocytic Leukemia,424,35011,Lymphocytic leukemia,Leukemia,"C420, C421, C424",9813
Acute Lymphocytic Leukemia,424,35011,Lymphocytic leukemia,Leukemia,"C420, C421, C424",9812
Acute Lymphocytic Leukemia,424,35011,Lymphocytic leukemia,Leukemia,"C420, C421, C424",9811
Acute Lymphocytic Leukemia,424,35011,Lymphocytic leukemia,Leukemia,null,9836
Acute Lymphocytic Leukemia,424,35011,Lymphocytic leukemia,Leukemia,null,9835
Acute Lymphocytic Leukemia,424,35011,Lymphocytic leukemia,Leukemia,null,9826
Chronic Lymphocytic Leukemia,420,35012,Lymphocytic leukemia,Leukemia,"C420, C421, C424",9823
Chronic Lymphocytic Leukemia,421,35012,Lymphocytic leukemia,Leukemia,"C420, C421, C424",9823
Chronic Lymphocytic Leukemia,424,35012,Lymphocytic leukemia,Leukemia,"C420, C421, C424",9823
Other Lymphocytic Leukemia,null,35013,Lymphocytic leukemia,Leukemia,null,9940
Other Lymphocytic Leukemia,null,35013,Lymphocytic leukemia,Leukemia,null,9834
Other Lymphocytic Leukemia,null,35013,Lymphocytic leukemia,Leukemia,null,9833
Other Lymphocytic Leukemia,null,35013,Lymphocytic leukemia,Leukemia,null,9832
Other Lymphocytic Leukemia,null,35013,Lymphocytic leukemia,Leukemia,null,9820
Acute Myeloid Leukemia,null,35021,Myeloid and Monocytic Leukemia,Leukemia,null,9920
Acute Myeloid Leukemia,null,35021,Myeloid and Monocytic Leukemia,Leukemia,null,9912
Acute Myeloid Leukemia,null,35021,Myeloid and Monocytic Leukemia,Leukemia,null,9911
Acute Myeloid Leukemia,null,35021,Myeloid and Monocytic Leukemia,Leukemia,null,9910
Acute Myeloid Leukemia,null,35021,Myeloid and Monocytic Leukemia,Leukemia,null,9898
Acute Myeloid Leukemia,null,35021,Myeloid and Monocytic Leukemia,Leukemia,null,9897
Acute Myeloid Leukemia,null,35021,Myeloid and Monocytic Leukemia,Leukemia,null,9896
Acute Myeloid Leukemia,null,35021,Myeloid and Monocytic Leukemia,Leukemia,null,9895
Acute Myeloid Leukemia,null,35021,Myeloid and Monocytic Leukemia,Leukemia,null,9879
Acute Myeloid Leukemia,null,35021,Myeloid and Monocytic Leukemia,Leukemia,null,9878
Acute Myeloid Leukemia,null,35021,Myeloid and Monocytic Leukemia,Leukemia,null,9877
Acute Myeloid Leukemia,null,35021,Myeloid and Monocytic Leukemia,Leukemia,null,9874
Acute Myeloid Leukemia,null,35021,Myeloid and Monocytic Leukemia,Leukemia,null,9873
Acute Myeloid Leukemia,null,35021,Myeloid and Monocytic Leukemia,Leukemia,null,9872
Acute Myeloid Leukemia,null,35021,Myeloid and Monocytic Leukemia,Leukemia,null,9871
Acute Myeloid Leukemia,null,35021,Myeloid and Monocytic Leukemia,Leukemia,null,9869
Acute Myeloid Leukemia,null,35021,Myeloid and Monocytic Leukemia,Leukemia,null,9867
Acute Myeloid Leukemia,null,35021,Myeloid and Monocytic Leukemia,Leukemia,null,9866
Acute Myeloid Leukemia,null,35021,Myeloid and Monocytic Leukemia,Leukemia,null,9865
Acute Myeloid Leukemia,null,35021,Myeloid and Monocytic Leukemia,Leukemia,null,9861
Acute Myeloid Leukemia,null,35021,Myeloid and Monocytic Leukemia,Leukemia,null,9840
Acute Monocytic Leukemia,null,35031,Myeloid and Monocytic Leukemia,Leukemia,null,9891
Chronic Myeloid Leukemia,null,35022,Myeloid and Monocytic Leukemia,Leukemia,null,9946
Chronic Myeloid Leukemia,null,35022,Myeloid and Monocytic Leukemia,Leukemia,null,9945
Chronic Myeloid Leukemia,null,35022,Myeloid and Monocytic Leukemia,Leukemia,null,9876
Chronic Myeloid Leukemia,null,35022,Myeloid and Monocytic Leukemia,Leukemia,null,9875
Chronic Myeloid Leukemia,null,35022,Myeloid and Monocytic Leukemia,Leukemia,null,9863
Other Myeloid/Monocytic Leukemia,null,35023,Myeloid and Monocytic Leukemia,Leukemia,null,9930
Other Myeloid/Monocytic Leukemia,null,35023,Myeloid and Monocytic Leukemia,Leukemia,null,9860
Other Acute Leukemia,null,35041,Other leukemia,Leukemia,null,9931
Other Acute Leukemia,null,35041,Other leukemia,Leukemia,null,9809
Other Acute Leukemia,null,35041,Other leukemia,Leukemia,null,9808
Other Acute Leukemia,null,35041,Other leukemia,Leukemia,null,9807
Other Acute Leukemia,null,35041,Other leukemia,Leukemia,null,9806
Other Acute Leukemia,null,35041,Other leukemia,Leukemia,null,9805
Other Acute Leukemia,null,35041,Other leukemia,Leukemia,null,9801
"Aleukemic, subleukemic and NOS",null,35043,Other leukemia,Leukemia,"C420, C421, C424",9827
"Aleukemic, subleukemic and NOS",null,35043,Other leukemia,Leukemia,null,9964
"Aleukemic, subleukemic and NOS",null,35043,Other leukemia,Leukemia,null,9963
"Aleukemic, subleukemic and NOS",null,35043,Other leukemia,Leukemia,null,9948
"Aleukemic, subleukemic and NOS",null,35043,Other leukemia,Leukemia,null,9870
"Aleukemic, subleukemic and NOS",null,35043,Other leukemia,Leukemia,null,9831
"Aleukemic, subleukemic and NOS",null,35043,Other leukemia,Leukemia,null,9800
"Aleukemic, subleukemic and NOS",null,35043,Other leukemia,Leukemia,null,9742
"Aleukemic, subleukemic and NOS",null,35043,Other leukemia,Leukemia,null,9733
"Aleukemic, subleukemic and NOS",420,35043,Other leukemia,Leukemia,"C420, C421, C424",9827
"Aleukemic, subleukemic and NOS",420,35043,Other leukemia,Leukemia,null,9964
"Aleukemic, subleukemic and NOS",420,35043,Other leukemia,Leukemia,null,9963
"Aleukemic, subleukemic and NOS",420,35043,Other leukemia,Leukemia,null,9948
"Aleukemic, subleukemic and NOS",420,35043,Other leukemia,Leukemia,null,9870
"Aleukemic, subleukemic and NOS",420,35043,Other leukemia,Leukemia,null,9831
"Aleukemic, subleukemic and NOS",420,35043,Other leukemia,Leukemia,null,9800
"Aleukemic, subleukemic and NOS",420,35043,Other leukemia,Leukemia,null,9742
"Aleukemic, subleukemic and NOS",420,35043,Other leukemia,Leukemia,null,9733
"Aleukemic, subleukemic and NOS",421,35043,Other leukemia,Leukemia,"C420, C421, C424",9827
"Aleukemic, subleukemic and NOS",421,35043,Other leukemia,Leukemia,null,9964
"Aleukemic, subleukemic and NOS",421,35043,Other leukemia,Leukemia,null,9963
"Aleukemic, subleukemic and NOS",421,35043,Other leukemia,Leukemia,null,9948
"Aleukemic, subleukemic and NOS",421,35043,Other leukemia,Leukemia,null,9870
"Aleukemic, subleukemic and NOS",421,35043,Other leukemia,Leukemia,null,9831
"Aleukemic, subleukemic and NOS",421,35043,Other leukemia,Leukemia,null,9800
"Aleukemic, subleukemic and NOS",421,35043,Other leukemia,Leukemia,null,9742
"Aleukemic, subleukemic and NOS",421,35043,Other leukemia,Leukemia,null,9733
"Aleukemic, subleukemic and NOS",424,35043,Other leukemia,Leukemia,"C420, C421, C424",9827
"Aleukemic, subleukemic and NOS",424,35043,Other leukemia,Leukemia,null,9964
"Aleukemic, subleukemic and NOS",424,35043,Other leukemia,Leukemia,null,9963
"Aleukemic, subleukemic and NOS",424,35043,Other leukemia,Leukemia,null,9948
"Aleukemic, subleukemic and NOS",424,35043,Other leukemia,Leukemia,null,9870
"Aleukemic, subleukemic and NOS",424,35043,Other leukemia,Leukemia,null,9831
"Aleukemic, subleukemic and NOS",424,35043,Other leukemia,Leukemia,null,9800
"Aleukemic, subleukemic and NOS",424,35043,Other leukemia,Leukemia,null,9742
"Aleukemic, subleukemic and NOS",424,35043,Other leukemia,Leukemia,null,9733
Mesothelioma,null,36010,Mesothelioma,Mesothelioma,null,9055
Mesothelioma,null,36010,Mesothelioma,Mesothelioma,null,9054
Mesothelioma,null,36010,Mesothelioma,Mesothelioma,null,9053
Mesothelioma,null,36010,Mesothelioma,Mesothelioma,null,9052
Mesothelioma,null,36010,Mesothelioma,Mesothelioma,null,9051
Mesothelioma,null,36010,Mesothelioma,Mesothelioma,null,9050
Kaposi Sarcoma,null,36020,Kaposi Sarcoma,Kaposi Sarcoma,null,9140
Miscellaneous,760,37000,Miscellaneous,Miscellaneous,null,null
Miscellaneous,760,37000,Miscellaneous,Miscellaneous,null,9993
Miscellaneous,760,37000,Miscellaneous,Miscellaneous,null,9992
Miscellaneous,760,37000,Miscellaneous,Miscellaneous,null,9991
Miscellaneous,760,37000,Miscellaneous,Miscellaneous,null,9989
Miscellaneous,760,37000,Miscellaneous,Miscellaneous,null,9987
Miscellaneous,760,37000,Miscellaneous,Miscellaneous,null,9986
Miscellaneous,760,37000,Miscellaneous,Miscellaneous,null,9985
Miscellaneous,760,37000,Miscellaneous,Miscellaneous,null,9984
Miscellaneous,760,37000,Miscellaneous,Miscellaneous,null,9983
Miscellaneous,760,37000,Miscellaneous,Miscellaneous,null,9982
Miscellaneous,760,37000,Miscellaneous,Miscellaneous,null,9980
Miscellaneous,760,37000,Miscellaneous,Miscellaneous,null,9975
Miscellaneous,760,37000,Miscellaneous,Miscellaneous,null,9971
Miscellaneous,760,37000,Miscellaneous,Miscellaneous,null,9970
Miscellaneous,760,37000,Miscellaneous,Miscellaneous,null,9968
Miscellaneous,760,37000,Miscellaneous,Miscellaneous,null,9967
Miscellaneous,760,37000,Miscellaneous,Miscellaneous,null,9966
Miscellaneous,760,37000,Miscellaneous,Miscellaneous,null,9965
Miscellaneous,760,37000,Miscellaneous,Miscellaneous,null,9962
Miscellaneous,760,37000,Miscellaneous,Miscellaneous,null,9961
Miscellaneous,760,37000,Miscellaneous,Miscellaneous,null,9960
Miscellaneous,760,37000,Miscellaneous,Miscellaneous,null,9950
Miscellaneous,760,37000,Miscellaneous,Miscellaneous,null,9769
Miscellaneous,760,37000,Miscellaneous,Miscellaneous,null,9768
Miscellaneous,760,37000,Miscellaneous,Miscellaneous,null,9767
Miscellaneous,760,37000,Miscellaneous,Miscellaneous,null,9766
Miscellaneous,760,37000,Miscellaneous,Miscellaneous,null,9765
Miscellaneous,760,37000,Miscellaneous,Miscellaneous,null,9764
Miscellaneous,760,37000,Miscellaneous,Miscellaneous,null,9763
Miscellaneous,760,37000,Miscellaneous,Miscellaneous,null,9762
Miscellaneous,760,37000,Miscellaneous,Miscellaneous,null,9761
Miscellaneous,760,37000,Miscellaneous,Miscellaneous,null,9760
Miscellaneous,760,37000,Miscellaneous,Miscellaneous,null,9759
Miscellaneous,760,37000,Miscellaneous,Miscellaneous,null,9758
Miscellaneous,760,37000,Miscellaneous,Miscellaneous,null,9757
Miscellaneous,760,37000,Miscellaneous,Miscellaneous,null,9756
Miscellaneous,760,37000,Miscellaneous,Miscellaneous,null,9755
Miscellaneous,760,37000,Miscellaneous,Miscellaneous,null,9754
Miscellaneous,760,37000,Miscellaneous,Miscellaneous,null,9753
Miscellaneous,760,37000,Miscellaneous,Miscellaneous,null,9752
Miscellaneous,760,37000,Miscellaneous,Miscellaneous,null,9751
Miscellaneous,760,37000,Miscellaneous,Miscellaneous,null,9750
Miscellaneous,760,37000,Miscellaneous,Miscellaneous,null,9749
Miscellaneous,760,37000,Miscellaneous,Miscellaneous,null,9741
Miscellaneous,760,37000,Miscellaneous,Miscellaneous,null,9740
Miscellaneous,761,37000,Miscellaneous,Miscellaneous,null,null
Miscellaneous,761,37000,Miscellaneous,Miscellaneous,null,9993
Miscellaneous,761,37000,Miscellaneous,Miscellaneous,null,9992
Miscellaneous,761,37000,Miscellaneous,Miscellaneous,null,9991
Miscellaneous,761,37000,Miscellaneous,Miscellaneous,null,9989
Miscellaneous,761,37000,Miscellaneous,Miscellaneous,null,9987
Miscellaneous,761,37000,Miscellaneous,Miscellaneous,null,9986
Miscellaneous,761,37000,Miscellaneous,Miscellaneous,null,9985
Miscellaneous,761,37000,Miscellaneous,Miscellaneous,null,9984
Miscellaneous,761,37000,Miscellaneous,Miscellaneous,null,9983
Miscellaneous,761,37000,Miscellaneous,Miscellaneous,null,9982
Miscellaneous,761,37000,Miscellaneous,Miscellaneous,null,9980
Miscellaneous,761,37000,Miscellaneous,Miscellaneous,null,9975
Miscellaneous,761,37000,Miscellaneous,Miscellaneous,null,9971
Miscellaneous,761,37000,Miscellaneous,Miscellaneous,null,9970
Miscellaneous,761,37000,Miscellaneous,Miscellaneous,null,9968
Miscellaneous,761,37000,Miscellaneous,Miscellaneous,null,9967
Miscellaneous,761,37000,Miscellaneous,Miscellaneous,null,9966
Miscellaneous,761,37000,Miscellaneous,Miscellaneous,null,9965
Miscellaneous,761,37000,Miscellaneous,Miscellaneous,null,9962
Miscellaneous,761,37000,Miscellaneous,Miscellaneous,null,9961
Miscellaneous,761,37000,Miscellaneous,Miscellaneous,null,9960
Miscellaneous,761,37000,Miscellaneous,Miscellaneous,null,9950
Miscellaneous,761,37000,Miscellaneous,Miscellaneous,null,9769
Miscellaneous,761,37000,Miscellaneous,Miscellaneous,null,9768
Miscellaneous,761,37000,Miscellaneous,Miscellaneous,null,9767
Miscellaneous,761,37000,Miscellaneous,Miscellaneous,null,9766
Miscellaneous,761,37000,Miscellaneous,Miscellaneous,null,9765
Miscellaneous,761,37000,Miscellaneous,Miscellaneous,null,9764
Miscellaneous,761,37000,Miscellaneous,Miscellaneous,null,9763
Miscellaneous,761,37000,Miscellaneous,Miscellaneous,null,9762
Miscellaneous,761,37000,Miscellaneous,Miscellaneous,null,9761
Miscellaneous,761,37000,Miscellaneous,Miscellaneous,null,9760
Miscellaneous,761,37000,Miscellaneous,Miscellaneous,null,9759
Miscellaneous,761,37000,Miscellaneous,Miscellaneous,null,9758
Miscellaneous,761,37000,Miscellaneous,Miscellaneous,null,9757
Miscellaneous,761,37000,Miscellaneous,Miscellaneous,null,9756
Miscellaneous,761,37000,Miscellaneous,Miscellaneous,null,9755
Miscellaneous,761,37000,Miscellaneous,Miscellaneous,null,9754
Miscellaneous,761,37000,Miscellaneous,Miscellaneous,null,9753
Miscellaneous,761,37000,Miscellaneous,Miscellaneous,null,9752
Miscellaneous,761,37000,Miscellaneous,Miscellaneous,null,9751
Miscellaneous,761,37000,Miscellaneous,Miscellaneous,null,9750
Miscellaneous,761,37000,Miscellaneous,Miscellaneous,null,9749
Miscellaneous,761,37000,Miscellaneous,Miscellaneous,null,9741
Miscellaneous,761,37000,Miscellaneous,Miscellaneous,null,9740
Miscellaneous,762,37000,Miscellaneous,Miscellaneous,null,null
Miscellaneous,762,37000,Miscellaneous,Miscellaneous,null,9993
Miscellaneous,762,37000,Miscellaneous,Miscellaneous,null,9992
Miscellaneous,762,37000,Miscellaneous,Miscellaneous,null,9991
Miscellaneous,762,37000,Miscellaneous,Miscellaneous,null,9989
Miscellaneous,762,37000,Miscellaneous,Miscellaneous,null,9987
Miscellaneous,762,37000,Miscellaneous,Miscellaneous,null,9986
Miscellaneous,762,37000,Miscellaneous,Miscellaneous,null,9985
Miscellaneous,762,37000,Miscellaneous,Miscellaneous,null,9984
Miscellaneous,762,37000,Miscellaneous,Miscellaneous,null,9983
Miscellaneous,762,37000,Miscellaneous,Miscellaneous,null,9982
Miscellaneous,762,37000,Miscellaneous,Miscellaneous,null,9980
Miscellaneous,762,37000,Miscellaneous,Miscellaneous,null,9975
Miscellaneous,762,37000,Miscellaneous,Miscellaneous,null,9971
Miscellaneous,762,37000,Miscellaneous,Miscellaneous,null,9970
Miscellaneous,762,37000,Miscellaneous,Miscellaneous,null,9968
Miscellaneous,762,37000,Miscellaneous,Miscellaneous,null,9967
Miscellaneous,762,37000,Miscellaneous,Miscellaneous,null,9966
Miscellaneous,762,37000,Miscellaneous,Miscellaneous,null,9965
Miscellaneous,762,37000,Miscellaneous,Miscellaneous,null,9962
Miscellaneous,762,37000,Miscellaneous,Miscellaneous,null,9961
Miscellaneous,762,37000,Miscellaneous,Miscellaneous,null,9960
Miscellaneous,762,37000,Miscellaneous,Miscellaneous,null,9950
Miscellaneous,762,37000,Miscellaneous,Miscellaneous,null,9769
Miscellaneous,762,37000,Miscellaneous,Miscellaneous,null,9768
Miscellaneous,762,37000,Miscellaneous,Miscellaneous,null,9767
Miscellaneous,762,37000,Miscellaneous,Miscellaneous,null,9766
Miscellaneous,762,37000,Miscellaneous,Miscellaneous,null,9765
Miscellaneous,762,37000,Miscellaneous,Miscellaneous,null,9764
Miscellaneous,762,37000,Miscellaneous,Miscellaneous,null,9763
Miscellaneous,762,37000,Miscellaneous,Miscellaneous,null,9762
Miscellaneous,762,37000,Miscellaneous,Miscellaneous,null,9761
Miscellaneous,762,37000,Miscellaneous,Miscellaneous,null,9760
Miscellaneous,762,37000,Miscellaneous,Miscellaneous,null,9759
Miscellaneous,762,37000,Miscellaneous,Miscellaneous,null,9758
Miscellaneous,762,37000,Miscellaneous,Miscellaneous,null,9757
Miscellaneous,762,37000,Miscellaneous,Miscellaneous,null,9756
Miscellaneous,762,37000,Miscellaneous,Miscellaneous,null,9755
Miscellaneous,762,37000,Miscellaneous,Miscellaneous,null,9754
Miscellaneous,762,37000,Miscellaneous,Miscellaneous,null,9753
Miscellaneous,762,37000,Miscellaneous,Miscellaneous,null,9752
Miscellaneous,762,37000,Miscellaneous,Miscellaneous,null,9751
Miscellaneous,762,37000,Miscellaneous,Miscellaneous,null,9750
Miscellaneous,762,37000,Miscellaneous,Miscellaneous,null,9749
Miscellaneous,762,37000,Miscellaneous,Miscellaneous,null,9741
Miscellaneous,762,37000,Miscellaneous,Miscellaneous,null,9740
Miscellaneous,763,37000,Miscellaneous,Miscellaneous,null,null
Miscellaneous,763,37000,Miscellaneous,Miscellaneous,null,9993
Miscellaneous,763,37000,Miscellaneous,Miscellaneous,null,9992
Miscellaneous,763,37000,Miscellaneous,Miscellaneous,null,9991
Miscellaneous,763,37000,Miscellaneous,Miscellaneous,null,9989
Miscellaneous,763,37000,Miscellaneous,Miscellaneous,null,9987
Miscellaneous,763,37000,Miscellaneous,Miscellaneous,null,9986
Miscellaneous,763,37000,Miscellaneous,Miscellaneous,null,9985
Miscellaneous,763,37000,Miscellaneous,Miscellaneous,null,9984
Miscellaneous,763,37000,Miscellaneous,Miscellaneous,null,9983
Miscellaneous,763,37000,Miscellaneous,Miscellaneous,null,9982
Miscellaneous,763,37000,Miscellaneous,Miscellaneous,null,9980
Miscellaneous,763,37000,Miscellaneous,Miscellaneous,null,9975
Miscellaneous,763,37000,Miscellaneous,Miscellaneous,null,9971
Miscellaneous,763,37000,Miscellaneous,Miscellaneous,null,9970
Miscellaneous,763,37000,Miscellaneous,Miscellaneous,null,9968
Miscellaneous,763,37000,Miscellaneous,Miscellaneous,null,9967
Miscellaneous,763,37000,Miscellaneous,Miscellaneous,null,9966
Miscellaneous,763,37000,Miscellaneous,Miscellaneous,null,9965
Miscellaneous,763,37000,Miscellaneous,Miscellaneous,null,9962
Miscellaneous,763,37000,Miscellaneous,Miscellaneous,null,9961
Miscellaneous,763,37000,Miscellaneous,Miscellaneous,null,9960
Miscellaneous,763,37000,Miscellaneous,Miscellaneous,null,9950
Miscellaneous,763,37000,Miscellaneous,Miscellaneous,null,9769
Miscellaneous,763,37000,Miscellaneous,Miscellaneous,null,9768
Miscellaneous,763,37000,Miscellaneous,Miscellaneous,null,9767
Miscellaneous,763,37000,Miscellaneous,Miscellaneous,null,9766
Miscellaneous,763,37000,Miscellaneous,Miscellaneous,null,9765
Miscellaneous,763,37000,Miscellaneous,Miscellaneous,null,9764
Miscellaneous,763,37000,Miscellaneous,Miscellaneous,null,9763
Miscellaneous,763,37000,Miscellaneous,Miscellaneous,null,9762
Miscellaneous,763,37000,Miscellaneous,Miscellaneous,null,9761
Miscellaneous,763,37000,Miscellaneous,Miscellaneous,null,9760
Miscellaneous,763,37000,Miscellaneous,Miscellaneous,null,9759
Miscellaneous,763,37000,Miscellaneous,Miscellaneous,null,9758
Miscellaneous,763,37000,Miscellaneous,Miscellaneous,null,9757
Miscellaneous,763,37000,Miscellaneous,Miscellaneous,null,9756
Miscellaneous,763,37000,Miscellaneous,Miscellaneous,null,9755
Miscellaneous,763,37000,Miscellaneous,Miscellaneous,null,9754
Miscellaneous,763,37000,Miscellaneous,Miscellaneous,null,9753
Miscellaneous,763,37000,Miscellaneous,Miscellaneous,null,9752
Miscellaneous,763,37000,Miscellaneous,Miscellaneous,null,9751
Miscellaneous,763,37000,Miscellaneous,Miscellaneous,null,9750
Miscellaneous,763,37000,Miscellaneous,Miscellaneous,null,9749
Miscellaneous,763,37000,Miscellaneous,Miscellaneous,null,9741
Miscellaneous,763,37000,Miscellaneous,Miscellaneous,null,9740
Miscellaneous,764,37000,Miscellaneous,Miscellaneous,null,null
Miscellaneous,764,37000,Miscellaneous,Miscellaneous,null,9993
Miscellaneous,764,37000,Miscellaneous,Miscellaneous,null,9992
Miscellaneous,764,37000,Miscellaneous,Miscellaneous,null,9991
Miscellaneous,764,37000,Miscellaneous,Miscellaneous,null,9989
Miscellaneous,764,37000,Miscellaneous,Miscellaneous,null,9987
Miscellaneous,764,37000,Miscellaneous,Miscellaneous,null,9986
Miscellaneous,764,37000,Miscellaneous,Miscellaneous,null,9985
Miscellaneous,764,37000,Miscellaneous,Miscellaneous,null,9984
Miscellaneous,764,37000,Miscellaneous,Miscellaneous,null,9983
Miscellaneous,764,37000,Miscellaneous,Miscellaneous,null,9982
Miscellaneous,764,37000,Miscellaneous,Miscellaneous,null,9980
Miscellaneous,764,37000,Miscellaneous,Miscellaneous,null,9975
Miscellaneous,764,37000,Miscellaneous,Miscellaneous,null,9971
Miscellaneous,764,37000,Miscellaneous,Miscellaneous,null,9970
Miscellaneous,764,37000,Miscellaneous,Miscellaneous,null,9968
Miscellaneous,764,37000,Miscellaneous,Miscellaneous,null,9967
Miscellaneous,764,37000,Miscellaneous,Miscellaneous,null,9966
Miscellaneous,764,37000,Miscellaneous,Miscellaneous,null,9965
Miscellaneous,764,37000,Miscellaneous,Miscellaneous,null,9962
Miscellaneous,764,37000,Miscellaneous,Miscellaneous,null,9961
Miscellaneous,764,37000,Miscellaneous,Miscellaneous,null,9960
Miscellaneous,764,37000,Miscellaneous,Miscellaneous,null,9950
Miscellaneous,764,37000,Miscellaneous,Miscellaneous,null,9769
Miscellaneous,764,37000,Miscellaneous,Miscellaneous,null,9768
Miscellaneous,764,37000,Miscellaneous,Miscellaneous,null,9767
Miscellaneous,764,37000,Miscellaneous,Miscellaneous,null,9766
Miscellaneous,764,37000,Miscellaneous,Miscellaneous,null,9765
Miscellaneous,764,37000,Miscellaneous,Miscellaneous,null,9764
Miscellaneous,764,37000,Miscellaneous,Miscellaneous,null,9763
Miscellaneous,764,37000,Miscellaneous,Miscellaneous,null,9762
Miscellaneous,764,37000,Miscellaneous,Miscellaneous,null,9761
Miscellaneous,764,37000,Miscellaneous,Miscellaneous,null,9760
Miscellaneous,764,37000,Miscellaneous,Miscellaneous,null,9759
Miscellaneous,764,37000,Miscellaneous,Miscellaneous,null,9758
Miscellaneous,764,37000,Miscellaneous,Miscellaneous,null,9757
Miscellaneous,764,37000,Miscellaneous,Miscellaneous,null,9756
Miscellaneous,764,37000,Miscellaneous,Miscellaneous,null,9755
Miscellaneous,764,37000,Miscellaneous,Miscellaneous,null,9754
Miscellaneous,764,37000,Miscellaneous,Miscellaneous,null,9753
Miscellaneous,764,37000,Miscellaneous,Miscellaneous,null,9752
Miscellaneous,764,37000,Miscellaneous,Miscellaneous,null,9751
Miscellaneous,764,37000,Miscellaneous,Miscellaneous,null,9750
Miscellaneous,764,37000,Miscellaneous,Miscellaneous,null,9749
Miscellaneous,764,37000,Miscellaneous,Miscellaneous,null,9741
Miscellaneous,764,37000,Miscellaneous,Miscellaneous,null,9740
Miscellaneous,765,37000,Miscellaneous,Miscellaneous,null,null
Miscellaneous,765,37000,Miscellaneous,Miscellaneous,null,9993
Miscellaneous,765,37000,Miscellaneous,Miscellaneous,null,9992
Miscellaneous,765,37000,Miscellaneous,Miscellaneous,null,9991
Miscellaneous,765,37000,Miscellaneous,Miscellaneous,null,9989
Miscellaneous,765,37000,Miscellaneous,Miscellaneous,null,9987
Miscellaneous,765,37000,Miscellaneous,Miscellaneous,null,9986
Miscellaneous,765,37000,Miscellaneous,Miscellaneous,null,9985
Miscellaneous,765,37000,Miscellaneous,Miscellaneous,null,9984
Miscellaneous,765,37000,Miscellaneous,Miscellaneous,null,9983
Miscellaneous,765,37000,Miscellaneous,Miscellaneous,null,9982
Miscellaneous,765,37000,Miscellaneous,Miscellaneous,null,9980
Miscellaneous,765,37000,Miscellaneous,Miscellaneous,null,9975
Miscellaneous,765,37000,Miscellaneous,Miscellaneous,null,9971
Miscellaneous,765,37000,Miscellaneous,Miscellaneous,null,9970
Miscellaneous,765,37000,Miscellaneous,Miscellaneous,null,9968
Miscellaneous,765,37000,Miscellaneous,Miscellaneous,null,9967
Miscellaneous,765,37000,Miscellaneous,Miscellaneous,null,9966
Miscellaneous,765,37000,Miscellaneous,Miscellaneous,null,9965
Miscellaneous,765,37000,Miscellaneous,Miscellaneous,null,9962
Miscellaneous,765,37000,Miscellaneous,Miscellaneous,null,9961
Miscellaneous,765,37000,Miscellaneous,Miscellaneous,null,9960
Miscellaneous,765,37000,Miscellaneous,Miscellaneous,null,9950
Miscellaneous,765,37000,Miscellaneous,Miscellaneous,null,9769
Miscellaneous,765,37000,Miscellaneous,Miscellaneous,null,9768
Miscellaneous,765,37000,Miscellaneous,Miscellaneous,null,9767
Miscellaneous,765,37000,Miscellaneous,Miscellaneous,null,9766
Miscellaneous,765,37000,Miscellaneous,Miscellaneous,null,9765
Miscellaneous,765,37000,Miscellaneous,Miscellaneous,null,9764
Miscellaneous,765,37000,Miscellaneous,Miscellaneous,null,9763
Miscellaneous,765,37000,Miscellaneous,Miscellaneous,null,9762
Miscellaneous,765,37000,Miscellaneous,Miscellaneous,null,9761
Miscellaneous,765,37000,Miscellaneous,Miscellaneous,null,9760
Miscellaneous,765,37000,Miscellaneous,Miscellaneous,null,9759
Miscellaneous,765,37000,Miscellaneous,Miscellaneous,null,9758
Miscellaneous,765,37000,Miscellaneous,Miscellaneous,null,9757
Miscellaneous,765,37000,Miscellaneous,Miscellaneous,null,9756
Miscellaneous,765,37000,Miscellaneous,Miscellaneous,null,9755
Miscellaneous,765,37000,Miscellaneous,Miscellaneous,null,9754
Miscellaneous,765,37000,Miscellaneous,Miscellaneous,null,9753
Miscellaneous,765,37000,Miscellaneous,Miscellaneous,null,9752
Miscellaneous,765,37000,Miscellaneous,Miscellaneous,null,9751
Miscellaneous,765,37000,Miscellaneous,Miscellaneous,null,9750
Miscellaneous,765,37000,Miscellaneous,Miscellaneous,null,9749
Miscellaneous,765,37000,Miscellaneous,Miscellaneous,null,9741
Miscellaneous,765,37000,Miscellaneous,Miscellaneous,null,9740
Miscellaneous,766,37000,Miscellaneous,Miscellaneous,null,null
Miscellaneous,766,37000,Miscellaneous,Miscellaneous,null,9993
Miscellaneous,766,37000,Miscellaneous,Miscellaneous,null,9992
Miscellaneous,766,37000,Miscellaneous,Miscellaneous,null,9991
Miscellaneous,766,37000,Miscellaneous,Miscellaneous,null,9989
Miscellaneous,766,37000,Miscellaneous,Miscellaneous,null,9987
Miscellaneous,766,37000,Miscellaneous,Miscellaneous,null,9986
Miscellaneous,766,37000,Miscellaneous,Miscellaneous,null,9985
Miscellaneous,766,37000,Miscellaneous,Miscellaneous,null,9984
Miscellaneous,766,37000,Miscellaneous,Miscellaneous,null,9983
Miscellaneous,766,37000,Miscellaneous,Miscellaneous,null,9982
Miscellaneous,766,37000,Miscellaneous,Miscellaneous,null,9980
Miscellaneous,766,37000,Miscellaneous,Miscellaneous,null,9975
Miscellaneous,766,37000,Miscellaneous,Miscellaneous,null,9971
Miscellaneous,766,37000,Miscellaneous,Miscellaneous,null,9970
Miscellaneous,766,37000,Miscellaneous,Miscellaneous,null,9968
Miscellaneous,766,37000,Miscellaneous,Miscellaneous,null,9967
Miscellaneous,766,37000,Miscellaneous,Miscellaneous,null,9966
Miscellaneous,766,37000,Miscellaneous,Miscellaneous,null,9965
Miscellaneous,766,37000,Miscellaneous,Miscellaneous,null,9962
Miscellaneous,766,37000,Miscellaneous,Miscellaneous,null,9961
Miscellaneous,766,37000,Miscellaneous,Miscellaneous,null,9960
Miscellaneous,766,37000,Miscellaneous,Miscellaneous,null,9950
Miscellaneous,766,37000,Miscellaneous,Miscellaneous,null,9769
Miscellaneous,766,37000,Miscellaneous,Miscellaneous,null,9768
Miscellaneous,766,37000,Miscellaneous,Miscellaneous,null,9767
Miscellaneous,766,37000,Miscellaneous,Miscellaneous,null,9766
Miscellaneous,766,37000,Miscellaneous,Miscellaneous,null,9765
Miscellaneous,766,37000,Miscellaneous,Miscellaneous,null,9764
Miscellaneous,766,37000,Miscellaneous,Miscellaneous,null,9763
Miscellaneous,766,37000,Miscellaneous,Miscellaneous,null,9762
Miscellaneous,766,37000,Miscellaneous,Miscellaneous,null,9761
Miscellaneous,766,37000,Miscellaneous,Miscellaneous,null,9760
Miscellaneous,766,37000,Miscellaneous,Miscellaneous,null,9759
Miscellaneous,766,37000,Miscellaneous,Miscellaneous,null,9758
Miscellaneous,766,37000,Miscellaneous,Miscellaneous,null,9757
Miscellaneous,766,37000,Miscellaneous,Miscellaneous,null,9756
Miscellaneous,766,37000,Miscellaneous,Miscellaneous,null,9755
Miscellaneous,766,37000,Miscellaneous,Miscellaneous,null,9754
Miscellaneous,766,37000,Miscellaneous,Miscellaneous,null,9753
Miscellaneous,766,37000,Miscellaneous,Miscellaneous,null,9752
Miscellaneous,766,37000,Miscellaneous,Miscellaneous,null,9751
Miscellaneous,766,37000,Miscellaneous,Miscellaneous,null,9750
Miscellaneous,766,37000,Miscellaneous,Miscellaneous,null,9749
Miscellaneous,766,37000,Miscellaneous,Miscellaneous,null,9741
Miscellaneous,766,37000,Miscellaneous,Miscellaneous,null,9740
Miscellaneous,767,37000,Miscellaneous,Miscellaneous,null,null
Miscellaneous,767,37000,Miscellaneous,Miscellaneous,null,9993
Miscellaneous,767,37000,Miscellaneous,Miscellaneous,null,9992
Miscellaneous,767,37000,Miscellaneous,Miscellaneous,null,9991
Miscellaneous,767,37000,Miscellaneous,Miscellaneous,null,9989
Miscellaneous,767,37000,Miscellaneous,Miscellaneous,null,9987
Miscellaneous,767,37000,Miscellaneous,Miscellaneous,null,9986
Miscellaneous,767,37000,Miscellaneous,Miscellaneous,null,9985
Miscellaneous,767,37000,Miscellaneous,Miscellaneous,null,9984
Miscellaneous,767,37000,Miscellaneous,Miscellaneous,null,9983
Miscellaneous,767,37000,Miscellaneous,Miscellaneous,null,9982
Miscellaneous,767,37000,Miscellaneous,Miscellaneous,null,9980
Miscellaneous,767,37000,Miscellaneous,Miscellaneous,null,9975
Miscellaneous,767,37000,Miscellaneous,Miscellaneous,null,9971
Miscellaneous,767,37000,Miscellaneous,Miscellaneous,null,9970
Miscellaneous,767,37000,Miscellaneous,Miscellaneous,null,9968
Miscellaneous,767,37000,Miscellaneous,Miscellaneous,null,9967
Miscellaneous,767,37000,Miscellaneous,Miscellaneous,null,9966
Miscellaneous,767,37000,Miscellaneous,Miscellaneous,null,9965
Miscellaneous,767,37000,Miscellaneous,Miscellaneous,null,9962
Miscellaneous,767,37000,Miscellaneous,Miscellaneous,null,9961
Miscellaneous,767,37000,Miscellaneous,Miscellaneous,null,9960
Miscellaneous,767,37000,Miscellaneous,Miscellaneous,null,9950
Miscellaneous,767,37000,Miscellaneous,Miscellaneous,null,9769
Miscellaneous,767,37000,Miscellaneous,Miscellaneous,null,9768
Miscellaneous,767,37000,Miscellaneous,Miscellaneous,null,9767
Miscellaneous,767,37000,Miscellaneous,Miscellaneous,null,9766
Miscellaneous,767,37000,Miscellaneous,Miscellaneous,null,9765
Miscellaneous,767,37000,Miscellaneous,Miscellaneous,null,9764
Miscellaneous,767,37000,Miscellaneous,Miscellaneous,null,9763
Miscellaneous,767,37000,Miscellaneous,Miscellaneous,null,9762
Miscellaneous,767,37000,Miscellaneous,Miscellaneous,null,9761
Miscellaneous,767,37000,Miscellaneous,Miscellaneous,null,9760
Miscellaneous,767,37000,Miscellaneous,Miscellaneous,null,9759
Miscellaneous,767,37000,Miscellaneous,Miscellaneous,null,9758
Miscellaneous,767,37000,Miscellaneous,Miscellaneous,null,9757
Miscellaneous,767,37000,Miscellaneous,Miscellaneous,null,9756
Miscellaneous,767,37000,Miscellaneous,Miscellaneous,null,9755
Miscellaneous,767,37000,Miscellaneous,Miscellaneous,null,9754
Miscellaneous,767,37000,Miscellaneous,Miscellaneous,null,9753
Miscellaneous,767,37000,Miscellaneous,Miscellaneous,null,9752
Miscellaneous,767,37000,Miscellaneous,Miscellaneous,null,9751
Miscellaneous,767,37000,Miscellaneous,Miscellaneous,null,9750
Miscellaneous,767,37000,Miscellaneous,Miscellaneous,null,9749
Miscellaneous,767,37000,Miscellaneous,Miscellaneous,null,9741
Miscellaneous,767,37000,Miscellaneous,Miscellaneous,null,9740
Miscellaneous,768,37000,Miscellaneous,Miscellaneous,null,null
Miscellaneous,768,37000,Miscellaneous,Miscellaneous,null,9993
Miscellaneous,768,37000,Miscellaneous,Miscellaneous,null,9992
Miscellaneous,768,37000,Miscellaneous,Miscellaneous,null,9991
Miscellaneous,768,37000,Miscellaneous,Miscellaneous,null,9989
Miscellaneous,768,37000,Miscellaneous,Miscellaneous,null,9987
Miscellaneous,768,37000,Miscellaneous,Miscellaneous,null,9986
Miscellaneous,768,37000,Miscellaneous,Miscellaneous,null,9985
Miscellaneous,768,37000,Miscellaneous,Miscellaneous,null,9984
Miscellaneous,768,37000,Miscellaneous,Miscellaneous,null,9983
Miscellaneous,768,37000,Miscellaneous,Miscellaneous,null,9982
Miscellaneous,768,37000,Miscellaneous,Miscellaneous,null,9980
Miscellaneous,768,37000,Miscellaneous,Miscellaneous,null,9975
Miscellaneous,768,37000,Miscellaneous,Miscellaneous,null,9971
Miscellaneous,768,37000,Miscellaneous,Miscellaneous,null,9970
Miscellaneous,768,37000,Miscellaneous,Miscellaneous,null,9968
Miscellaneous,768,37000,Miscellaneous,Miscellaneous,null,9967
Miscellaneous,768,37000,Miscellaneous,Miscellaneous,null,9966
Miscellaneous,768,37000,Miscellaneous,Miscellaneous,null,9965
Miscellaneous,768,37000,Miscellaneous,Miscellaneous,null,9962
Miscellaneous,768,37000,Miscellaneous,Miscellaneous,null,9961
Miscellaneous,768,37000,Miscellaneous,Miscellaneous,null,9960
Miscellaneous,768,37000,Miscellaneous,Miscellaneous,null,9950
Miscellaneous,768,37000,Miscellaneous,Miscellaneous,null,9769
Miscellaneous,768,37000,Miscellaneous,Miscellaneous,null,9768
Miscellaneous,768,37000,Miscellaneous,Miscellaneous,null,9767
Miscellaneous,768,37000,Miscellaneous,Miscellaneous,null,9766
Miscellaneous,768,37000,Miscellaneous,Miscellaneous,null,9765
Miscellaneous,768,37000,Miscellaneous,Miscellaneous,null,9764
Miscellaneous,768,37000,Miscellaneous,Miscellaneous,null,9763
Miscellaneous,768,37000,Miscellaneous,Miscellaneous,null,9762
Miscellaneous,768,37000,Miscellaneous,Miscellaneous,null,9761
Miscellaneous,768,37000,Miscellaneous,Miscellaneous,null,9760
Miscellaneous,768,37000,Miscellaneous,Miscellaneous,null,9759
Miscellaneous,768,37000,Miscellaneous,Miscellaneous,null,9758
Miscellaneous,768,37000,Miscellaneous,Miscellaneous,null,9757
Miscellaneous,768,37000,Miscellaneous,Miscellaneous,null,9756
Miscellaneous,768,37000,Miscellaneous,Miscellaneous,null,9755
Miscellaneous,768,37000,Miscellaneous,Miscellaneous,null,9754
Miscellaneous,768,37000,Miscellaneous,Miscellaneous,null,9753
Miscellaneous,768,37000,Miscellaneous,Miscellaneous,null,9752
Miscellaneous,768,37000,Miscellaneous,Miscellaneous,null,9751
Miscellaneous,768,37000,Miscellaneous,Miscellaneous,null,9750
Miscellaneous,768,37000,Miscellaneous,Miscellaneous,null,9749
Miscellaneous,768,37000,Miscellaneous,Miscellaneous,null,9741
Miscellaneous,768,37000,Miscellaneous,Miscellaneous,null,9740
Miscellaneous,809,37000,Miscellaneous,Miscellaneous,null,null
Miscellaneous,809,37000,Miscellaneous,Miscellaneous,null,9993
Miscellaneous,809,37000,Miscellaneous,Miscellaneous,null,9992
Miscellaneous,809,37000,Miscellaneous,Miscellaneous,null,9991
Miscellaneous,809,37000,Miscellaneous,Miscellaneous,null,9989
Miscellaneous,809,37000,Miscellaneous,Miscellaneous,null,9987
Miscellaneous,809,37000,Miscellaneous,Miscellaneous,null,9986
Miscellaneous,809,37000,Miscellaneous,Miscellaneous,null,9985
Miscellaneous,809,37000,Miscellaneous,Miscellaneous,null,9984
Miscellaneous,809,37000,Miscellaneous,Miscellaneous,null,9983
Miscellaneous,809,37000,Miscellaneous,Miscellaneous,null,9982
Miscellaneous,809,37000,Miscellaneous,Miscellaneous,null,9980
Miscellaneous,809,37000,Miscellaneous,Miscellaneous,null,9975
Miscellaneous,809,37000,Miscellaneous,Miscellaneous,null,9971
Miscellaneous,809,37000,Miscellaneous,Miscellaneous,null,9970
Miscellaneous,809,37000,Miscellaneous,Miscellaneous,null,9968
Miscellaneous,809,37000,Miscellaneous,Miscellaneous,null,9967
Miscellaneous,809,37000,Miscellaneous,Miscellaneous,null,9966
Miscellaneous,809,37000,Miscellaneous,Miscellaneous,null,9965
Miscellaneous,809,37000,Miscellaneous,Miscellaneous,null,9962
Miscellaneous,809,37000,Miscellaneous,Miscellaneous,null,9961
Miscellaneous,809,37000,Miscellaneous,Miscellaneous,null,9960
Miscellaneous,809,37000,Miscellaneous,Miscellaneous,null,9950
Miscellaneous,809,37000,Miscellaneous,Miscellaneous,null,9769
Miscellaneous,809,37000,Miscellaneous,Miscellaneous,null,9768
Miscellaneous,809,37000,Miscellaneous,Miscellaneous,null,9767
Miscellaneous,809,37000,Miscellaneous,Miscellaneous,null,9766
Miscellaneous,809,37000,Miscellaneous,Miscellaneous,null,9765
Miscellaneous,809,37000,Miscellaneous,Miscellaneous,null,9764
Miscellaneous,809,37000,Miscellaneous,Miscellaneous,null,9763
Miscellaneous,809,37000,Miscellaneous,Miscellaneous,null,9762
Miscellaneous,809,37000,Miscellaneous,Miscellaneous,null,9761
Miscellaneous,809,37000,Miscellaneous,Miscellaneous,null,9760
Miscellaneous,809,37000,Miscellaneous,Miscellaneous,null,9759
Miscellaneous,809,37000,Miscellaneous,Miscellaneous,null,9758
Miscellaneous,809,37000,Miscellaneous,Miscellaneous,null,9757
Miscellaneous,809,37000,Miscellaneous,Miscellaneous,null,9756
Miscellaneous,809,37000,Miscellaneous,Miscellaneous,null,9755
Miscellaneous,809,37000,Miscellaneous,Miscellaneous,null,9754
Miscellaneous,809,37000,Miscellaneous,Miscellaneous,null,9753
Miscellaneous,809,37000,Miscellaneous,Miscellaneous,null,9752
Miscellaneous,809,37000,Miscellaneous,Miscellaneous,null,9751
Miscellaneous,809,37000,Miscellaneous,Miscellaneous,null,9750
Miscellaneous,809,37000,Miscellaneous,Miscellaneous,null,9749
Miscellaneous,809,37000,Miscellaneous,Miscellaneous,null,9741
Miscellaneous,809,37000,Miscellaneous,Miscellaneous,null,9740
Miscellaneous,420,37000,Miscellaneous,Miscellaneous,null,null
Miscellaneous,420,37000,Miscellaneous,Miscellaneous,null,9993
Miscellaneous,420,37000,Miscellaneous,Miscellaneous,null,9992
Miscellaneous,420,37000,Miscellaneous,Miscellaneous,null,9991
Miscellaneous,420,37000,Miscellaneous,Miscellaneous,null,9989
Miscellaneous,420,37000,Miscellaneous,Miscellaneous,null,9987
Miscellaneous,420,37000,Miscellaneous,Miscellaneous,null,9986
Miscellaneous,420,37000,Miscellaneous,Miscellaneous,null,9985
Miscellaneous,420,37000,Miscellaneous,Miscellaneous,null,9984
Miscellaneous,420,37000,Miscellaneous,Miscellaneous,null,9983
Miscellaneous,420,37000,Miscellaneous,Miscellaneous,null,9982
Miscellaneous,420,37000,Miscellaneous,Miscellaneous,null,9980
Miscellaneous,420,37000,Miscellaneous,Miscellaneous,null,9975
Miscellaneous,420,37000,Miscellaneous,Miscellaneous,null,9971
Miscellaneous,420,37000,Miscellaneous,Miscellaneous,null,9970
Miscellaneous,420,37000,Miscellaneous,Miscellaneous,null,9968
Miscellaneous,420,37000,Miscellaneous,Miscellaneous,null,9967
Miscellaneous,420,37000,Miscellaneous,Miscellaneous,null,9966
Miscellaneous,420,37000,Miscellaneous,Miscellaneous,null,9965
Miscellaneous,420,37000,Miscellaneous,Miscellaneous,null,9962
Miscellaneous,420,37000,Miscellaneous,Miscellaneous,null,9961
Miscellaneous,420,37000,Miscellaneous,Miscellaneous,null,9960
Miscellaneous,420,37000,Miscellaneous,Miscellaneous,null,9950
Miscellaneous,420,37000,Miscellaneous,Miscellaneous,null,9769
Miscellaneous,420,37000,Miscellaneous,Miscellaneous,null,9768
Miscellaneous,420,37000,Miscellaneous,Miscellaneous,null,9767
Miscellaneous,420,37000,Miscellaneous,Miscellaneous,null,9766
Miscellaneous,420,37000,Miscellaneous,Miscellaneous,null,9765
Miscellaneous,420,37000,Miscellaneous,Miscellaneous,null,9764
Miscellaneous,420,37000,Miscellaneous,Miscellaneous,null,9763
Miscellaneous,420,37000,Miscellaneous,Miscellaneous,null,9762
Miscellaneous,420,37000,Miscellaneous,Miscellaneous,null,9761
Miscellaneous,420,37000,Miscellaneous,Miscellaneous,null,9760
Miscellaneous,420,37000,Miscellaneous,Miscellaneous,null,9759
Miscellaneous,420,37000,Miscellaneous,Miscellaneous,null,9758
Miscellaneous,420,37000,Miscellaneous,Miscellaneous,null,9757
Miscellaneous,420,37000,Miscellaneous,Miscellaneous,null,9756
Miscellaneous,420,37000,Miscellaneous,Miscellaneous,null,9755
Miscellaneous,420,37000,Miscellaneous,Miscellaneous,null,9754
Miscellaneous,420,37000,Miscellaneous,Miscellaneous,null,9753
Miscellaneous,420,37000,Miscellaneous,Miscellaneous,null,9752
Miscellaneous,420,37000,Miscellaneous,Miscellaneous,null,9751
Miscellaneous,420,37000,Miscellaneous,Miscellaneous,null,9750
Miscellaneous,420,37000,Miscellaneous,Miscellaneous,null,9749
Miscellaneous,420,37000,Miscellaneous,Miscellaneous,null,9741
Miscellaneous,420,37000,Miscellaneous,Miscellaneous,null,9740
Miscellaneous,421,37000,Miscellaneous,Miscellaneous,null,null
Miscellaneous,421,37000,Miscellaneous,Miscellaneous,null,9993
Miscellaneous,421,37000,Miscellaneous,Miscellaneous,null,9992
Miscellaneous,421,37000,Miscellaneous,Miscellaneous,null,9991
Miscellaneous,421,37000,Miscellaneous,Miscellaneous,null,9989
Miscellaneous,421,37000,Miscellaneous,Miscellaneous,null,9987
Miscellaneous,421,37000,Miscellaneous,Miscellaneous,null,9986
Miscellaneous,421,37000,Miscellaneous,Miscellaneous,null,9985
Miscellaneous,421,37000,Miscellaneous,Miscellaneous,null,9984
Miscellaneous,421,37000,Miscellaneous,Miscellaneous,null,9983
Miscellaneous,421,37000,Miscellaneous,Miscellaneous,null,9982
Miscellaneous,421,37000,Miscellaneous,Miscellaneous,null,9980
Miscellaneous,421,37000,Miscellaneous,Miscellaneous,null,9975
Miscellaneous,421,37000,Miscellaneous,Miscellaneous,null,9971
Miscellaneous,421,37000,Miscellaneous,Miscellaneous,null,9970
Miscellaneous,421,37000,Miscellaneous,Miscellaneous,null,9968
Miscellaneous,421,37000,Miscellaneous,Miscellaneous,null,9967
Miscellaneous,421,37000,Miscellaneous,Miscellaneous,null,9966
Miscellaneous,421,37000,Miscellaneous,Miscellaneous,null,9965
Miscellaneous,421,37000,Miscellaneous,Miscellaneous,null,9962
Miscellaneous,421,37000,Miscellaneous,Miscellaneous,null,9961
Miscellaneous,421,37000,Miscellaneous,Miscellaneous,null,9960
Miscellaneous,421,37000,Miscellaneous,Miscellaneous,null,9950
Miscellaneous,421,37000,Miscellaneous,Miscellaneous,null,9769
Miscellaneous,421,37000,Miscellaneous,Miscellaneous,null,9768
Miscellaneous,421,37000,Miscellaneous,Miscellaneous,null,9767
Miscellaneous,421,37000,Miscellaneous,Miscellaneous,null,9766
Miscellaneous,421,37000,Miscellaneous,Miscellaneous,null,9765
Miscellaneous,421,37000,Miscellaneous,Miscellaneous,null,9764
Miscellaneous,421,37000,Miscellaneous,Miscellaneous,null,9763
Miscellaneous,421,37000,Miscellaneous,Miscellaneous,null,9762
Miscellaneous,421,37000,Miscellaneous,Miscellaneous,null,9761
Miscellaneous,421,37000,Miscellaneous,Miscellaneous,null,9760
Miscellaneous,421,37000,Miscellaneous,Miscellaneous,null,9759
Miscellaneous,421,37000,Miscellaneous,Miscellaneous,null,9758
Miscellaneous,421,37000,Miscellaneous,Miscellaneous,null,9757
Miscellaneous,421,37000,Miscellaneous,Miscellaneous,null,9756
Miscellaneous,421,37000,Miscellaneous,Miscellaneous,null,9755
Miscellaneous,421,37000,Miscellaneous,Miscellaneous,null,9754
Miscellaneous,421,37000,Miscellaneous,Miscellaneous,null,9753
Miscellaneous,421,37000,Miscellaneous,Miscellaneous,null,9752
Miscellaneous,421,37000,Miscellaneous,Miscellaneous,null,9751
Miscellaneous,421,37000,Miscellaneous,Miscellaneous,null,9750
Miscellaneous,421,37000,Miscellaneous,Miscellaneous,null,9749
Miscellaneous,421,37000,Miscellaneous,Miscellaneous,null,9741
Miscellaneous,421,37000,Miscellaneous,Miscellaneous,null,9740
Miscellaneous,422,37000,Miscellaneous,Miscellaneous,null,null
Miscellaneous,422,37000,Miscellaneous,Miscellaneous,null,9993
Miscellaneous,422,37000,Miscellaneous,Miscellaneous,null,9992
Miscellaneous,422,37000,Miscellaneous,Miscellaneous,null,9991
Miscellaneous,422,37000,Miscellaneous,Miscellaneous,null,9989
Miscellaneous,422,37000,Miscellaneous,Miscellaneous,null,9987
Miscellaneous,422,37000,Miscellaneous,Miscellaneous,null,9986
Miscellaneous,422,37000,Miscellaneous,Miscellaneous,null,9985
Miscellaneous,422,37000,Miscellaneous,Miscellaneous,null,9984
Miscellaneous,422,37000,Miscellaneous,Miscellaneous,null,9983
Miscellaneous,422,37000,Miscellaneous,Miscellaneous,null,9982
Miscellaneous,422,37000,Miscellaneous,Miscellaneous,null,9980
Miscellaneous,422,37000,Miscellaneous,Miscellaneous,null,9975
Miscellaneous,422,37000,Miscellaneous,Miscellaneous,null,9971
Miscellaneous,422,37000,Miscellaneous,Miscellaneous,null,9970
Miscellaneous,422,37000,Miscellaneous,Miscellaneous,null,9968
Miscellaneous,422,37000,Miscellaneous,Miscellaneous,null,9967
Miscellaneous,422,37000,Miscellaneous,Miscellaneous,null,9966
Miscellaneous,422,37000,Miscellaneous,Miscellaneous,null,9965
Miscellaneous,422,37000,Miscellaneous,Miscellaneous,null,9962
Miscellaneous,422,37000,Miscellaneous,Miscellaneous,null,9961
Miscellaneous,422,37000,Miscellaneous,Miscellaneous,null,9960
Miscellaneous,422,37000,Miscellaneous,Miscellaneous,null,9950
Miscellaneous,422,37000,Miscellaneous,Miscellaneous,null,9769
Miscellaneous,422,37000,Miscellaneous,Miscellaneous,null,9768
Miscellaneous,422,37000,Miscellaneous,Miscellaneous,null,9767
Miscellaneous,422,37000,Miscellaneous,Miscellaneous,null,9766
Miscellaneous,422,37000,Miscellaneous,Miscellaneous,null,9765
Miscellaneous,422,37000,Miscellaneous,Miscellaneous,null,9764
Miscellaneous,422,37000,Miscellaneous,Miscellaneous,null,9763
Miscellaneous,422,37000,Miscellaneous,Miscellaneous,null,9762
Miscellaneous,422,37000,Miscellaneous,Miscellaneous,null,9761
Miscellaneous,422,37000,Miscellaneous,Miscellaneous,null,9760
Miscellaneous,422,37000,Miscellaneous,Miscellaneous,null,9759
Miscellaneous,422,37000,Miscellaneous,Miscellaneous,null,9758
Miscellaneous,422,37000,Miscellaneous,Miscellaneous,null,9757
Miscellaneous,422,37000,Miscellaneous,Miscellaneous,null,9756
Miscellaneous,422,37000,Miscellaneous,Miscellaneous,null,9755
Miscellaneous,422,37000,Miscellaneous,Miscellaneous,null,9754
Miscellaneous,422,37000,Miscellaneous,Miscellaneous,null,9753
Miscellaneous,422,37000,Miscellaneous,Miscellaneous,null,9752
Miscellaneous,422,37000,Miscellaneous,Miscellaneous,null,9751
Miscellaneous,422,37000,Miscellaneous,Miscellaneous,null,9750
Miscellaneous,422,37000,Miscellaneous,Miscellaneous,null,9749
Miscellaneous,422,37000,Miscellaneous,Miscellaneous,null,9741
Miscellaneous,422,37000,Miscellaneous,Miscellaneous,null,9740
Miscellaneous,423,37000,Miscellaneous,Miscellaneous,null,null
Miscellaneous,423,37000,Miscellaneous,Miscellaneous,null,9993
Miscellaneous,423,37000,Miscellaneous,Miscellaneous,null,9992
Miscellaneous,423,37000,Miscellaneous,Miscellaneous,null,9991
Miscellaneous,423,37000,Miscellaneous,Miscellaneous,null,9989
Miscellaneous,423,37000,Miscellaneous,Miscellaneous,null,9987
Miscellaneous,423,37000,Miscellaneous,Miscellaneous,null,9986
Miscellaneous,423,37000,Miscellaneous,Miscellaneous,null,9985
Miscellaneous,423,37000,Miscellaneous,Miscellaneous,null,9984
Miscellaneous,423,37000,Miscellaneous,Miscellaneous,null,9983
Miscellaneous,423,37000,Miscellaneous,Miscellaneous,null,9982
Miscellaneous,423,37000,Miscellaneous,Miscellaneous,null,9980
Miscellaneous,423,37000,Miscellaneous,Miscellaneous,null,9975
Miscellaneous,423,37000,Miscellaneous,Miscellaneous,null,9971
Miscellaneous,423,37000,Miscellaneous,Miscellaneous,null,9970
Miscellaneous,423,37000,Miscellaneous,Miscellaneous,null,9968
Miscellaneous,423,37000,Miscellaneous,Miscellaneous,null,9967
Miscellaneous,423,37000,Miscellaneous,Miscellaneous,null,9966
Miscellaneous,423,37000,Miscellaneous,Miscellaneous,null,9965
Miscellaneous,423,37000,Miscellaneous,Miscellaneous,null,9962
Miscellaneous,423,37000,Miscellaneous,Miscellaneous,null,9961
Miscellaneous,423,37000,Miscellaneous,Miscellaneous,null,9960
Miscellaneous,423,37000,Miscellaneous,Miscellaneous,null,9950
Miscellaneous,423,37000,Miscellaneous,Miscellaneous,null,9769
Miscellaneous,423,37000,Miscellaneous,Miscellaneous,null,9768
Miscellaneous,423,37000,Miscellaneous,Miscellaneous,null,9767
Miscellaneous,423,37000,Miscellaneous,Miscellaneous,null,9766
Miscellaneous,423,37000,Miscellaneous,Miscellaneous,null,9765
Miscellaneous,423,37000,Miscellaneous,Miscellaneous,null,9764
Miscellaneous,423,37000,Miscellaneous,Miscellaneous,null,9763
Miscellaneous,423,37000,Miscellaneous,Miscellaneous,null,9762
Miscellaneous,423,37000,Miscellaneous,Miscellaneous,null,9761
Miscellaneous,423,37000,Miscellaneous,Miscellaneous,null,9760
Miscellaneous,423,37000,Miscellaneous,Miscellaneous,null,9759
Miscellaneous,423,37000,Miscellaneous,Miscellaneous,null,9758
Miscellaneous,423,37000,Miscellaneous,Miscellaneous,null,9757
Miscellaneous,423,37000,Miscellaneous,Miscellaneous,null,9756
Miscellaneous,423,37000,Miscellaneous,Miscellaneous,null,9755
Miscellaneous,423,37000,Miscellaneous,Miscellaneous,null,9754
Miscellaneous,423,37000,Miscellaneous,Miscellaneous,null,9753
Miscellaneous,423,37000,Miscellaneous,Miscellaneous,null,9752
Miscellaneous,423,37000,Miscellaneous,Miscellaneous,null,9751
Miscellaneous,423,37000,Miscellaneous,Miscellaneous,null,9750
Miscellaneous,423,37000,Miscellaneous,Miscellaneous,null,9749
Miscellaneous,423,37000,Miscellaneous,Miscellaneous,null,9741
Miscellaneous,423,37000,Miscellaneous,Miscellaneous,null,9740
Miscellaneous,424,37000,Miscellaneous,Miscellaneous,null,null
Miscellaneous,424,37000,Miscellaneous,Miscellaneous,null,9993
Miscellaneous,424,37000,Miscellaneous,Miscellaneous,null,9992
Miscellaneous,424,37000,Miscellaneous,Miscellaneous,null,9991
Miscellaneous,424,37000,Miscellaneous,Miscellaneous,null,9989
Miscellaneous,424,37000,Miscellaneous,Miscellaneous,null,9987
Miscellaneous,424,37000,Miscellaneous,Miscellaneous,null,9986
Miscellaneous,424,37000,Miscellaneous,Miscellaneous,null,9985
Miscellaneous,424,37000,Miscellaneous,Miscellaneous,null,9984
Miscellaneous,424,37000,Miscellaneous,Miscellaneous,null,9983
Miscellaneous,424,37000,Miscellaneous,Miscellaneous,null,9982
Miscellaneous,424,37000,Miscellaneous,Miscellaneous,null,9980
Miscellaneous,424,37000,Miscellaneous,Miscellaneous,null,9975
Miscellaneous,424,37000,Miscellaneous,Miscellaneous,null,9971
Miscellaneous,424,37000,Miscellaneous,Miscellaneous,null,9970
Miscellaneous,424,37000,Miscellaneous,Miscellaneous,null,9968
Miscellaneous,424,37000,Miscellaneous,Miscellaneous,null,9967
Miscellaneous,424,37000,Miscellaneous,Miscellaneous,null,9966
Miscellaneous,424,37000,Miscellaneous,Miscellaneous,null,9965
Miscellaneous,424,37000,Miscellaneous,Miscellaneous,null,9962
Miscellaneous,424,37000,Miscellaneous,Miscellaneous,null,9961
Miscellaneous,424,37000,Miscellaneous,Miscellaneous,null,9960
Miscellaneous,424,37000,Miscellaneous,Miscellaneous,null,9950
Miscellaneous,424,37000,Miscellaneous,Miscellaneous,null,9769
Miscellaneous,424,37000,Miscellaneous,Miscellaneous,null,9768
Miscellaneous,424,37000,Miscellaneous,Miscellaneous,null,9767
Miscellaneous,424,37000,Miscellaneous,Miscellaneous,null,9766
Miscellaneous,424,37000,Miscellaneous,Miscellaneous,null,9765
Miscellaneous,424,37000,Miscellaneous,Miscellaneous,null,9764
Miscellaneous,424,37000,Miscellaneous,Miscellaneous,null,9763
Miscellaneous,424,37000,Miscellaneous,Miscellaneous,null,9762
Miscellaneous,424,37000,Miscellaneous,Miscellaneous,null,9761
Miscellaneous,424,37000,Miscellaneous,Miscellaneous,null,9760
Miscellaneous,424,37000,Miscellaneous,Miscellaneous,null,9759
Miscellaneous,424,37000,Miscellaneous,Miscellaneous,null,9758
Miscellaneous,424,37000,Miscellaneous,Miscellaneous,null,9757
Miscellaneous,424,37000,Miscellaneous,Miscellaneous,null,9756
Miscellaneous,424,37000,Miscellaneous,Miscellaneous,null,9755
Miscellaneous,424,37000,Miscellaneous,Miscellaneous,null,9754
Miscellaneous,424,37000,Miscellaneous,Miscellaneous,null,9753
Miscellaneous,424,37000,Miscellaneous,Miscellaneous,null,9752
Miscellaneous,424,37000,Miscellaneous,Miscellaneous,null,9751
Miscellaneous,424,37000,Miscellaneous,Miscellaneous,null,9750
Miscellaneous,424,37000,Miscellaneous,Miscellaneous,null,9749
Miscellaneous,424,37000,Miscellaneous,Miscellaneous,null,9741
Miscellaneous,424,37000,Miscellaneous,Miscellaneous,null,9740
Miscellaneous,770,37000,Miscellaneous,Miscellaneous,null,null
Miscellaneous,770,37000,Miscellaneous,Miscellaneous,null,9993
Miscellaneous,770,37000,Miscellaneous,Miscellaneous,null,9992
Miscellaneous,770,37000,Miscellaneous,Miscellaneous,null,9991
Miscellaneous,770,37000,Miscellaneous,Miscellaneous,null,9989
Miscellaneous,770,37000,Miscellaneous,Miscellaneous,null,9987
Miscellaneous,770,37000,Miscellaneous,Miscellaneous,null,9986
Miscellaneous,770,37000,Miscellaneous,Miscellaneous,null,9985
Miscellaneous,770,37000,Miscellaneous,Miscellaneous,null,9984
Miscellaneous,770,37000,Miscellaneous,Miscellaneous,null,9983
Miscellaneous,770,37000,Miscellaneous,Miscellaneous,null,9982
Miscellaneous,770,37000,Miscellaneous,Miscellaneous,null,9980
Miscellaneous,770,37000,Miscellaneous,Miscellaneous,null,9975
Miscellaneous,770,37000,Miscellaneous,Miscellaneous,null,9971
Miscellaneous,770,37000,Miscellaneous,Miscellaneous,null,9970
Miscellaneous,770,37000,Miscellaneous,Miscellaneous,null,9968
Miscellaneous,770,37000,Miscellaneous,Miscellaneous,null,9967
Miscellaneous,770,37000,Miscellaneous,Miscellaneous,null,9966
Miscellaneous,770,37000,Miscellaneous,Miscellaneous,null,9965
Miscellaneous,770,37000,Miscellaneous,Miscellaneous,null,9962
Miscellaneous,770,37000,Miscellaneous,Miscellaneous,null,9961
Miscellaneous,770,37000,Miscellaneous,Miscellaneous,null,9960
Miscellaneous,770,37000,Miscellaneous,Miscellaneous,null,9950
Miscellaneous,770,37000,Miscellaneous,Miscellaneous,null,9769
Miscellaneous,770,37000,Miscellaneous,Miscellaneous,null,9768
Miscellaneous,770,37000,Miscellaneous,Miscellaneous,null,9767
Miscellaneous,770,37000,Miscellaneous,Miscellaneous,null,9766
Miscellaneous,770,37000,Miscellaneous,Miscellaneous,null,9765
Miscellaneous,770,37000,Miscellaneous,Miscellaneous,null,9764
Miscellaneous,770,37000,Miscellaneous,Miscellaneous,null,9763
Miscellaneous,770,37000,Miscellaneous,Miscellaneous,null,9762
Miscellaneous,770,37000,Miscellaneous,Miscellaneous,null,9761
Miscellaneous,770,37000,Miscellaneous,Miscellaneous,null,9760
Miscellaneous,770,37000,Miscellaneous,Miscellaneous,null,9759
Miscellaneous,770,37000,Miscellaneous,Miscellaneous,null,9758
Miscellaneous,770,37000,Miscellaneous,Miscellaneous,null,9757
Miscellaneous,770,37000,Miscellaneous,Miscellaneous,null,9756
Miscellaneous,770,37000,Miscellaneous,Miscellaneous,null,9755
Miscellaneous,770,37000,Miscellaneous,Miscellaneous,null,9754
Miscellaneous,770,37000,Miscellaneous,Miscellaneous,null,9753
Miscellaneous,770,37000,Miscellaneous,Miscellaneous,null,9752
Miscellaneous,770,37000,Miscellaneous,Miscellaneous,null,9751
Miscellaneous,770,37000,Miscellaneous,Miscellaneous,null,9750
Miscellaneous,770,37000,Miscellaneous,Miscellaneous,null,9749
Miscellaneous,770,37000,Miscellaneous,Miscellaneous,null,9741
Miscellaneous,770,37000,Miscellaneous,Miscellaneous,null,9740
Miscellaneous,771,37000,Miscellaneous,Miscellaneous,null,null
Miscellaneous,771,37000,Miscellaneous,Miscellaneous,null,9993
Miscellaneous,771,37000,Miscellaneous,Miscellaneous,null,9992
Miscellaneous,771,37000,Miscellaneous,Miscellaneous,null,9991
Miscellaneous,771,37000,Miscellaneous,Miscellaneous,null,9989
Miscellaneous,771,37000,Miscellaneous,Miscellaneous,null,9987
Miscellaneous,771,37000,Miscellaneous,Miscellaneous,null,9986
Miscellaneous,771,37000,Miscellaneous,Miscellaneous,null,9985
Miscellaneous,771,37000,Miscellaneous,Miscellaneous,null,9984
Miscellaneous,771,37000,Miscellaneous,Miscellaneous,null,9983
Miscellaneous,771,37000,Miscellaneous,Miscellaneous,null,9982
Miscellaneous,771,37000,Miscellaneous,Miscellaneous,null,9980
Miscellaneous,771,37000,Miscellaneous,Miscellaneous,null,9975
Miscellaneous,771,37000,Miscellaneous,Miscellaneous,null,9971
Miscellaneous,771,37000,Miscellaneous,Miscellaneous,null,9970
Miscellaneous,771,37000,Miscellaneous,Miscellaneous,null,9968
Miscellaneous,771,37000,Miscellaneous,Miscellaneous,null,9967
Miscellaneous,771,37000,Miscellaneous,Miscellaneous,null,9966
Miscellaneous,771,37000,Miscellaneous,Miscellaneous,null,9965
Miscellaneous,771,37000,Miscellaneous,Miscellaneous,null,9962
Miscellaneous,771,37000,Miscellaneous,Miscellaneous,null,9961
Miscellaneous,771,37000,Miscellaneous,Miscellaneous,null,9960
Miscellaneous,771,37000,Miscellaneous,Miscellaneous,null,9950
Miscellaneous,771,37000,Miscellaneous,Miscellaneous,null,9769
Miscellaneous,771,37000,Miscellaneous,Miscellaneous,null,9768
Miscellaneous,771,37000,Miscellaneous,Miscellaneous,null,9767
Miscellaneous,771,37000,Miscellaneous,Miscellaneous,null,9766
Miscellaneous,771,37000,Miscellaneous,Miscellaneous,null,9765
Miscellaneous,771,37000,Miscellaneous,Miscellaneous,null,9764
Miscellaneous,771,37000,Miscellaneous,Miscellaneous,null,9763
Miscellaneous,771,37000,Miscellaneous,Miscellaneous,null,9762
Miscellaneous,771,37000,Miscellaneous,Miscellaneous,null,9761
Miscellaneous,771,37000,Miscellaneous,Miscellaneous,null,9760
Miscellaneous,771,37000,Miscellaneous,Miscellaneous,null,9759
Miscellaneous,771,37000,Miscellaneous,Miscellaneous,null,9758
Miscellaneous,771,37000,Miscellaneous,Miscellaneous,null,9757
Miscellaneous,771,37000,Miscellaneous,Miscellaneous,null,9756
Miscellaneous,771,37000,Miscellaneous,Miscellaneous,null,9755
Miscellaneous,771,37000,Miscellaneous,Miscellaneous,null,9754
Miscellaneous,771,37000,Miscellaneous,Miscellaneous,null,9753
Miscellaneous,771,37000,Miscellaneous,Miscellaneous,null,9752
Miscellaneous,771,37000,Miscellaneous,Miscellaneous,null,9751
Miscellaneous,771,37000,Miscellaneous,Miscellaneous,null,9750
Miscellaneous,771,37000,Miscellaneous,Miscellaneous,null,9749
Miscellaneous,771,37000,Miscellaneous,Miscellaneous,null,9741
Miscellaneous,771,37000,Miscellaneous,Miscellaneous,null,9740
Miscellaneous,772,37000,Miscellaneous,Miscellaneous,null,null
Miscellaneous,772,37000,Miscellaneous,Miscellaneous,null,9993
Miscellaneous,772,37000,Miscellaneous,Miscellaneous,null,9992
Miscellaneous,772,37000,Miscellaneous,Miscellaneous,null,9991
Miscellaneous,772,37000,Miscellaneous,Miscellaneous,null,9989
Miscellaneous,772,37000,Miscellaneous,Miscellaneous,null,9987
Miscellaneous,772,37000,Miscellaneous,Miscellaneous,null,9986
Miscellaneous,772,37000,Miscellaneous,Miscellaneous,null,9985
Miscellaneous,772,37000,Miscellaneous,Miscellaneous,null,9984
Miscellaneous,772,37000,Miscellaneous,Miscellaneous,null,9983
Miscellaneous,772,37000,Miscellaneous,Miscellaneous,null,9982
Miscellaneous,772,37000,Miscellaneous,Miscellaneous,null,9980
Miscellaneous,772,37000,Miscellaneous,Miscellaneous,null,9975
Miscellaneous,772,37000,Miscellaneous,Miscellaneous,null,9971
Miscellaneous,772,37000,Miscellaneous,Miscellaneous,null,9970
Miscellaneous,772,37000,Miscellaneous,Miscellaneous,null,9968
Miscellaneous,772,37000,Miscellaneous,Miscellaneous,null,9967
Miscellaneous,772,37000,Miscellaneous,Miscellaneous,null,9966
Miscellaneous,772,37000,Miscellaneous,Miscellaneous,null,9965
Miscellaneous,772,37000,Miscellaneous,Miscellaneous,null,9962
Miscellaneous,772,37000,Miscellaneous,Miscellaneous,null,9961
Miscellaneous,772,37000,Miscellaneous,Miscellaneous,null,9960
Miscellaneous,772,37000,Miscellaneous,Miscellaneous,null,9950
Miscellaneous,772,37000,Miscellaneous,Miscellaneous,null,9769
Miscellaneous,772,37000,Miscellaneous,Miscellaneous,null,9768
Miscellaneous,772,37000,Miscellaneous,Miscellaneous,null,9767
Miscellaneous,772,37000,Miscellaneous,Miscellaneous,null,9766
Miscellaneous,772,37000,Miscellaneous,Miscellaneous,null,9765
Miscellaneous,772,37000,Miscellaneous,Miscellaneous,null,9764
Miscellaneous,772,37000,Miscellaneous,Miscellaneous,null,9763
Miscellaneous,772,37000,Miscellaneous,Miscellaneous,null,9762
Miscellaneous,772,37000,Miscellaneous,Miscellaneous,null,9761
Miscellaneous,772,37000,Miscellaneous,Miscellaneous,null,9760
Miscellaneous,772,37000,Miscellaneous,Miscellaneous,null,9759
Miscellaneous,772,37000,Miscellaneous,Miscellaneous,null,9758
Miscellaneous,772,37000,Miscellaneous,Miscellaneous,null,9757
Miscellaneous,772,37000,Miscellaneous,Miscellaneous,null,9756
Miscellaneous,772,37000,Miscellaneous,Miscellaneous,null,9755
Miscellaneous,772,37000,Miscellaneous,Miscellaneous,null,9754
Miscellaneous,772,37000,Miscellaneous,Miscellaneous,null,9753
Miscellaneous,772,37000,Miscellaneous,Miscellaneous,null,9752
Miscellaneous,772,37000,Miscellaneous,Miscellaneous,null,9751
Miscellaneous,772,37000,Miscellaneous,Miscellaneous,null,9750
Miscellaneous,772,37000,Miscellaneous,Miscellaneous,null,9749
Miscellaneous,772,37000,Miscellaneous,Miscellaneous,null,9741
Miscellaneous,772,37000,Miscellaneous,Miscellaneous,null,9740
Miscellaneous,773,37000,Miscellaneous,Miscellaneous,null,null
Miscellaneous,773,37000,Miscellaneous,Miscellaneous,null,9993
Miscellaneous,773,37000,Miscellaneous,Miscellaneous,null,9992
Miscellaneous,773,37000,Miscellaneous,Miscellaneous,null,9991
Miscellaneous,773,37000,Miscellaneous,Miscellaneous,null,9989
Miscellaneous,773,37000,Miscellaneous,Miscellaneous,null,9987
Miscellaneous,773,37000,Miscellaneous,Miscellaneous,null,9986
Miscellaneous,773,37000,Miscellaneous,Miscellaneous,null,9985
Miscellaneous,773,37000,Miscellaneous,Miscellaneous,null,9984
Miscellaneous,773,37000,Miscellaneous,Miscellaneous,null,9983
Miscellaneous,773,37000,Miscellaneous,Miscellaneous,null,9982
Miscellaneous,773,37000,Miscellaneous,Miscellaneous,null,9980
Miscellaneous,773,37000,Miscellaneous,Miscellaneous,null,9975
Miscellaneous,773,37000,Miscellaneous,Miscellaneous,null,9971
Miscellaneous,773,37000,Miscellaneous,Miscellaneous,null,9970
Miscellaneous,773,37000,Miscellaneous,Miscellaneous,null,9968
Miscellaneous,773,37000,Miscellaneous,Miscellaneous,null,9967
Miscellaneous,773,37000,Miscellaneous,Miscellaneous,null,9966
Miscellaneous,773,37000,Miscellaneous,Miscellaneous,null,9965
Miscellaneous,773,37000,Miscellaneous,Miscellaneous,null,9962
Miscellaneous,773,37000,Miscellaneous,Miscellaneous,null,9961
Miscellaneous,773,37000,Miscellaneous,Miscellaneous,null,9960
Miscellaneous,773,37000,Miscellaneous,Miscellaneous,null,9950
Miscellaneous,773,37000,Miscellaneous,Miscellaneous,null,9769
Miscellaneous,773,37000,Miscellaneous,Miscellaneous,null,9768
Miscellaneous,773,37000,Miscellaneous,Miscellaneous,null,9767
Miscellaneous,773,37000,Miscellaneous,Miscellaneous,null,9766
Miscellaneous,773,37000,Miscellaneous,Miscellaneous,null,9765
Miscellaneous,773,37000,Miscellaneous,Miscellaneous,null,9764
Miscellaneous,773,37000,Miscellaneous,Miscellaneous,null,9763
Miscellaneous,773,37000,Miscellaneous,Miscellaneous,null,9762
Miscellaneous,773,37000,Miscellaneous,Miscellaneous,null,9761
Miscellaneous,773,37000,Miscellaneous,Miscellaneous,null,9760
Miscellaneous,773,37000,Miscellaneous,Miscellaneous,null,9759
Miscellaneous,773,37000,Miscellaneous,Miscellaneous,null,9758
Miscellaneous,773,37000,Miscellaneous,Miscellaneous,null,9757
Miscellaneous,773,37000,Miscellaneous,Miscellaneous,null,9756
Miscellaneous,773,37000,Miscellaneous,Miscellaneous,null,9755
Miscellaneous,773,37000,Miscellaneous,Miscellaneous,null,9754
Miscellaneous,773,37000,Miscellaneous,Miscellaneous,null,9753
Miscellaneous,773,37000,Miscellaneous,Miscellaneous,null,9752
Miscellaneous,773,37000,Miscellaneous,Miscellaneous,null,9751
Miscellaneous,773,37000,Miscellaneous,Miscellaneous,null,9750
Miscellaneous,773,37000,Miscellaneous,Miscellaneous,null,9749
Miscellaneous,773,37000,Miscellaneous,Miscellaneous,null,9741
Miscellaneous,773,37000,Miscellaneous,Miscellaneous,null,9740
Miscellaneous,774,37000,Miscellaneous,Miscellaneous,null,null
Miscellaneous,774,37000,Miscellaneous,Miscellaneous,null,9993
Miscellaneous,774,37000,Miscellaneous,Miscellaneous,null,9992
Miscellaneous,774,37000,Miscellaneous,Miscellaneous,null,9991
Miscellaneous,774,37000,Miscellaneous,Miscellaneous,null,9989
Miscellaneous,774,37000,Miscellaneous,Miscellaneous,null,9987
Miscellaneous,774,37000,Miscellaneous,Miscellaneous,null,9986
Miscellaneous,774,37000,Miscellaneous,Miscellaneous,null,9985
Miscellaneous,774,37000,Miscellaneous,Miscellaneous,null,9984
Miscellaneous,774,37000,Miscellaneous,Miscellaneous,null,9983
Miscellaneous,774,37000,Miscellaneous,Miscellaneous,null,9982
Miscellaneous,774,37000,Miscellaneous,Miscellaneous,null,9980
Miscellaneous,774,37000,Miscellaneous,Miscellaneous,null,9975
Miscellaneous,774,37000,Miscellaneous,Miscellaneous,null,9971
Miscellaneous,774,37000,Miscellaneous,Miscellaneous,null,9970
Miscellaneous,774,37000,Miscellaneous,Miscellaneous,null,9968
Miscellaneous,774,37000,Miscellaneous,Miscellaneous,null,9967
Miscellaneous,774,37000,Miscellaneous,Miscellaneous,null,9966
Miscellaneous,774,37000,Miscellaneous,Miscellaneous,null,9965
Miscellaneous,774,37000,Miscellaneous,Miscellaneous,null,9962
Miscellaneous,774,37000,Miscellaneous,Miscellaneous,null,9961
Miscellaneous,774,37000,Miscellaneous,Miscellaneous,null,9960
Miscellaneous,774,37000,Miscellaneous,Miscellaneous,null,9950
Miscellaneous,774,37000,Miscellaneous,Miscellaneous,null,9769
Miscellaneous,774,37000,Miscellaneous,Miscellaneous,null,9768
Miscellaneous,774,37000,Miscellaneous,Miscellaneous,null,9767
Miscellaneous,774,37000,Miscellaneous,Miscellaneous,null,9766
Miscellaneous,774,37000,Miscellaneous,Miscellaneous,null,9765
Miscellaneous,774,37000,Miscellaneous,Miscellaneous,null,9764
Miscellaneous,774,37000,Miscellaneous,Miscellaneous,null,9763
Miscellaneous,774,37000,Miscellaneous,Miscellaneous,null,9762
Miscellaneous,774,37000,Miscellaneous,Miscellaneous,null,9761
Miscellaneous,774,37000,Miscellaneous,Miscellaneous,null,9760
Miscellaneous,774,37000,Miscellaneous,Miscellaneous,null,9759
Miscellaneous,774,37000,Miscellaneous,Miscellaneous,null,9758
Miscellaneous,774,37000,Miscellaneous,Miscellaneous,null,9757
Miscellaneous,774,37000,Miscellaneous,Miscellaneous,null,9756
Miscellaneous,774,37000,Miscellaneous,Miscellaneous,null,9755
Miscellaneous,774,37000,Miscellaneous,Miscellaneous,null,9754
Miscellaneous,774,37000,Miscellaneous,Miscellaneous,null,9753
Miscellaneous,774,37000,Miscellaneous,Miscellaneous,null,9752
Miscellaneous,774,37000,Miscellaneous,Miscellaneous,null,9751
Miscellaneous,774,37000,Miscellaneous,Miscellaneous,null,9750
Miscellaneous,774,37000,Miscellaneous,Miscellaneous,null,9749
Miscellaneous,774,37000,Miscellaneous,Miscellaneous,null,9741
Miscellaneous,774,37000,Miscellaneous,Miscellaneous,null,9740
Miscellaneous,775,37000,Miscellaneous,Miscellaneous,null,null
Miscellaneous,775,37000,Miscellaneous,Miscellaneous,null,9993
Miscellaneous,775,37000,Miscellaneous,Miscellaneous,null,9992
Miscellaneous,775,37000,Miscellaneous,Miscellaneous,null,9991
Miscellaneous,775,37000,Miscellaneous,Miscellaneous,null,9989
Miscellaneous,775,37000,Miscellaneous,Miscellaneous,null,9987
Miscellaneous,775,37000,Miscellaneous,Miscellaneous,null,9986
Miscellaneous,775,37000,Miscellaneous,Miscellaneous,null,9985
Miscellaneous,775,37000,Miscellaneous,Miscellaneous,null,9984
Miscellaneous,775,37000,Miscellaneous,Miscellaneous,null,9983
Miscellaneous,775,37000,Miscellaneous,Miscellaneous,null,9982
Miscellaneous,775,37000,Miscellaneous,Miscellaneous,null,9980
Miscellaneous,775,37000,Miscellaneous,Miscellaneous,null,9975
Miscellaneous,775,37000,Miscellaneous,Miscellaneous,null,9971
Miscellaneous,775,37000,Miscellaneous,Miscellaneous,null,9970
Miscellaneous,775,37000,Miscellaneous,Miscellaneous,null,9968
Miscellaneous,775,37000,Miscellaneous,Miscellaneous,null,9967
Miscellaneous,775,37000,Miscellaneous,Miscellaneous,null,9966
Miscellaneous,775,37000,Miscellaneous,Miscellaneous,null,9965
Miscellaneous,775,37000,Miscellaneous,Miscellaneous,null,9962
Miscellaneous,775,37000,Miscellaneous,Miscellaneous,null,9961
Miscellaneous,775,37000,Miscellaneous,Miscellaneous,null,9960
Miscellaneous,775,37000,Miscellaneous,Miscellaneous,null,9950
Miscellaneous,775,37000,Miscellaneous,Miscellaneous,null,9769
Miscellaneous,775,37000,Miscellaneous,Miscellaneous,null,9768
Miscellaneous,775,37000,Miscellaneous,Miscellaneous,null,9767
Miscellaneous,775,37000,Miscellaneous,Miscellaneous,null,9766
Miscellaneous,775,37000,Miscellaneous,Miscellaneous,null,9765
Miscellaneous,775,37000,Miscellaneous,Miscellaneous,null,9764
Miscellaneous,775,37000,Miscellaneous,Miscellaneous,null,9763
Miscellaneous,775,37000,Miscellaneous,Miscellaneous,null,9762
Miscellaneous,775,37000,Miscellaneous,Miscellaneous,null,9761
Miscellaneous,775,37000,Miscellaneous,Miscellaneous,null,9760
Miscellaneous,775,37000,Miscellaneous,Miscellaneous,null,9759
Miscellaneous,775,37000,Miscellaneous,Miscellaneous,null,9758
Miscellaneous,775,37000,Miscellaneous,Miscellaneous,null,9757
Miscellaneous,775,37000,Miscellaneous,Miscellaneous,null,9756
Miscellaneous,775,37000,Miscellaneous,Miscellaneous,null,9755
Miscellaneous,775,37000,Miscellaneous,Miscellaneous,null,9754
Miscellaneous,775,37000,Miscellaneous,Miscellaneous,null,9753
Miscellaneous,775,37000,Miscellaneous,Miscellaneous,null,9752
Miscellaneous,775,37000,Miscellaneous,Miscellaneous,null,9751
Miscellaneous,775,37000,Miscellaneous,Miscellaneous,null,9750
Miscellaneous,775,37000,Miscellaneous,Miscellaneous,null,9749
Miscellaneous,775,37000,Miscellaneous,Miscellaneous,null,9741
Miscellaneous,775,37000,Miscellaneous,Miscellaneous,null,9740
Miscellaneous,776,37000,Miscellaneous,Miscellaneous,null,null
Miscellaneous,776,37000,Miscellaneous,Miscellaneous,null,9993
Miscellaneous,776,37000,Miscellaneous,Miscellaneous,null,9992
Miscellaneous,776,37000,Miscellaneous,Miscellaneous,null,9991
Miscellaneous,776,37000,Miscellaneous,Miscellaneous,null,9989
Miscellaneous,776,37000,Miscellaneous,Miscellaneous,null,9987
Miscellaneous,776,37000,Miscellaneous,Miscellaneous,null,9986
Miscellaneous,776,37000,Miscellaneous,Miscellaneous,null,9985
Miscellaneous,776,37000,Miscellaneous,Miscellaneous,null,9984
Miscellaneous,776,37000,Miscellaneous,Miscellaneous,null,9983
Miscellaneous,776,37000,Miscellaneous,Miscellaneous,null,9982
Miscellaneous,776,37000,Miscellaneous,Miscellaneous,null,9980
Miscellaneous,776,37000,Miscellaneous,Miscellaneous,null,9975
Miscellaneous,776,37000,Miscellaneous,Miscellaneous,null,9971
Miscellaneous,776,37000,Miscellaneous,Miscellaneous,null,9970
Miscellaneous,776,37000,Miscellaneous,Miscellaneous,null,9968
Miscellaneous,776,37000,Miscellaneous,Miscellaneous,null,9967
Miscellaneous,776,37000,Miscellaneous,Miscellaneous,null,9966
Miscellaneous,776,37000,Miscellaneous,Miscellaneous,null,9965
Miscellaneous,776,37000,Miscellaneous,Miscellaneous,null,9962
Miscellaneous,776,37000,Miscellaneous,Miscellaneous,null,9961
Miscellaneous,776,37000,Miscellaneous,Miscellaneous,null,9960
Miscellaneous,776,37000,Miscellaneous,Miscellaneous,null,9950
Miscellaneous,776,37000,Miscellaneous,Miscellaneous,null,9769
Miscellaneous,776,37000,Miscellaneous,Miscellaneous,null,9768
Miscellaneous,776,37000,Miscellaneous,Miscellaneous,null,9767
Miscellaneous,776,37000,Miscellaneous,Miscellaneous,null,9766
Miscellaneous,776,37000,Miscellaneous,Miscellaneous,null,9765
Miscellaneous,776,37000,Miscellaneous,Miscellaneous,null,9764
Miscellaneous,776,37000,Miscellaneous,Miscellaneous,null,9763
Miscellaneous,776,37000,Miscellaneous,Miscellaneous,null,9762
Miscellaneous,776,37000,Miscellaneous,Miscellaneous,null,9761
Miscellaneous,776,37000,Miscellaneous,Miscellaneous,null,9760
Miscellaneous,776,37000,Miscellaneous,Miscellaneous,null,9759
Miscellaneous,776,37000,Miscellaneous,Miscellaneous,null,9758
Miscellaneous,776,37000,Miscellaneous,Miscellaneous,null,9757
Miscellaneous,776,37000,Miscellaneous,Miscellaneous,null,9756
Miscellaneous,776,37000,Miscellaneous,Miscellaneous,null,9755
Miscellaneous,776,37000,Miscellaneous,Miscellaneous,null,9754
Miscellaneous,776,37000,Miscellaneous,Miscellaneous,null,9753
Miscellaneous,776,37000,Miscellaneous,Miscellaneous,null,9752
Miscellaneous,776,37000,Miscellaneous,Miscellaneous,null,9751
Miscellaneous,776,37000,Miscellaneous,Miscellaneous,null,9750
Miscellaneous,776,37000,Miscellaneous,Miscellaneous,null,9749
Miscellaneous,776,37000,Miscellaneous,Miscellaneous,null,9741
Miscellaneous,776,37000,Miscellaneous,Miscellaneous,null,9740
Miscellaneous,777,37000,Miscellaneous,Miscellaneous,null,null
Miscellaneous,777,37000,Miscellaneous,Miscellaneous,null,9993
Miscellaneous,777,37000,Miscellaneous,Miscellaneous,null,9992
Miscellaneous,777,37000,Miscellaneous,Miscellaneous,null,9991
Miscellaneous,777,37000,Miscellaneous,Miscellaneous,null,9989
Miscellaneous,777,37000,Miscellaneous,Miscellaneous,null,9987
Miscellaneous,777,37000,Miscellaneous,Miscellaneous,null,9986
Miscellaneous,777,37000,Miscellaneous,Miscellaneous,null,9985
Miscellaneous,777,37000,Miscellaneous,Miscellaneous,null,9984
Miscellaneous,777,37000,Miscellaneous,Miscellaneous,null,9983
Miscellaneous,777,37000,Miscellaneous,Miscellaneous,null,9982
Miscellaneous,777,37000,Miscellaneous,Miscellaneous,null,9980
Miscellaneous,777,37000,Miscellaneous,Miscellaneous,null,9975
Miscellaneous,777,37000,Miscellaneous,Miscellaneous,null,9971
Miscellaneous,777,37000,Miscellaneous,Miscellaneous,null,9970
Miscellaneous,777,37000,Miscellaneous,Miscellaneous,null,9968
Miscellaneous,777,37000,Miscellaneous,Miscellaneous,null,9967
Miscellaneous,777,37000,Miscellaneous,Miscellaneous,null,9966
Miscellaneous,777,37000,Miscellaneous,Miscellaneous,null,9965
Miscellaneous,777,37000,Miscellaneous,Miscellaneous,null,9962
Miscellaneous,777,37000,Miscellaneous,Miscellaneous,null,9961
Miscellaneous,777,37000,Miscellaneous,Miscellaneous,null,9960
Miscellaneous,777,37000,Miscellaneous,Miscellaneous,null,9950
Miscellaneous,777,37000,Miscellaneous,Miscellaneous,null,9769
Miscellaneous,777,37000,Miscellaneous,Miscellaneous,null,9768
Miscellaneous,777,37000,Miscellaneous,Miscellaneous,null,9767
Miscellaneous,777,37000,Miscellaneous,Miscellaneous,null,9766
Miscellaneous,777,37000,Miscellaneous,Miscellaneous,null,9765
Miscellaneous,777,37000,Miscellaneous,Miscellaneous,null,9764
Miscellaneous,777,37000,Miscellaneous,Miscellaneous,null,9763
Miscellaneous,777,37000,Miscellaneous,Miscellaneous,null,9762
Miscellaneous,777,37000,Miscellaneous,Miscellaneous,null,9761
Miscellaneous,777,37000,Miscellaneous,Miscellaneous,null,9760
Miscellaneous,777,37000,Miscellaneous,Miscellaneous,null,9759
Miscellaneous,777,37000,Miscellaneous,Miscellaneous,null,9758
Miscellaneous,777,37000,Miscellaneous,Miscellaneous,null,9757
Miscellaneous,777,37000,Miscellaneous,Miscellaneous,null,9756
Miscellaneous,777,37000,Miscellaneous,Miscellaneous,null,9755
Miscellaneous,777,37000,Miscellaneous,Miscellaneous,null,9754
Miscellaneous,777,37000,Miscellaneous,Miscellaneous,null,9753
Miscellaneous,777,37000,Miscellaneous,Miscellaneous,null,9752
Miscellaneous,777,37000,Miscellaneous,Miscellaneous,null,9751
Miscellaneous,777,37000,Miscellaneous,Miscellaneous,null,9750
Miscellaneous,777,37000,Miscellaneous,Miscellaneous,null,9749
Miscellaneous,777,37000,Miscellaneous,Miscellaneous,null,9741
Miscellaneous,777,37000,Miscellaneous,Miscellaneous,null,9740
Miscellaneous,778,37000,Miscellaneous,Miscellaneous,null,null
Miscellaneous,778,37000,Miscellaneous,Miscellaneous,null,9993
Miscellaneous,778,37000,Miscellaneous,Miscellaneous,null,9992
Miscellaneous,778,37000,Miscellaneous,Miscellaneous,null,9991
Miscellaneous,778,37000,Miscellaneous,Miscellaneous,null,9989
Miscellaneous,778,37000,Miscellaneous,Miscellaneous,null,9987
Miscellaneous,778,37000,Miscellaneous,Miscellaneous,null,9986
Miscellaneous,778,37000,Miscellaneous,Miscellaneous,null,9985
Miscellaneous,778,37000,Miscellaneous,Miscellaneous,null,9984
Miscellaneous,778,37000,Miscellaneous,Miscellaneous,null,9983
Miscellaneous,778,37000,Miscellaneous,Miscellaneous,null,9982
Miscellaneous,778,37000,Miscellaneous,Miscellaneous,null,9980
Miscellaneous,778,37000,Miscellaneous,Miscellaneous,null,9975
Miscellaneous,778,37000,Miscellaneous,Miscellaneous,null,9971
Miscellaneous,778,37000,Miscellaneous,Miscellaneous,null,9970
Miscellaneous,778,37000,Miscellaneous,Miscellaneous,null,9968
Miscellaneous,778,37000,Miscellaneous,Miscellaneous,null,9967
Miscellaneous,778,37000,Miscellaneous,Miscellaneous,null,9966
Miscellaneous,778,37000,Miscellaneous,Miscellaneous,null,9965
Miscellaneous,778,37000,Miscellaneous,Miscellaneous,null,9962
Miscellaneous,778,37000,Miscellaneous,Miscellaneous,null,9961
Miscellaneous,778,37000,Miscellaneous,Miscellaneous,null,9960
Miscellaneous,778,37000,Miscellaneous,Miscellaneous,null,9950
Miscellaneous,778,37000,Miscellaneous,Miscellaneous,null,9769
Miscellaneous,778,37000,Miscellaneous,Miscellaneous,null,9768
Miscellaneous,778,37000,Miscellaneous,Miscellaneous,null,9767
Miscellaneous,778,37000,Miscellaneous,Miscellaneous,null,9766
Miscellaneous,778,37000,Miscellaneous,Miscellaneous,null,9765
Miscellaneous,778,37000,Miscellaneous,Miscellaneous,null,9764
Miscellaneous,778,37000,Miscellaneous,Miscellaneous,null,9763
Miscellaneous,778,37000,Miscellaneous,Miscellaneous,null,9762
Miscellaneous,778,37000,Miscellaneous,Miscellaneous,null,9761
Miscellaneous,778,37000,Miscellaneous,Miscellaneous,null,9760
Miscellaneous,778,37000,Miscellaneous,Miscellaneous,null,9759
Miscellaneous,778,37000,Miscellaneous,Miscellaneous,null,9758
Miscellaneous,778,37000,Miscellaneous,Miscellaneous,null,9757
Miscellaneous,778,37000,Miscellaneous,Miscellaneous,null,9756
Miscellaneous,778,37000,Miscellaneous,Miscellaneous,null,9755
Miscellaneous,778,37000,Miscellaneous,Miscellaneous,null,9754
Miscellaneous,778,37000,Miscellaneous,Miscellaneous,null,9753
Miscellaneous,778,37000,Miscellaneous,Miscellaneous,null,9752
Miscellaneous,778,37000,Miscellaneous,Miscellaneous,null,9751
Miscellaneous,778,37000,Miscellaneous,Miscellaneous,null,9750
Miscellaneous,778,37000,Miscellaneous,Miscellaneous,null,9749
Miscellaneous,778,37000,Miscellaneous,Miscellaneous,null,9741
Miscellaneous,778,37000,Miscellaneous,Miscellaneous,null,9740
Miscellaneous,779,37000,Miscellaneous,Miscellaneous,null,null
Miscellaneous,779,37000,Miscellaneous,Miscellaneous,null,9993
Miscellaneous,779,37000,Miscellaneous,Miscellaneous,null,9992
Miscellaneous,779,37000,Miscellaneous,Miscellaneous,null,9991
Miscellaneous,779,37000,Miscellaneous,Miscellaneous,null,9989
Miscellaneous,779,37000,Miscellaneous,Miscellaneous,null,9987
Miscellaneous,779,37000,Miscellaneous,Miscellaneous,null,9986
Miscellaneous,779,37000,Miscellaneous,Miscellaneous,null,9985
Miscellaneous,779,37000,Miscellaneous,Miscellaneous,null,9984
Miscellaneous,779,37000,Miscellaneous,Miscellaneous,null,9983
Miscellaneous,779,37000,Miscellaneous,Miscellaneous,null,9982
Miscellaneous,779,37000,Miscellaneous,Miscellaneous,null,9980
Miscellaneous,779,37000,Miscellaneous,Miscellaneous,null,9975
Miscellaneous,779,37000,Miscellaneous,Miscellaneous,null,9971
Miscellaneous,779,37000,Miscellaneous,Miscellaneous,null,9970
Miscellaneous,779,37000,Miscellaneous,Miscellaneous,null,9968
Miscellaneous,779,37000,Miscellaneous,Miscellaneous,null,9967
Miscellaneous,779,37000,Miscellaneous,Miscellaneous,null,9966
Miscellaneous,779,37000,Miscellaneous,Miscellaneous,null,9965
Miscellaneous,779,37000,Miscellaneous,Miscellaneous,null,9962
Miscellaneous,779,37000,Miscellaneous,Miscellaneous,null,9961
Miscellaneous,779,37000,Miscellaneous,Miscellaneous,null,9960
Miscellaneous,779,37000,Miscellaneous,Miscellaneous,null,9950
Miscellaneous,779,37000,Miscellaneous,Miscellaneous,null,9769
Miscellaneous,779,37000,Miscellaneous,Miscellaneous,null,9768
Miscellaneous,779,37000,Miscellaneous,Miscellaneous,null,9767
Miscellaneous,779,37000,Miscellaneous,Miscellaneous,null,9766
Miscellaneous,779,37000,Miscellaneous,Miscellaneous,null,9765
Miscellaneous,779,37000,Miscellaneous,Miscellaneous,null,9764
Miscellaneous,779,37000,Miscellaneous,Miscellaneous,null,9763
Miscellaneous,779,37000,Miscellaneous,Miscellaneous,null,9762
Miscellaneous,779,37000,Miscellaneous,Miscellaneous,null,9761
Miscellaneous,779,37000,Miscellaneous,Miscellaneous,null,9760
Miscellaneous,779,37000,Miscellaneous,Miscellaneous,null,9759
Miscellaneous,779,37000,Miscellaneous,Miscellaneous,null,9758
Miscellaneous,779,37000,Miscellaneous,Miscellaneous,null,9757
Miscellaneous,779,37000,Miscellaneous,Miscellaneous,null,9756
Miscellaneous,779,37000,Miscellaneous,Miscellaneous,null,9755
Miscellaneous,779,37000,Miscellaneous,Miscellaneous,null,9754
Miscellaneous,779,37000,Miscellaneous,Miscellaneous,null,9753
Miscellaneous,779,37000,Miscellaneous,Miscellaneous,null,9752
Miscellaneous,779,37000,Miscellaneous,Miscellaneous,null,9751
Miscellaneous,779,37000,Miscellaneous,Miscellaneous,null,9750
Miscellaneous,779,37000,Miscellaneous,Miscellaneous,null,9749
Miscellaneous,779,37000,Miscellaneous,Miscellaneous,null,9741
Miscellaneous,779,37000,Miscellaneous,Miscellaneous,null,9740
